precision,accuracy,recall,duration,f1,auc
0.8613095238095237,0.8053097345132744,0.7474143993599712,18.60940194129944,0.7844474615201195,0.8709791194871167
