precision,accuracy,recall,duration,f1,auc
0.5725392886683209,0.8136363636363636,0.6507605388961322,24.55095934867859,0.6063492063492063,0.946104513901124
