precision,accuracy,recall,duration,f1,auc
0.8963414634146342,0.9227272727272727,0.9451612903225807,287.51802277565,0.9131666318404494,0.0
