precision,accuracy,recall,duration,f1,auc
0.8848484848484848,0.8909090909090909,0.8466501240694789,798.6791839599609,0.8625,0.04982630272952854
