precision,accuracy,recall,duration,f1,auc
0.9174737691686844,0.8812785388127854,0.8073380867498514,15.558152198791504,0.8402356902356902,0.04456327985739751
