precision,accuracy,recall,duration,f1,auc
0.7935606060606061,0.8227272727272728,0.8384615384615385,69.57118368148804,0.804604768736763,0.11553349875930521
