precision,accuracy,recall,duration,f1,auc
0.5162037037037037,0.6940639269406392,0.5010398098633393,7073.516236782074,0.4237068457641099,0.34214695979401866
