precision,accuracy,recall,duration,f1,auc
0.35091743119266056,0.6954545454545454,0.4935483870967742,129.68086314201355,0.41018766756032177,0.4649131513647643
