precision,accuracy,recall,duration,f1,auc
0.6954876954876955,0.7488584474885844,0.7004433900985626,55.89377403259277,0.6973338470299382,0.8574020729193143
