precision,accuracy,recall,duration,f1,auc
0.6308549150654413,0.4727272727272727,0.5946028166367149,1221.1741409301758,0.5097034146495018,0.8235855151109388
