precision,accuracy,recall,duration,f1,auc
0.8418812825592487,0.8,0.6600389863547759,198.51311016082764,0.6645743231625865,0.8672583826429981
