precision,accuracy,recall,duration,f1,auc
0.8005882352941176,0.8227272727272728,0.7535980148883374,51.7036566734314,0.7704347826086957,0.10302729528535981
