val_loss,val_acc,loss,acc,lr
4.731917984988717,0.7064220187587475,4.596657907728348,0.6838124058069872,0.009999999776482582
4.731917984988717,0.7064220187587475,4.803728910689996,0.7019667171854835,0.009999999776482582
4.731917984988717,0.7064220187587475,4.803728903656467,0.7019667179068712,0.009999999776482582
4.731917984988717,0.7064220187587475,4.803728918805605,0.7019667175461773,0.009999999776482582
4.731917984988717,0.7064220187587475,4.803728978320077,0.7019667174560039,0.009999999776482582
4.731917984988717,0.7064220187587475,4.8037289325119685,0.7019667178166976,0.009999999776482582
4.731917984988717,0.7064220187587475,4.8037288827362294,0.7019667172305702,0.009999999776482582
4.731917984988717,0.7064220187587475,4.803728907263405,0.7019667175461773,0.009999999776482582
4.731917984988717,0.7064220187587475,4.8037289440541695,0.7019667178166976,0.009999999776482582
4.731917984988717,0.7064220187587475,4.803728901492305,0.7019667176363508,0.009999999776482582
4.731917984988717,0.7064220187587475,4.803728903656467,0.7019667177265242,0.009999999776482582
4.731917984988717,0.7064220187587475,4.803728892114267,0.7019667179068712,0.004999999888241291
4.731917984988717,0.7064220187587475,4.803728915198668,0.7019667177265242,0.004999999888241291
4.731917984988717,0.7064220187587475,4.803728907263405,0.7019667175461773,0.004999999888241291
4.731917984988717,0.7064220187587475,4.803728903656467,0.7019667177265242,0.004999999888241291
4.731917984988717,0.7064220187587475,4.803728920609075,0.7019667174560039,0.004999999888241291
