precision,accuracy,recall,duration,f1,auc
0.9794638800545207,0.9823008849557522,0.9794638800545207,456.1178731918335,0.9794638800545207,0.002453430258973197
