precision,accuracy,recall,duration,f1,auc
0.6255705705705705,0.6301369863013698,0.5447838120251913,898.50372838974,0.5229532913838418,0.7308952761538968
