precision,accuracy,recall,duration,f1,auc
0.665940940940941,0.6181818181818182,0.6699496106275767,2129.27916264534,0.6149756274263781,0.8468186569881485
