precision,accuracy,recall,duration,f1,auc
0.5342465753424658,0.7954545454545454,0.6302477183833116,16.210420846939087,0.5779534475186648,0.7696107450344738
