precision,accuracy,recall,duration,f1,auc
0.5392628205128206,0.7681818181818182,0.6136752136752137,19.18553900718689,0.5708038731294546,0.7843425954761988
