precision,accuracy,recall,duration,f1,auc
0.8133835451533521,0.8356164383561644,0.8860623946830843,684.2956879138947,0.8286892975011787,0.9832716729268453
