precision,accuracy,recall,duration,f1,auc
0.8521411257743066,0.8818181818181818,0.8893300248138958,94.83635973930359,0.8658033033033034,0.05181141439205955
