precision,accuracy,recall,duration,f1,auc
0.9122340425531915,0.85,0.7461538461538462,5.89180064201355,0.7817919509482734,0.01568238213399504
