precision,accuracy,recall,duration,f1,auc
0.8289473684210527,0.8590909090909091,0.837468982630273,39.7315833568573,0.8329700472680072,0.09161290322580645
