precision,accuracy,recall,duration,f1,auc
0.5526803118908382,0.6636363636363637,0.4962014165403996,1266.1995685100555,0.4864798775435153,0.7412952065494438
