precision,accuracy,recall,duration,f1,auc
0.23478927203065134,0.4090909090909091,0.3334083070925176,807.6426675319672,0.27262491837240205,0.5992410348685652
