val_loss,val_acc,loss,acc,lr
1.192556272399911,0.19457013574660634,1.225677937807807,0.1716867469879518,9.999999974752427e-07
1.0438848971241739,0.5384615384615384,1.0721439510942943,0.4036144578313253,9.999999974752427e-07
0.9919722650655255,0.6199095022624435,0.9859645266130747,0.5677710843373494,9.999999974752427e-07
1.1372618265955696,0.497737556561086,0.9106211929795254,0.6370481927710844,9.999999974752427e-07
1.2621872414375457,0.43891402714932126,0.8701040171176554,0.6445783132530121,9.999999974752427e-07
1.371588290795448,0.4434389140271493,0.8354314579123474,0.6641566265060241,9.999999974752427e-07
1.5197789349310875,0.4660633484162896,0.8190306823206953,0.677710843373494,9.999999974752427e-07
1.5545167920555776,0.45248868778280543,0.8041586406439184,0.677710843373494,9.999999974752427e-07
1.9415308243012461,0.4841628959276018,0.7845214542046369,0.7063253012048193,9.999999974752427e-07
1.4682865042494382,0.45248868778280543,0.7528569847794182,0.6957831325301205,9.999999974752427e-07
1.282745941057991,0.4343891402714932,0.7334380687988666,0.7078313253012049,9.999999974752427e-07
1.5899433441503854,0.45248868778280543,0.743201428418418,0.6867469879518072,9.999999974752427e-07
1.5540742194664567,0.46153846153846156,0.7020165884351156,0.733433734939759,9.999999974752427e-07
1.6541919750477199,0.4660633484162896,0.7184253343526857,0.7319277108433735,1.0000000116860974e-07
1.469500759989708,0.45248868778280543,0.6923936648990017,0.7364457831325302,1.0000000116860974e-07
1.6114172073078765,0.46153846153846156,0.6914106915783451,0.7304216867469879,1.0000000116860974e-07
1.5108677102480668,0.45248868778280543,0.7010195303753198,0.7243975903614458,1.0000000116860974e-07
1.6203448945962997,0.45701357466063347,0.7230491476604738,0.7063253012048193,1.0000000116860974e-07
