precision,accuracy,recall,duration,f1,auc
0.7064917233612564,0.7579908675799086,0.6913473034162689,26.989527463912964,0.6981612916691221,0.8665511122407675
