precision,accuracy,recall,duration,f1,auc
0.49697592148807485,0.75,0.615954415954416,10.395959377288818,0.547718492220946,0.804452864574322
