precision,accuracy,recall,duration,f1,auc
0.5431370426499242,0.6454545454545455,0.5025491078122657,169.09269332885742,0.5069557952853146,0.7173033668985086
