precision,accuracy,recall,duration,f1,auc
0.4246084102980479,0.6415929203539823,0.47879366595050527,540.4232366085052,0.4423751686909582,0.6243464758623508
