precision,accuracy,recall,duration,f1,auc
0.4987878787878788,0.6757990867579908,0.5188958551027517,63.77599740028381,0.49623675706630666,0.7182607764504315
