precision,accuracy,recall,duration,f1,auc
0.05457227138643068,0.16371681415929204,0.3333333333333333,1008.1747879981995,0.09378960709759189,0.5223493964243546
