precision,accuracy,recall,duration,f1,auc
0.5972665248981038,0.6318181818181818,0.6050659525235796,207.66466116905212,0.5703258145363408,0.848926436214572
