val_loss,val_acc,loss,acc,lr
4.770378090875572,0.7040358744394619,4.854657135611214,0.6933534743202417,0.009999999776482582
4.770378090875572,0.7040358744394619,4.8938628280270855,0.6963746223564955,0.009999999776482582
4.770378090875572,0.7040358744394619,4.893862829107533,0.6963746223564955,0.009999999776482582
4.770378090875572,0.7040358744394619,4.893862829467682,0.6963746223564955,0.009999999776482582
4.770378090875572,0.7040358744394619,4.89386283018798,0.6963746223564955,0.009999999776482582
4.770378090875572,0.7040358744394619,4.8938628319887245,0.6963746223564955,0.009999999776482582
4.770378090875572,0.7040358744394619,4.893862832709023,0.6963746223564955,0.0009999999310821295
4.770378090875572,0.7040358744394619,4.893862829107532,0.6963746223564955,0.0009999999310821295
4.770378090875572,0.7040358744394619,4.893862836310511,0.6963746223564955,0.0009999999310821295
4.770378090875572,0.7040358744394619,4.89386282658649,0.6963746223564955,0.0009999999310821295
4.770378090875572,0.7040358744394619,4.893862829467682,0.6963746223564955,0.0009999999310821295
4.770378090875572,0.7040358744394619,4.893862828747383,0.6963746223564955,9.99999901978299e-05
4.770378090875572,0.7040358744394619,4.893862827666937,0.6963746223564955,9.99999901978299e-05
4.770378090875572,0.7040358744394619,4.893862829827832,0.6963746223564955,9.99999901978299e-05
4.770378090875572,0.7040358744394619,4.893862833069171,0.6963746223564955,9.99999901978299e-05
4.770378090875572,0.7040358744394619,4.8938628305481275,0.6963746223564955,9.99999901978299e-05
