precision,accuracy,recall,duration,f1,auc
0.8839631782945736,0.8772727272727273,0.8146401985111662,79.88435459136963,0.8392465697816026,0.07205955334987593
