precision,accuracy,recall,duration,f1,auc
0.525140056022409,0.7256637168141593,0.5586456592663325,1147.4883852005005,0.5292906095071449,0.7445384630273626
