precision,accuracy,recall,duration,f1,auc
0.3493150684931507,0.6986301369863014,0.5,46.37277126312256,0.41129032258064513,0.06436918201624084
