precision,accuracy,recall,duration,f1,auc
0.6982348637278215,0.7397260273972602,0.7146464646464646,1647.583066701889,0.7040891312077753,0.29921766686472573
