val_loss,val_acc,loss,acc,lr
5.032346736252038,0.6877827881687907,4.210082523614528,0.6852409574820335,0.009999999776482582
5.032346736252038,0.6877827881687907,4.806299552141902,0.7018072201185915,0.009999999776482582
5.032346736252038,0.6877827881687907,4.8062995535781585,0.7018072274794062,0.009999999776482582
5.032346736252038,0.6877827881687907,4.806299603129008,0.7018072289156626,0.009999999776482582
5.032346736252038,0.6877827881687907,4.806299555732544,0.7018072229911045,0.009999999776482582
5.032346736252038,0.6877827881687907,4.806299694331296,0.7018072319677077,0.009999999776482582
5.032346736252038,0.6877827881687907,4.806299694331296,0.7018072319677077,0.001999999862164259
5.032346736252038,0.6877827881687907,4.806299624672855,0.7018072215548481,0.001999999862164259
5.032346736252038,0.6877827881687907,4.8062995535781585,0.7018072274794062,0.001999999862164259
5.032346736252038,0.6877827881687907,4.806299623236598,0.7018072378922657,0.001999999862164259
5.032346736252038,0.6877827881687907,4.806299672069319,0.7018072215548481,0.001999999862164259
5.032346736252038,0.6877827881687907,4.806299623236598,0.7018072260431496,0.0003999999607913196
5.032346736252038,0.6877827881687907,4.80629957727639,0.7018072274794062,0.0003999999607913196
5.032346736252038,0.6877827881687907,4.80629974172776,0.7018072201185915,0.0003999999607913196
5.032346736252038,0.6877827881687907,4.806299650525472,0.7018072289156626,0.0003999999607913196
5.032346736252038,0.6877827881687907,4.806299624672855,0.7018072393285223,0.0003999999607913196
