precision,accuracy,recall,duration,f1,auc
0.47531325201228114,0.7181818181818181,0.596045197740113,5.140881061553955,0.5217662951705505,0.8620911002266934
