val_loss,val_acc,loss,acc,lr
1.0683714895766245,0.3846153847839498,1.1151566160730568,0.5015060240963856,0.0010000000474974513
1.01119496811569,0.5248868778280543,0.9722719896270569,0.536144578313253,0.0010000000474974513
0.8571354814244612,0.6651583712092891,0.8682514658893448,0.6280120481927711,0.0010000000474974513
0.9000873328334066,0.6199095024310086,0.847806577222893,0.6219879518072289,0.0010000000474974513
0.9094267452464384,0.6606334843314611,0.7016959524298289,0.7063253012048193,0.0010000000474974513
1.0018723302297463,0.5972850680418683,0.7668633443045328,0.661144578313253,0.0010000000474974513
0.9807356005340679,0.6108597286753525,0.6315669352749744,0.733433734939759,0.0010000000474974513
1.2937847780426164,0.5701357467749,0.6160198967140841,0.7424698795180723,0.0010000000474974513
1.3247743526734916,0.5565610861414159,0.6438214154128569,0.7349397590361446,0.0010000000474974513
1.9105741954766786,0.5882352942862122,0.5693510526634125,0.7484939759036144,0.0010000000474974513
1.705672077598615,0.5656108598970719,0.5995343255709453,0.7259036144578314,0.0010000000474974513
2.408815931555672,0.5791855205305562,0.5306663314800665,0.7710843373493976,0.0010000000474974513
1.4365317152636083,0.574660633652728,0.5216265496719314,0.7816265060240963,0.0010000000474974513
1.5125537986669066,0.5520361992635878,0.46020377256784095,0.7876506024096386,0.00020000000949949026
1.5973589371771835,0.5520361992635878,0.4144895139587931,0.8192771084337349,0.00020000000949949026
1.702718023800742,0.5565610861414159,0.42180844566908227,0.7996987951807228,0.00020000000949949026
1.6665591314367578,0.5475113123857598,0.3934598988797291,0.838855421686747,0.00020000000949949026
1.746088582466091,0.5565610861414159,0.3962524414780628,0.8358433734939759,0.00020000000949949026
