precision,accuracy,recall,duration,f1,auc
0.9647626874871584,0.9634703196347032,0.9480095068330363,51.48642873764038,0.9558467741935484,0.005545652604476119
