precision,accuracy,recall,duration,f1,auc
0.7113970588235294,0.7318181818181818,0.5684863523573201,273.13191866874695,0.5536297671859418,0.1574193548387097
