precision,accuracy,recall,duration,f1,auc
0.7974057006315071,0.7909090909090909,0.6729528535980149,736.838089466095,0.6935562015503876,0.4807940446650124
