precision,accuracy,recall,duration,f1,auc
0.5154320987654321,0.5545454545454546,0.35384615384615387,889.6940605640411,0.27417628511093756,0.7853483209415413
