precision,accuracy,recall,duration,f1,auc
0.8422764227642277,0.7636363636363637,0.6044665012406948,733.8177173137665,0.6027777777777779,0.18233250620347397
