precision,accuracy,recall,duration,f1,auc
0.9454022988505747,0.9136363636363637,0.8538461538461539,574.4892792701721,0.8855390344752047,0.006550868486352357
