precision,accuracy,recall,duration,f1,auc
0.1787878787878788,0.5363636363636364,0.3333333333333333,43.02409362792969,0.23274161735700197,0.6468069112136908
