precision,accuracy,recall,duration,f1,auc
0.7375370972750366,0.7454545454545455,0.7838472109658552,345.82754373550415,0.7257778278226762,0.9522211259499395
