precision,accuracy,recall,duration,f1,auc
0.17727272727272728,0.5318181818181819,0.3333333333333333,170.53906440734863,0.23145400593471813,0.7290557920112576
