precision,accuracy,recall,duration,f1,auc
0.548670465337132,0.740909090909091,0.5760683760683761,55.84027361869812,0.5516037128940354,0.7934242245983136
