val_loss,val_acc,loss,acc,lr
0.9706684680006623,0.5248868778280543,0.984412563852517,0.5376506024096386,9.999999747378752e-06
0.9200694194206824,0.6108597286753525,0.846295995884631,0.6942771084337349,9.999999747378752e-06
0.9127206737639139,0.5837104074083842,0.7043907154037292,0.7786144578313253,9.999999747378752e-06
0.9723986543681287,0.5837104074083842,0.6002390323633171,0.7725903614457831,9.999999747378752e-06
1.0444180733477908,0.5882352942862122,0.5486751830721476,0.7725903614457831,9.999999747378752e-06
1.0758121687902045,0.5927601811640403,0.533929705619812,0.7756024096385542,9.999999747378752e-06
1.1189797749886146,0.5927601811640403,0.5265596982944443,0.7695783132530121,9.999999747378752e-06
1.1242578871109907,0.5882352942862122,0.5136927581695189,0.7725903614457831,9.999999747378752e-06
1.1499124010224149,0.5882352942862122,0.5032491949667414,0.7756024096385542,9.999999747378752e-06
1.145826193811667,0.5791855205305562,0.49324978654643137,0.7786144578313253,9.999999747378752e-06
1.144746146051053,0.5927601811640403,0.48983996567955934,0.7816265060240963,9.999999747378752e-06
1.1364877774165227,0.5927601811640403,0.48447492826415833,0.7846385542168675,9.999999747378752e-06
1.1207153851090512,0.5791855205305562,0.4812111890459635,0.7816265060240963,9.999999747378752e-06
1.1208383314210366,0.5837104074083842,0.4736135706125972,0.7816265060240963,9.999999974752427e-07
1.119669469503256,0.5972850680418683,0.46983121892055835,0.7906626506024096,9.999999974752427e-07
1.1190800286526055,0.6063348417975244,0.4715550789631993,0.7921686746987951,9.999999974752427e-07
1.1193744488970727,0.6063348417975244,0.47200027574975806,0.7876506024096386,9.999999974752427e-07
1.1188476697891545,0.6063348417975244,0.47864862378821316,0.7876506024096386,9.999999974752427e-07
