val_loss,val_acc,loss,acc,lr
1.0127837764842629,0.47982062539712195,1.0905961914725173,0.4924471306296634,0.0010000000474974513
0.8034730705979694,0.7578475314940037,0.922379286627755,0.5770392754646947,0.0010000000474974513
0.8046041884764428,0.6188340783119202,0.7302774484424073,0.6933534735999438,0.0010000000474974513
0.7649881917264963,0.6457399121848991,0.6082286549298785,0.787009064344481,0.0010000000474974513
0.8704126653649882,0.6233183872539366,0.5234000930433187,0.7930513602369141,0.0010000000474974513
0.978845546865677,0.6143497733791847,0.47048710300122865,0.8036253780036534,0.0010000000474974513
0.8875838817502351,0.6188340787128482,0.42823142344497844,0.8141993955903183,0.0010000000474974513
1.300910755657829,0.6098654724557303,0.34530159925586146,0.8640483378283567,0.0010000000474974513
1.2668077052975983,0.6457399081756181,0.22189339248075227,0.9320241686440667,0.0010000000474974513
1.0888566906676698,0.632286994179268,0.10782196604593283,0.9773413897280967,0.0005000000237487257
1.2780845325623926,0.6322869936446972,0.05909985328639022,0.9954682779456193,0.0005000000237487257
1.6025054973337147,0.6053811677902803,0.039181481101451685,0.9969788519637462,0.0005000000237487257
1.5302677838791647,0.6143497740473982,0.02387308742952311,1.0,0.0005000000237487257
1.7713021975461678,0.5964125579248095,0.014005647721810103,1.0,0.0005000000237487257
1.7282359386238817,0.5964125541828138,0.009860997203613697,1.0,0.0002500000118743628
1.7999014897196817,0.587443944317343,0.008546852138107276,1.0,0.0002500000118743628
1.808779264244798,0.5919282492500784,0.00761054847895919,1.0,0.0002500000118743628
1.8290154463507136,0.6008968591155492,0.00660608132338866,1.0,0.0002500000118743628
1.812480443261664,0.6008968591155492,0.005959604750035662,1.0,0.0002500000118743628
