precision,accuracy,recall,duration,f1,auc
0.6728465955701394,0.5454545454545454,0.6195449686975111,2766.0740048885345,0.5740740740740741,0.8106739725383793
