precision,accuracy,recall,duration,f1,auc
0.6,0.4727272727272727,0.5804056990497669,118.38169598579407,0.48086520697985663,0.7218007446821005
