precision,accuracy,recall,duration,f1,auc
0.9105298457411134,0.8447488584474886,0.7182354768561665,25.97415041923523,0.7189957025798339,0.9098251856872547
