precision,accuracy,recall,duration,f1,auc
0.5203720554039025,0.7681818181818182,0.5948717948717949,49.624215602874756,0.551685606060606,0.6419929055522277
