precision,accuracy,recall,duration,f1,auc
0.6260887260887261,0.6318181818181818,0.6391416188026358,47.73268175125122,0.6040137268863289,0.8254707119113899
