precision,accuracy,recall,duration,f1,auc
0.8994444444444445,0.9223744292237442,0.9272133095662507,5.928059816360474,0.9110967834372089,0.017330164388987913
