precision,accuracy,recall,duration,f1,auc
0.752212389380531,0.7522123893805309,0.7926397092230804,25.331846237182617,0.7433484750162233,0.08632439800090869
