precision,accuracy,recall,duration,f1,auc
0.9680481829318089,0.9681818181818181,0.9550868486352357,12.118703365325928,0.9612588362556918,0.00397022332506204
