precision,accuracy,recall,duration,f1,auc
0.5441811674688387,0.8136363636363636,0.6461538461538462,33.378509283065796,0.5905457452220042,0.7734962472250607
