precision,accuracy,recall,duration,f1,auc
0.8631137925255573,0.7636363636363637,0.6203928624981256,200.2583451271057,0.5947768281101614,0.7679931254830041
