precision,accuracy,recall,duration,f1,auc
0.9924242424242424,0.9954545454545455,0.9967741935483871,452.6841809749603,0.9945650831295239,0.0
