val_loss,val_acc,loss,acc,lr
11.34771741772981,0.29596412556053814,2.372417802148214,0.7673716012084593,0.009999999776482582
3.4226492655483414,0.7219730941704036,1.596886937212105,0.8534743202416919,0.009999999776482582
4.941481611849798,0.6143497757847534,1.3921730423346657,0.8580060422960725,0.009999999776482582
1.080541572746914,0.905829596412556,1.3744994956321563,0.8429003021148036,0.009999999776482582
4.531033722007374,0.7040358744394619,0.6268114068083515,0.8746223564954683,0.009999999776482582
0.12101559598005707,0.968609865470852,0.25071019979100473,0.9244712990936556,0.009999999776482582
1.6714128152616305,0.7757847534968714,0.2725524936185691,0.9093655589123867,0.009999999776482582
0.12807962180092103,0.9372197309417041,0.16533188494751944,0.9395770392749244,0.009999999776482582
0.495397124354827,0.8385650224215246,0.17948979794953332,0.9350453172205438,0.009999999776482582
0.22026484469298027,0.9237668161434978,0.15346523744614762,0.9365558912386707,0.009999999776482582
0.3958762450223029,0.8565022424197518,0.12601245686998683,0.9577039274924471,0.009999999776482582
0.7844766311867197,0.8609865470852018,0.10693649558944479,0.9637462235649547,0.0009999999310821295
0.5475475599279807,0.8834080717488789,0.08106737452196211,0.9697885196374623,0.0009999999310821295
0.649290745245681,0.8475336322869955,0.06547878293299082,0.972809667673716,0.0009999999310821295
1.1162832603595387,0.8654708520179372,0.06610643046009819,0.972809667673716,0.0009999999310821295
0.31670583583125217,0.8968609865470852,0.05679327846243429,0.9833836858006042,0.0009999999310821295
0.313278466486174,0.8968609865470852,0.05267965088061548,0.9818731117824774,9.99999901978299e-05
0.3144866038177025,0.8834080717488789,0.04861498969226156,0.9803625377643505,9.99999901978299e-05
0.37836811416782856,0.8834080717488789,0.05653374885506801,0.986404833836858,9.99999901978299e-05
0.3868793301763513,0.874439461883408,0.05755800624403348,0.9803625377643505,9.99999901978299e-05
0.3153316710965235,0.8968609865470852,0.053590121623789864,0.9833836858006042,9.99999901978299e-05
