precision,accuracy,recall,duration,f1,auc
0.5280528052805281,0.6181818181818182,0.4256410256410256,739.4167859554291,0.39041164658634536,0.6686229254025865
