val_loss,val_acc,loss,acc,lr
4.731917990183612,0.7064220303789192,4.387769192682633,0.6656581001995912,0.009999999776482582
4.731917990183612,0.7064220303789192,4.803729073182537,0.70196671420976,0.009999999776482582
4.731917990183612,0.7064220303789192,4.803728931970928,0.7019667156525351,0.009999999776482582
4.731917990183612,0.7064220303789192,4.80372890816514,0.701966709701088,0.009999999776482582
4.731917990183612,0.7064220303789192,4.803728955776717,0.7019667216039822,0.009999999776482582
4.731917990183612,0.7064220303789192,4.803728930347806,0.70196671420976,0.009999999776482582
4.731917990183612,0.7064220303789192,4.803728979582505,0.7019667156525351,0.001999999862164259
4.731917990183612,0.7064220303789192,4.803728860553562,0.701966709701088,0.001999999862164259
4.731917990183612,0.7064220303789192,4.803728931970928,0.7019667156525351,0.001999999862164259
4.731917990183612,0.7064220303789192,4.803728977959383,0.7019667201612071,0.001999999862164259
4.731917990183612,0.7064220303789192,4.80372890816514,0.7019667156525351,0.001999999862164259
4.731917990183612,0.7064220303789192,4.803729050999871,0.7019667156525351,0.0003999999607913196
4.731917990183612,0.7064220303789192,4.803728931970928,0.7019667037496408,0.0003999999607913196
4.731917990183612,0.7064220303789192,4.803728979582505,0.7019667156525351,0.0003999999607913196
4.731917990183612,0.7064220303789192,4.803729050999871,0.7019667156525351,0.0003999999607913196
4.731917990183612,0.7064220303789192,4.803728955776717,0.7019667156525351,0.0003999999607913196
