precision,accuracy,recall,duration,f1,auc
0.9403409090909092,0.9045454545454545,0.8384615384615385,23.539527416229248,0.8719476703899776,0.02640198511166253
