precision,accuracy,recall,duration,f1,auc
0.90625,0.9318181818181818,0.9516129032258065,56.91455364227295,0.9228521332554062,0.00019851116625310225
