precision,accuracy,recall,duration,f1,auc
0.7096653984977075,0.7534246575342466,0.7221186703945325,104.5516746044159,0.7118597928967733,0.8901150366667608
