precision,accuracy,recall,duration,f1,auc
0.6585340997105703,0.6681818181818182,0.6949645864900101,38.43355321884155,0.6472818847818848,0.9096021706191197
