precision,accuracy,recall,duration,f1,auc
0.1765601217656012,0.5296803652968036,0.3333333333333333,56.14275646209717,0.2308457711442786,0.4954954954954955
