val_loss,val_acc,loss,acc,lr
7.541494239360916,0.5321100917431193,7.517542241040818,0.5329341317365269,9.999999747378752e-05
7.541494239360916,0.5321100917431193,7.552341136746778,0.531437125748503,9.999999747378752e-05
7.541494239360916,0.5321100917431193,7.5523411392451765,0.531437125748503,9.999999747378752e-05
7.541494239360916,0.5321100917431193,7.5523411392451765,0.531437125748503,9.999999747378752e-05
7.541494239360916,0.5321100917431193,7.5523411392451765,0.531437125748503,9.999999747378752e-05
7.541494239360916,0.5321100917431193,7.552341142814316,0.531437125748503,9.999999747378752e-05
7.541494239360916,0.5321100917431193,7.552341143171231,0.531437125748503,9.999999747378752e-05
7.541494239360916,0.5321100917431193,7.552341142100488,0.531437125748503,9.999999747378752e-05
7.541494239360916,0.5321100917431193,7.552341139959004,0.531437125748503,9.999999747378752e-05
7.541494239360916,0.5321100917431193,7.552341141029746,0.531437125748503,9.999999747378752e-05
7.541494239360916,0.5321100917431193,7.552341140672832,0.531437125748503,9.999999747378752e-05
7.541494239360916,0.5321100917431193,7.552341140672832,0.531437125748503,1.9999999494757503e-05
7.541494239360916,0.5321100917431193,7.552341141029746,0.531437125748503,1.9999999494757503e-05
7.541494239360916,0.5321100917431193,7.552341141743574,0.531437125748503,1.9999999494757503e-05
7.541494239360916,0.5321100917431193,7.552341144598887,0.531437125748503,1.9999999494757503e-05
7.541494239360916,0.5321100917431193,7.552341144598887,0.531437125748503,1.9999999494757503e-05
