precision,accuracy,recall,duration,f1,auc
0.6893925706933838,0.7534246575342466,0.6975768872320597,414.6141402721405,0.6864012795981823,0.9194855121579261
