precision,accuracy,recall,duration,f1,auc
0.5252394790657625,0.7363636363636363,0.5777777777777778,7.2789552211761475,0.5429742388758783,0.7553444755873905
