precision,accuracy,recall,duration,f1,auc
0.9412014885699096,0.9203539823008849,0.8770558836892322,850.2920680046082,0.9009640666082384,0.0999545661063153
