precision,accuracy,recall,duration,f1,auc
0.6707513733829523,0.7636363636363637,0.682380163736096,663.0677990913391,0.6754548170913903,0.8715957809178149
