precision,accuracy,recall,duration,f1,auc
0.5389139139139139,0.8045454545454546,0.6358974358974359,52.88492798805237,0.5828439712419735,0.8125298049026862
