precision,accuracy,recall,duration,f1,auc
0.49953183520599254,0.6666666666666666,0.4957331940090561,46.4244179725647,0.4718264664356308,0.6901905824319617
