val_loss,val_acc,loss,acc,lr
4.805854215534457,0.7018348623853211,4.873316393284027,0.6946107784431138,0.009999999776482582
4.805854215534457,0.7018348623853211,4.849906009471346,0.6991017964071856,0.009999999776482582
4.805854215534457,0.7018348623853211,4.849906009471345,0.6991017964071856,0.009999999776482582
4.805854215534457,0.7018348623853211,4.849906009114432,0.6991017964071856,0.009999999776482582
4.805854215534457,0.7018348623853211,4.849906007329862,0.6991017964071856,0.009999999776482582
4.805854215534457,0.7018348623853211,4.849906005902206,0.6991017964071856,0.009999999776482582
4.805854215534457,0.7018348623853211,4.849906009471346,0.6991017964071856,0.009999999776482582
4.805854215534457,0.7018348623853211,4.849906010185173,0.6991017964071856,0.009999999776482582
4.805854215534457,0.7018348623853211,4.849906008757518,0.6991017964071856,0.009999999776482582
4.805854215534457,0.7018348623853211,4.849906007329862,0.6991017964071856,0.009999999776482582
4.805854215534457,0.7018348623853211,4.849906007329862,0.6991017964071856,0.009999999776482582
4.805854215534457,0.7018348623853211,4.849906009471346,0.6991017964071856,0.001999999862164259
4.805854215534457,0.7018348623853211,4.849906008757518,0.6991017964071856,0.001999999862164259
4.805854215534457,0.7018348623853211,4.849906009114432,0.6991017964071856,0.001999999862164259
4.805854215534457,0.7018348623853211,4.849906008400604,0.6991017964071856,0.001999999862164259
4.805854215534457,0.7018348623853211,4.849906009114432,0.6991017964071856,0.001999999862164259
