precision,accuracy,recall,duration,f1,auc
0.7337126282909415,0.7772727272727272,0.707940446650124,19.87253427505493,0.7177936595198826,0.13796526054590572
