precision,accuracy,recall,duration,f1,auc
0.8660287081339713,0.7442922374429224,0.5757575757575758,63.658164501190186,0.5542308810700786,0.06318082788671023
