precision,accuracy,recall,duration,f1,auc
0.886356200239939,0.8761061946902655,0.82189913675602,57.09652495384216,0.8444138473642802,0.026987732848705134
