precision,accuracy,recall,duration,f1,auc
0.8536842105263158,0.776255707762557,0.6330956625074272,909.0808789730072,0.6423596067322113,0.11942959001782529
