precision,accuracy,recall,duration,f1,auc
0.9069148936170213,0.8401826484018264,0.7348484848484849,206.9693500995636,0.7682679807721378,0.02168746286393345
