precision,accuracy,recall,duration,f1,auc
0.5157332128876845,0.7181818181818181,0.5572649572649572,1464.3520333766937,0.5266505178583889,0.8343420187549743
