precision,accuracy,recall,duration,f1,auc
0.34292035398230086,0.6858407079646017,0.5,36.86713647842407,0.4068241469816273,0.355474784189005
