val_loss,val_acc,loss,acc,lr
0.7308203802196258,0.7018348627954448,0.5597061585189715,0.717095310677198,9.999999747378752e-05
0.6529036765798516,0.6743119282459994,0.4567453474392509,0.7806354015389296,9.999999747378752e-05
0.6371137149837038,0.7110091756790056,0.3955198111584616,0.8184568840508742,9.999999747378752e-05
0.6278928288626014,0.6559633027522935,0.36275766539681875,0.8441754920399676,9.999999747378752e-05
0.5544752330955015,0.7477064192841906,0.31398138047707425,0.8653555221168068,9.999999747378752e-05
0.5662743790980873,0.761467888267762,0.2848771270843569,0.8819969743715653,9.999999747378752e-05
0.5319522102491572,0.7798165110273099,0.2194289604762679,0.9349470500145305,9.999999747378752e-05
0.6388970811022531,0.7706422029285256,0.19220462664623664,0.948562783751293,9.999999747378752e-05
0.611977397438583,0.7889908284222314,0.18332972486873977,0.945537065233297,9.999999747378752e-05
0.6728512552148158,0.7706422029285256,0.1492110189619656,0.95612708036189,9.999999747378752e-05
0.5603683207423316,0.8119266060514188,0.12819332804153258,0.962178517397882,9.999999747378752e-05
0.646896996048339,0.7981651403488369,0.13225632254456968,0.9667170953101362,9.999999747378752e-05
0.6823586274980815,0.7844036697247706,0.10103528703169816,0.9818456883509834,9.999999747378752e-05
0.6083024634270493,0.8119266027704292,0.0862360415689974,0.983358547655068,9.999999747378752e-05
0.6062906702655718,0.8165137581869003,0.08331600328662211,0.983358547655068,9.999999747378752e-05
0.6690353908909297,0.8165137625615532,0.06646119967756763,0.9939485627836612,9.999999747378752e-05
0.7236875218484516,0.8211009190716875,0.05717899844208211,0.9954614220877458,9.999999747378752e-05
0.6830898701990826,0.8211009146970346,0.05165230228076724,1.0,9.999999747378752e-06
0.7100684471650545,0.825688071207169,0.05008500264379873,0.9984871406959153,9.999999747378752e-06
0.6895412672909165,0.8302752266236402,0.04936664906272639,0.9969742813918305,9.999999747378752e-06
0.7046187016173103,0.8302752304514613,0.04888254176943638,1.0,9.999999747378752e-06
0.6874060453676166,0.8211009146970346,0.04824807363000111,0.9984871406959153,9.999999747378752e-06
