precision,accuracy,recall,duration,f1,auc
0.9057566877776728,0.9272727272727272,0.9260545905707196,73.1936137676239,0.9148606811145511,0.02253101736972705
