precision,accuracy,recall,duration,f1,auc
0.5447382478632479,0.7863636363636364,0.6199913081269014,204.0211308002472,0.5768120862332371,0.6778803575413744
