precision,accuracy,recall,duration,f1,auc
0.9094017094017094,0.867579908675799,0.7846108140225787,788.3502795696259,0.8183612183612183,0.03574965339671221
