precision,accuracy,recall,duration,f1,auc
0.5168988648090815,0.7681818181818182,0.6045584045584046,4.317328691482544,0.5556828875161882,0.7657294946768632
