val_loss,val_acc,loss,acc,lr
0.7158373572707716,0.6289592761529517,0.6060420946184412,0.7394578313253012,0.0010000000474974513
0.5370764064842759,0.7782805429864253,0.41337258198175086,0.7846385542168675,0.0010000000474974513
0.5795894094334064,0.7601809957448173,0.34463305344962214,0.8418674698795181,0.0010000000474974513
0.5472833442404799,0.7873303170117857,0.3128649238721434,0.8704819277108434,0.0010000000474974513
0.533542941492978,0.8009049776452699,0.24285563521356468,0.9051204819277109,0.0010000000474974513
0.6215651934372253,0.7828054301339576,0.24405690471091904,0.9021084337349398,0.0010000000474974513
0.40887638573362006,0.8144796380090498,0.20195522760770407,0.9126506024096386,0.0010000000474974513
0.5848105404227318,0.7918552038896137,0.15913273555686674,0.9352409638554217,0.0010000000474974513
0.7485697647294333,0.7692307695004735,0.17483930298721934,0.927710843373494,0.0010000000474974513
0.5788875468948653,0.7918552036199095,0.2015998512506485,0.9262048192771084,0.0010000000474974513
0.859607914780589,0.7647058826226455,0.22163914853190803,0.8990963855421686,0.0010000000474974513
0.459037297151928,0.8687782808126907,0.15712935540331416,0.9367469879518072,0.0010000000474974513
1.0870658711437624,0.7692307695004735,0.12351079896675894,0.9503012048192772,0.0010000000474974513
0.8726138777730484,0.7782805432561296,0.1349432897271521,0.9442771084337349,0.0010000000474974513
0.5339707397756787,0.8144796380090498,0.2835083645151322,0.8810240963855421,0.0010000000474974513
0.5713822501585123,0.814479638278754,0.1480875646089574,0.9397590361445783,0.0010000000474974513
1.079556076374559,0.7647058826226455,0.15753904456295162,0.9337349397590361,0.0010000000474974513
0.7230509838407514,0.7737556563783016,0.10773620842002242,0.9623493975903614,0.00020000000949949026
0.785861933381785,0.7737556563783016,0.07847150996417167,0.9698795180722891,0.00020000000949949026
0.7503916569830054,0.7782805432561296,0.08060001972389508,0.9713855421686747,0.00020000000949949026
0.7124511124042066,0.7828054301339576,0.07117788559835718,0.9774096385542169,0.00020000000949949026
0.6901728186566868,0.7963800907674419,0.06749085986359797,0.9789156626506024,0.00020000000949949026
