precision,accuracy,recall,duration,f1,auc
0.7614083398898506,0.7920353982300885,0.7415265788278056,235.5991735458374,0.7496405590779457,0.18291685597455704
