precision,accuracy,recall,duration,f1,auc
0.9479768786127167,0.9203539823008849,0.8732394366197183,1309.5127625465393,0.8999803304484658,0.017810086324398004
