precision,accuracy,recall,duration,f1,auc
0.714320987654321,0.7579908675799086,0.6331605900571418,320.8234612941742,0.6468029046976415,0.8382867585453792
