precision,accuracy,recall,duration,f1,auc
0.7062678062678063,0.7181818181818181,0.7391322221830695,3465.660854101181,0.7050653594771242,0.843343669614856
