precision,accuracy,recall,duration,f1,auc
0.9180327868852459,0.863013698630137,0.7727272727272727,191.6542947292328,0.8082983193277311,0.09239453357100416
