val_loss,val_acc,loss,acc,lr
0.4461521733244625,0.8073394495412844,0.4036452662266657,0.8233532934131736,9.999999747378752e-06
0.28275299642166685,0.8440366972477065,0.2750987574502736,0.9041916167664671,9.999999747378752e-06
0.2953757031376414,0.8394495412844036,0.2167581507634974,0.9206586826347305,9.999999747378752e-06
0.23144626583948885,0.9174311926605505,0.1884259628299289,0.9416167664670658,9.999999747378752e-06
0.24136857052254618,0.8853211009174312,0.21068720223973253,0.9131736526946108,9.999999747378752e-06
0.2572588372196994,0.8761467889908257,0.1580803312115862,0.9535928143712575,9.999999747378752e-06
0.2058501734423404,0.9220183486238532,0.16633861047399792,0.9476047904191617,9.999999747378752e-06
0.2108921055244645,0.9174311926605505,0.14062972579842914,0.9550898203592815,9.999999747378752e-06
0.27821487561482383,0.8577981651376146,0.15500495481879234,0.9520958083832335,9.999999747378752e-06
0.21779614526661242,0.8853211009174312,0.13577905451198538,0.9580838323353293,9.999999747378752e-06
0.22572792642653725,0.8899082568807339,0.1454704117342205,0.9535928143712575,9.999999747378752e-06
0.23204922331359565,0.9036697247706422,0.13090294263810812,0.9640718562874252,9.999999747378752e-06
0.23921164004663498,0.8944954128440367,0.1446507713049204,0.9625748502994012,4.999999873689376e-06
0.2513443690618135,0.8899082568807339,0.11313758087818494,0.9670658682634731,4.999999873689376e-06
0.23578634012618407,0.9174311926605505,0.13502651864584692,0.9550898203592815,4.999999873689376e-06
0.25091185525285054,0.9128440366972477,0.11852068654791324,0.968562874251497,4.999999873689376e-06
0.2474815728843886,0.9174311926605505,0.12430414193014275,0.9625748502994012,4.999999873689376e-06
0.24857446841139683,0.9174311926605505,0.1307532782080823,0.9610778443113772,2.499999936844688e-06
0.24218029209288208,0.9174311926605505,0.1115921083084882,0.9700598802395209,2.499999936844688e-06
0.2405946378557678,0.9128440366972477,0.13192711788659056,0.9520958083832335,2.499999936844688e-06
0.23510134402489494,0.926605504587156,0.11745801308710953,0.9655688622754491,2.499999936844688e-06
0.23132604497088088,0.9311926605504587,0.11457821455209734,0.9640718562874252,2.499999936844688e-06
