precision,accuracy,recall,duration,f1,auc
0.9040689040689041,0.8584474885844748,0.7694592988710636,676.2170467376709,0.8032459063903781,0.01079421667656961
