precision,accuracy,recall,duration,f1,auc
0.7898009950248757,0.7534246575342466,0.6038324420677361,435.8722598552704,0.6023002421307506,0.12665874430580312
