precision,accuracy,recall,duration,f1,auc
0.6693654344661056,0.7945205479452054,0.6472412851723197,24.755270957946777,0.6274460267439644,0.9041386606041778
