precision,accuracy,recall,duration,f1,auc
0.8463646238480674,0.821917808219178,0.676753556063901,17.20284628868103,0.6685496949411242,0.8860300347369313
