val_loss,val_acc,loss,acc,lr
4.770378093013853,0.7040358744394619,4.894835115379438,0.6963746223564955,0.009999999776482582
4.770378093013853,0.7040358744394619,4.893862858999892,0.6963746223564955,0.009999999776482582
4.770378093013853,0.7040358744394619,4.89386286008034,0.6963746223564955,0.009999999776482582
4.770378093013853,0.7040358744394619,4.893862860800637,0.6963746223564955,0.009999999776482582
4.770378093013853,0.7040358744394619,4.893862860440489,0.6963746223564955,0.009999999776482582
4.770378093013853,0.7040358744394619,4.893862857919446,0.6963746223564955,0.009999999776482582
4.770378093013853,0.7040358744394619,4.893862857559297,0.6963746223564955,0.0009999999310821295
4.770378093013853,0.7040358744394619,4.893862858639743,0.6963746223564955,0.0009999999310821295
4.770378093013853,0.7040358744394619,4.893862859360042,0.6963746223564955,0.0009999999310821295
4.770378093013853,0.7040358744394619,4.893862859360041,0.6963746223564955,0.0009999999310821295
4.770378093013853,0.7040358744394619,4.893862859360041,0.6963746223564955,0.0009999999310821295
4.770378093013853,0.7040358744394619,4.893862860440488,0.6963746223564955,9.99999901978299e-05
4.770378093013853,0.7040358744394619,4.893862857559296,0.6963746223564955,9.99999901978299e-05
4.770378093013853,0.7040358744394619,4.8938628571991485,0.6963746223564955,9.99999901978299e-05
4.770378093013853,0.7040358744394619,4.893862858639744,0.6963746223564955,9.99999901978299e-05
4.770378093013853,0.7040358744394619,4.893862858639744,0.6963746223564955,9.99999901978299e-05
