precision,accuracy,recall,duration,f1,auc
0.3911782661782661,0.5818181818181818,0.43298565840938724,59.59045743942261,0.4027454027454027,0.5747392438070404
