precision,accuracy,recall,duration,f1,auc
0.9454022988505747,0.9136363636363637,0.8538461538461539,129.01724100112915,0.8855390344752047,0.032555831265508685
