precision,accuracy,recall,duration,f1,auc
0.8587962962962963,0.7227272727272728,0.5307692307692308,351.74292635917664,0.47576077190515254,0.024317617866004962
