precision,accuracy,recall,duration,f1,auc
0.45142857142857146,0.6772727272727272,0.5683181225554107,2283.5162613391876,0.49768571793888244,0.7965749321681526
