precision,accuracy,recall,duration,f1,auc
0.48988095238095236,0.740909090909091,0.5943019943019943,12.854617357254028,0.5370365400957109,0.7301579062712666
