precision,accuracy,recall,duration,f1,auc
0.717334852954322,0.7671232876712328,0.722031592721248,28.507651329040527,0.7194149857905318,0.9133129995198961
