precision,accuracy,recall,duration,f1,auc
0.6312469176393226,0.6136363636363636,0.6486979809013708,104.39718723297119,0.5991706205402174,0.8619824518129603
