precision,accuracy,recall,duration,f1,auc
0.3493150684931507,0.6986301369863014,0.5,1089.4942092895508,0.41129032258064513,0.20380273321449793
