precision,accuracy,recall,duration,f1,auc
0.5394718932897781,0.7681818181818182,0.6063885267275099,53.47671818733215,0.5669101144965575,0.7514464921244581
