precision,accuracy,recall,duration,f1,auc
0.9333333333333333,0.9272727272727272,0.8903225806451613,514.352870464325,0.9083333333333333,0.03722084367245658
