precision,accuracy,recall,duration,f1,auc
0.682352360260715,0.7090909090909091,0.7203883153035696,66.53788256645203,0.6815250711272124,0.9247465849160766
