precision,accuracy,recall,duration,f1,auc
0.6859078823226692,0.7181818181818181,0.715136476426799,40.84035849571228,0.6903096903096904,0.2151861042183623
