precision,accuracy,recall,duration,f1,auc
0.6172877846790891,0.6637168141592921,0.601641149385241,94.3817503452301,0.5993842505470414,0.7571562371633987
