precision,accuracy,recall,duration,f1,auc
0.5033549783549783,0.6318181818181818,0.4921877342929974,990.449569940567,0.47763698711367275,0.650802219223272
