precision,accuracy,recall,duration,f1,auc
0.7381289030281607,0.75,0.7774586842383453,258.4541726112366,0.7312747582840514,0.9460563562258478
