precision,accuracy,recall,duration,f1,auc
0.8893617021276596,0.911504424778761,0.9240345297592003,89.76367616653442,0.9021136521136521,0.04179918218991367
