val_loss,val_acc,loss,acc,lr
11.20316051260773,0.30493273542600896,1.1444946783693266,0.5785498489425982,0.0010000000474974513
0.7215474065226612,0.726457399103139,0.7971827784086102,0.6737160120845922,0.0010000000474974513
2.1068433990177544,0.5695067264573991,0.7403751921212565,0.6873111782477341,0.0010000000474974513
2.6124005136040096,0.5560538116591929,0.6809798736924311,0.7386706948640483,0.0010000000474974513
2.0723794938774076,0.6547085201793722,0.5493790257885331,0.783987915407855,0.0010000000474974513
2.165400738682074,0.5605381165919282,0.4703737519979702,0.8368580060422961,0.0010000000474974513
3.1985297326874043,0.515695067264574,0.3531060002862372,0.8927492447129909,0.0010000000474974513
1.7688409726329397,0.6143497757847534,0.2934966119642164,0.9199395770392749,0.00010000000474974513
2.0776602978551724,0.5919282511210763,0.24864748730591507,0.9380664652567976,0.00010000000474974513
1.930681509779663,0.6143497757847534,0.20626718823845833,0.9531722054380665,0.00010000000474974513
1.5755919754904286,0.6143497757847534,0.20328001510014257,0.959214501510574,0.00010000000474974513
2.238996804646279,0.5739910313901345,0.23629391775114794,0.945619335347432,0.00010000000474974513
2.1373061017890356,0.5964125560538116,0.19846764667905034,0.945619335347432,1.0000000656873453e-05
2.3887893670691116,0.5739910313901345,0.1658802880016451,0.974320241691843,1.0000000656873453e-05
2.1880923301649715,0.5919282511210763,0.2019606812525079,0.9577039274924471,1.0000000656873453e-05
2.1385139380100324,0.5964125560538116,0.19234074633484116,0.9622356495468278,1.0000000656873453e-05
2.0986155987729225,0.6053811659192825,0.17293304356175201,0.9667673716012085,1.0000000656873453e-05
