precision,accuracy,recall,duration,f1,auc
0.8881262868908717,0.8310502283105022,0.7240047534165182,152.22209572792053,0.7550261511019741,0.00980392156862744
