precision,accuracy,recall,duration,f1,auc
0.6733941733941734,0.6954545454545454,0.7365246602534737,1091.0591683387756,0.6776871980676328,0.8939526880204847
