precision,accuracy,recall,duration,f1,auc
0.7313041010359017,0.759090909090909,0.7815309442428088,258.2492778301239,0.7338852397048932,0.9214066739490469
