val_loss,val_acc,loss,acc,lr
11.31224130053039,0.2981651376146789,11.245256832884458,0.3023952095808383,0.009999999776482582
11.31224130053039,0.2981651376146789,11.268189459146853,0.3008982035928144,0.009999999776482582
11.31224130053039,0.2981651376146789,11.268189459503768,0.3008982035928144,0.009999999776482582
11.31224130053039,0.2981651376146789,11.268189456291541,0.3008982035928144,0.009999999776482582
11.31224130053039,0.2981651376146789,11.268189456648456,0.3008982035928144,0.009999999776482582
11.31224130053039,0.2981651376146789,11.268189458789939,0.3008982035928144,0.009999999776482582
11.31224130053039,0.2981651376146789,11.268189457362283,0.3008982035928144,0.0009999999310821295
11.31224130053039,0.2981651376146789,11.268189459860682,0.3008982035928144,0.0009999999310821295
11.31224130053039,0.2981651376146789,11.268189459860682,0.3008982035928144,0.0009999999310821295
11.31224130053039,0.2981651376146789,11.268189458076112,0.3008982035928144,0.0009999999310821295
11.31224130053039,0.2981651376146789,11.268189458076112,0.3008982035928144,0.0009999999310821295
11.31224130053039,0.2981651376146789,11.268189457362283,0.3008982035928144,9.99999901978299e-05
11.31224130053039,0.2981651376146789,11.268189457719197,0.3008982035928144,9.99999901978299e-05
11.31224130053039,0.2981651376146789,11.268189457719197,0.3008982035928144,9.99999901978299e-05
11.31224130053039,0.2981651376146789,11.268189457719197,0.3008982035928144,9.99999901978299e-05
11.31224130053039,0.2981651376146789,11.268189459860682,0.3008982035928144,9.99999901978299e-05
