precision,accuracy,recall,duration,f1,auc
0.5965608465608465,0.7625570776255708,0.6209908968529658,18.481631994247437,0.6006855455360438,0.8676254624530486
