precision,accuracy,recall,duration,f1,auc
0.7256771100838897,0.8045454545454546,0.6615234667866247,31.125242471694946,0.6587404322608589,0.8119352457409138
