precision,accuracy,recall,duration,f1,auc
0.9613095238095238,0.9424778761061947,0.9084507042253521,570.6473655700684,0.9294885640914873,0.012267151294865969
