precision,accuracy,recall,duration,f1,auc
0.8944444444444444,0.915929203539823,0.9387096774193548,37.06865048408508,0.9083477407099101,0.0025442980463425717
