precision,accuracy,recall,duration,f1,auc
0.9637419871794872,0.9681818181818181,0.9595533498759306,151.80210852622986,0.961614197761659,0.008933002481389578
