precision,accuracy,recall,duration,f1,auc
0.5675054112554112,0.7990867579908676,0.637843956809474,16.259899377822876,0.5969610636277304,0.8808324390220942
