precision,accuracy,recall,duration,f1,auc
0.8585142519568749,0.8363636363636363,0.7409429280397022,928.7531795501709,0.7702749738948833,0.20476426799007447
