precision,accuracy,recall,duration,f1,auc
0.8258101851851851,0.8451327433628318,0.8069513857337574,6097.15629196167,0.8151653230517584,0.09722853248523397
