precision,accuracy,recall,duration,f1,auc
0.5392670157068062,0.6681818181818182,0.48205128205128206,77.55196499824524,0.46025844063439597,0.786618626449135
