precision,accuracy,recall,duration,f1,auc
0.869788986103963,0.8008849557522124,0.7044662232057792,31.627172708511353,0.7372028218351869,0.8694500181728637
