precision,accuracy,recall,duration,f1,auc
0.5151098901098901,0.7136363636363636,0.5521367521367521,83.65443444252014,0.5217573849152797,0.6986475887285604
