precision,accuracy,recall,duration,f1,auc
0.5373935579415031,0.8045454545454546,0.6382007822685789,78.32292938232422,0.5832243296272074,0.8235538015199033
