precision,accuracy,recall,duration,f1,auc
0.8999999999999999,0.8681818181818182,0.7858560794044664,2440.570036172867,0.8186211798152097,0.08327543424317618
