precision,accuracy,recall,duration,f1,auc
0.9608433734939759,0.9406392694063926,0.9015151515151515,120.34133505821228,0.9250019757119149,0.0028718558130322817
