precision,accuracy,recall,duration,f1,auc
0.9125938518203711,0.8727272727272727,0.7890818858560794,1058.357064962387,0.8237179487179487,0.07384615384615385
