precision,accuracy,recall,duration,f1,auc
0.8015756302521009,0.8185840707964602,0.760881417537483,94.02833724021912,0.7755057540884313,0.2837800999545661
