precision,accuracy,recall,duration,f1,auc
0.3849518810148731,0.5636363636363636,0.4930899608865711,42.4844446182251,0.41117035281727227,0.551323161492653
