precision,accuracy,recall,duration,f1,auc
0.813463644788946,0.8407079646017699,0.8380736029077692,825.3194420337677,0.8227141985531248,0.046524307133121307
