val_loss,val_acc,loss,acc,lr
0.35336567688687415,0.8256880733944955,0.3444405086169445,0.859304084720121,9.999999747378752e-06
0.29611935451401955,0.9036697247706422,0.22890378071527798,0.9107413010590015,9.999999747378752e-06
0.5365551748823528,0.8669724770642202,0.20690320899960854,0.9183055975794251,9.999999747378752e-06
0.5834845302734395,0.8623853211009175,0.12631389790083564,0.9606656580937972,9.999999747378752e-06
0.5763693325485342,0.8073394495412844,0.1261024122744934,0.9576399394856279,9.999999747378752e-06
0.934828578722447,0.8119266055045872,0.12972778449068903,0.9561270801815431,9.999999747378752e-06
1.190370128820313,0.7844036697247706,0.10285255664596038,0.9667170953101362,9.999999747378752e-06
0.5617393617519881,0.8348623853211009,0.07286911325052989,0.9788199697428139,4.999999873689376e-06
0.7694243418326209,0.8394495412844036,0.07869175672052081,0.983358547655068,4.999999873689376e-06
0.7118350034061472,0.8211009174311926,0.06615099004285238,0.983358547655068,4.999999873689376e-06
0.7724799841570376,0.8256880733944955,0.07231406344779952,0.9803328290468987,4.999999873689376e-06
0.6994698862983753,0.8256880733944955,0.0657689242599794,0.9848714069591528,4.999999873689376e-06
0.5632670615834302,0.8348623853211009,0.05541747052408473,0.9924357034795764,2.499999936844688e-06
0.6347017246688156,0.8302752293577982,0.047822385735079964,0.9909228441754917,2.499999936844688e-06
0.6801158554009332,0.8348623853211009,0.0601188363824406,0.9878971255673222,2.499999936844688e-06
0.6567924475930841,0.8302752293577982,0.05570472652126391,0.9848714069591528,2.499999936844688e-06
0.6044264058156608,0.8348623853211009,0.05548683447698512,0.9863842662632375,2.499999936844688e-06
