precision,accuracy,recall,duration,f1,auc
0.6949849370902003,0.5909090909090909,0.5693540998625743,1009.727949142456,0.5567424152759696,0.7271321517084228
