precision,accuracy,recall,duration,f1,auc
0.9549808429118773,0.95,0.924317617866005,784.4901459217072,0.9379343951168218,0.006352357320099259
