precision,accuracy,recall,duration,f1,auc
0.4518518518518519,0.6636363636363637,0.47692307692307695,70.10678029060364,0.4417598806860552,0.6722846705897553
