val_loss,val_acc,loss,acc,lr
0.5327131419160247,0.687782807182942,0.6101066527596439,0.6852409645735499,0.0010000000474974513
0.4093166843258957,0.7285067840938655,0.48033796304679777,0.7590361445783133,0.0010000000474974513
0.32047065472171316,0.8144796415152054,0.3694043755531311,0.8388554224048752,0.0010000000474974513
0.2281798751375794,0.9819004524886877,0.26599213175744896,0.9081325301204819,0.0010000000474974513
0.2041104872841641,0.941176472206461,0.2280522690839078,0.9322289149445223,0.0010000000474974513
0.18786351740090557,0.9230769252345573,0.17589435861053238,0.9457831325301205,0.0010000000474974513
0.19630943002743959,0.9095022612297696,0.13588515193347472,0.9683734946940319,0.0010000000474974513
0.18308040998640104,0.9095022612297696,0.11326640198029668,0.972891565546932,0.0010000000474974513
0.2536897781342942,0.9095022641965167,0.09835661112903113,0.9804216860288597,0.0010000000474974513
0.1956787562478182,0.9095022612297696,0.10916731102638934,0.9653614450650043,0.0010000000474974513
0.39591681507175863,0.859728508540408,0.10457093048706112,0.9668674698795181,0.0010000000474974513
0.1961581831064699,0.9276018061788913,0.11810042789901595,0.9563253012048193,0.0010000000474974513
0.2447465021685777,0.9049773758353151,0.08448176085948944,0.9759036151759596,0.0010000000474974513
0.20727993197300854,0.9140271466242242,0.05997803515519004,0.9879518072289156,0.0005000000237487257
0.19599248273340286,0.9095022621737346,0.055772516517394996,0.9909638554216867,0.0005000000237487257
0.21545060390260964,0.9095022597463962,0.05368023468966944,0.9909638554216867,0.0005000000237487257
0.20716319533225097,0.9140271490515627,0.050217657024601854,0.9924698787999441,0.0005000000237487257
0.19740580595456636,0.9140271514789011,0.051673689902008296,0.9894578313253012,0.0005000000237487257
0.2004538311947525,0.9140271514789011,0.04876523729727929,0.9894578313253012,0.0002500000118743628
0.21894947833874645,0.9095022597463962,0.04424456204007189,0.9939759036144579,0.0002500000118743628
0.21166328580131358,0.9140271490515627,0.04505611969584442,0.9939759028963295,0.0002500000118743628
0.19859515029380764,0.9185520383567293,0.04466347329049225,0.9909638554216867,0.0002500000118743628
0.21644389993464785,0.9095022621737346,0.04510044068636664,0.9924698795180723,0.0002500000118743628
