precision,accuracy,recall,duration,f1,auc
0.7545439765291002,0.7954545454545454,0.6940920677762783,53.92699885368347,0.7104726702508959,0.8497589305281613
