precision,accuracy,recall,duration,f1,auc
0.5805511914113642,0.8264840182648402,0.6637931034482759,45.865185499191284,0.6168967194104664,0.8820009272595479
