precision,accuracy,recall,duration,f1,auc
0.8914141414141414,0.8045454545454546,0.6692307692307693,1235.3041627407074,0.6919670476376543,0.5218362282878413
