val_loss,val_acc,loss,acc,lr
2.768936231151675,0.7375565610859729,0.6793738213304951,0.7575301204819277,0.0010000000474974513
1.3952627273764049,0.8642533936651584,0.3521715406607556,0.8644578313253012,0.0010000000474974513
1.2274561092944614,0.8733031674208145,0.2506227216217667,0.9081325301204819,0.0010000000474974513
0.770909362651587,0.8461538461538461,0.21112109056911685,0.9156626506024096,0.0010000000474974513
0.4091143061983475,0.9049773755656109,0.12201295511268731,0.9578313253012049,0.0010000000474974513
1.4432812120364655,0.9049773755656109,0.08977487353780794,0.9668674698795181,0.0010000000474974513
1.6008440525797483,0.8733031674208145,0.0709006350927929,0.9743975903614458,0.0010000000474974513
0.9545574001079039,0.8280542986425339,0.1273465224896991,0.9503012048192772,0.0010000000474974513
0.651948179477178,0.9049773755656109,0.08388377525937149,0.9743975903614458,0.0010000000474974513
0.9378509271176245,0.8190045248868778,0.04198260126740221,0.983433734939759,0.0010000000474974513
0.7602076339836984,0.9049773755656109,0.016916265443937956,0.9969879518072289,0.0005000000237487257
0.8702408069478688,0.918552036199095,0.018189940773320853,0.9924698795180723,0.0005000000237487257
0.6414832432457358,0.8914027149321267,0.022856991933784394,0.9909638554216867,0.0005000000237487257
1.1591061452471834,0.9049773755656109,0.008363538931785156,0.9984939759036144,0.0005000000237487257
0.9756508210232168,0.918552036199095,0.006257664166627016,1.0,0.0005000000237487257
1.2249839691124842,0.9049773755656109,0.012231665543174723,0.9954819277108434,0.0002500000118743628
1.1420633160667888,0.9140271493212669,0.007053309842733518,1.0,0.0002500000118743628
1.2485405945969235,0.9095022624434389,0.003770748393125769,1.0,0.0002500000118743628
1.207571374872339,0.9095022624434389,0.0026396695924923194,1.0,0.0002500000118743628
1.3105105527117265,0.9049773755656109,0.011768735435988756,0.9954819277108434,0.0002500000118743628
