precision,accuracy,recall,duration,f1,auc
0.7998433215824521,0.7964601769911505,0.8477964561562926,7.382364749908447,0.7898779206079716,0.028714220808723313
