precision,accuracy,recall,duration,f1,auc
0.8767034393251136,0.8982300884955752,0.9219900045433893,87.91162538528442,0.8896554652174836,0.03216719672875966
