precision,accuracy,recall,duration,f1,auc
0.9188263606071825,0.9409090909090909,0.9491315136476427,169.24741625785828,0.9316427256865604,0.006947890818858566
