val_loss,val_acc,loss,acc,lr
4.77037799304911,0.7040358727021068,4.660346419429491,0.6812688814549288,0.009999999776482582
4.77037799304911,0.7040358727021068,4.893862872685551,0.6963746214561232,0.009999999776482582
4.77037799304911,0.7040358727021068,4.893862844593936,0.6963746227166444,0.009999999776482582
4.77037799304911,0.7040358727021068,4.893862789131004,0.6963746230767933,0.009999999776482582
4.77037799304911,0.7040358727021068,4.893862783368621,0.6963746230767933,0.009999999776482582
4.77037799304911,0.7040358727021068,4.893862847475127,0.6963746216361977,0.009999999776482582
4.77037799304911,0.7040358727021068,4.893862855398403,0.6963746219963466,0.009999999776482582
4.77037799304911,0.7040358727021068,4.893862878447933,0.6963746219963466,0.009999999776482582
4.77037799304911,0.7040358727021068,4.893862817942916,0.6963746230767933,0.009999999776482582
4.77037799304911,0.7040358727021068,4.8938627977745774,0.6963746219963466,0.009999999776482582
4.77037799304911,0.7040358727021068,4.893862815061725,0.6963746214561232,0.009999999776482582
4.77037799304911,0.7040358727021068,4.893862857559296,0.696374622176421,0.004999999888241291
4.77037799304911,0.7040358727021068,4.893862858279594,0.6963746228967188,0.004999999888241291
4.77037799304911,0.7040358727021068,4.893862811460235,0.696374622176421,0.004999999888241291
4.77037799304911,0.7040358727021068,4.893862794893386,0.6963746230767933,0.004999999888241291
4.77037799304911,0.7040358727021068,4.893862809299343,0.6963746219963466,0.004999999888241291
