precision,accuracy,recall,duration,f1,auc
0.5707799145299145,0.8090909090909091,0.6456323337679271,480.2283630371094,0.6026518795148909,0.9478111749298191
