precision,accuracy,recall,duration,f1,auc
0.7153493440847015,0.7818181818181819,0.7361170818797937,285.5086772441864,0.7151886019810548,0.9394675640438352
