val_loss,val_acc,loss,acc,lr
11.31224130053039,0.2981651376146789,11.269989826543602,0.2994011976047904,0.009999999776482582
11.31224130053039,0.2981651376146789,11.268189457719197,0.3008982035928144,0.009999999776482582
11.31224130053039,0.2981651376146789,11.268189456291541,0.3008982035928144,0.009999999776482582
11.31224130053039,0.2981651376146789,11.268189458789939,0.3008982035928144,0.009999999776482582
11.31224130053039,0.2981651376146789,11.268189458789939,0.3008982035928144,0.009999999776482582
11.31224130053039,0.2981651376146789,11.268189458789939,0.3008982035928144,0.009999999776482582
11.31224130053039,0.2981651376146789,11.268189459146853,0.3008982035928144,0.0009999999310821295
11.31224130053039,0.2981651376146789,11.268189460217595,0.3008982035928144,0.0009999999310821295
11.31224130053039,0.2981651376146789,11.268189460217595,0.3008982035928144,0.0009999999310821295
11.31224130053039,0.2981651376146789,11.268189460931424,0.3008982035928144,0.0009999999310821295
11.31224130053039,0.2981651376146789,11.268189458433026,0.3008982035928144,0.0009999999310821295
11.31224130053039,0.2981651376146789,11.268189459860682,0.3008982035928144,9.99999901978299e-05
11.31224130053039,0.2981651376146789,11.268189457362283,0.3008982035928144,9.99999901978299e-05
11.31224130053039,0.2981651376146789,11.268189458433026,0.3008982035928144,9.99999901978299e-05
11.31224130053039,0.2981651376146789,11.268189459860682,0.3008982035928144,9.99999901978299e-05
11.31224130053039,0.2981651376146789,11.2681894552208,0.3008982035928144,9.99999901978299e-05
