precision,accuracy,recall,duration,f1,auc
0.791547958214625,0.776255707762557,0.8338628597249288,312.43634581565857,0.7741659747839399,0.9573819509164337
