precision,accuracy,recall,duration,f1,auc
0.8964452958705832,0.9045454545454545,0.869727047146402,512.7603917121887,0.8815111179502961,0.05935483870967743
