precision,accuracy,recall,duration,f1,auc
0.8718915522039681,0.9,0.911166253101737,197.2469675540924,0.8864489489489491,0.011414392059553347
