precision,accuracy,recall,duration,f1,auc
0.8580182072829132,0.8863636363636364,0.9059553349875931,54.96759510040283,0.8731520560898545,0.025409429280397033
