val_loss,val_acc,loss,acc,lr
4.77037799304911,0.7040358727021068,4.831033989021785,0.6767371603009203,0.0010000000474974513
4.77037799304911,0.7040358727021068,4.893862811460235,0.696374622176421,0.0010000000474974513
4.77037799304911,0.7040358727021068,4.893862830908277,0.6963746225365699,0.0010000000474974513
4.77037799304911,0.7040358727021068,4.893862858999892,0.6963746216361977,0.0010000000474974513
4.77037799304911,0.7040358727021068,4.893862853957807,0.6963746225365699,0.0010000000474974513
4.77037799304911,0.7040358727021068,4.893862853957807,0.6963746225365699,0.0010000000474974513
4.77037799304911,0.7040358727021068,4.893862792012195,0.6963746214561232,0.00020000000949949026
4.77037799304911,0.7040358727021068,4.893862843873638,0.6963746219963466,0.00020000000949949026
4.77037799304911,0.7040358727021068,4.893862830908277,0.6963746225365699,0.00020000000949949026
4.77037799304911,0.7040358727021068,4.893862882049422,0.6963746216361977,0.00020000000949949026
4.77037799304911,0.7040358727021068,4.893862842433042,0.6963746225365699,0.00020000000949949026
4.77037799304911,0.7040358727021068,4.8938627977745774,0.6963746219963466,4.0000002627493814e-05
4.77037799304911,0.7040358727021068,4.893862760319091,0.6963746230767933,4.0000002627493814e-05
4.77037799304911,0.7040358727021068,4.893862834509766,0.696374622176421,4.0000002627493814e-05
4.77037799304911,0.7040358727021068,4.893862858999892,0.6963746216361977,4.0000002627493814e-05
4.77037799304911,0.7040358727021068,4.893862773284451,0.6963746225365699,4.0000002627493814e-05
