precision,accuracy,recall,duration,f1,auc
0.5176402544823597,0.6818181818181818,0.5043459365493264,74.15491914749146,0.48209277238403453,0.7406362686023703
