precision,accuracy,recall,duration,f1,auc
0.7588126629628605,0.8036529680365296,0.7588772157737674,744.4475753307343,0.7527577233054364,0.8655667815150574
