precision,accuracy,recall,duration,f1,auc
0.837164220437552,0.8584070796460177,0.8318945933666515,75.10672426223755,0.8344322344322344,0.06206269877328487
