precision,accuracy,recall,duration,f1,auc
0.36874236874236876,0.3,0.43936243936243935,1774.4164779186249,0.3333635786226295,0.7622197164570045
