precision,accuracy,recall,duration,f1,auc
0.43681551828652254,0.509090909090909,0.42889930347557464,3548.8670802116394,0.4296925575889152,0.55118397406533
