precision,accuracy,recall,duration,f1,auc
0.4800653594771242,0.5909090909090909,0.39717514124293785,1138.316550731659,0.35056935817805385,0.729628716069394
