precision,accuracy,recall,duration,f1,auc
0.75390625,0.7136363636363636,0.7967741935483871,48.83426761627197,0.7092572003943697,0.049032258064516124
