val_loss,val_acc,loss,acc,lr
0.9277439102243717,0.755656108597285,0.48697445779640497,0.8373493975903614,0.0010000000474974513
0.6960739481701571,0.9049773755656109,0.275353655691051,0.8870481927710844,0.0010000000474974513
0.17057584773960713,0.9321266968325792,0.2092668919498662,0.9246987951807228,0.0010000000474974513
0.37142127312191703,0.9140271493212669,0.20877317619981267,0.9231927710843374,0.0010000000474974513
0.21776632098369975,0.9004524886877828,0.15641144183197855,0.9457831325301205,0.0010000000474974513
0.1682582169511579,0.9321266968325792,0.13234491148754585,0.9533132530120482,0.0010000000474974513
0.8470467496214763,0.8506787330316742,0.12716727018993101,0.9653614457831325,0.0010000000474974513
0.04370395275779476,0.995475113122172,0.1533298109600556,0.9548192771084337,0.0010000000474974513
0.14931558196745523,0.9004524886877828,0.118426542173975,0.9533132530120482,0.0010000000474974513
0.40457102456626753,0.918552036199095,0.14835615564147867,0.9487951807228916,0.0010000000474974513
0.5507652631346626,0.9004524886877828,0.1011288580846733,0.9698795180722891,0.0010000000474974513
0.26655327287302244,0.9230769230769231,0.08642870486766192,0.9698795180722891,0.0010000000474974513
0.2571373883054608,0.8823529411764706,0.08390574255235513,0.9698795180722891,0.0010000000474974513
0.3839254185556605,0.8687782805429864,0.08516206020150609,0.9653614457831325,0.0010000000474974513
0.33529181476236714,0.9004524886877828,0.057276090747350336,0.983433734939759,0.0010000000474974513
0.3364901348342354,0.8823529411764706,0.06070984070047635,0.9789156626506024,0.0010000000474974513
0.4321415627291958,0.8914027149321267,0.06649129610355797,0.9789156626506024,0.0010000000474974513
0.2120960594072966,0.8823529411764706,0.09553457020426201,0.9653614457831325,0.0010000000474974513
0.24088864514619693,0.9004524886877828,0.05114913036854284,0.9849397590361446,0.00020000000949949026
0.3440177822270739,0.9049773755656109,0.038562489961114776,0.9864457831325302,0.00020000000949949026
0.3605720498807866,0.9049773755656109,0.04417191976564761,0.9849397590361446,0.00020000000949949026
0.31118808183372376,0.9004524886877828,0.045271430805867964,0.9894578313253012,0.00020000000949949026
0.37334334657781565,0.9049773755656109,0.025967900763375892,0.9954819277108434,0.00020000000949949026
