precision,accuracy,recall,duration,f1,auc
0.5743145743145743,0.8181818181818182,0.6558887440243373,14.114073038101196,0.6100134710372699,0.9391410315139129
