precision,accuracy,recall,duration,f1,auc
0.22522681748556617,0.37727272727272726,0.32722553061536114,368.8459084033966,0.2611169467787115,0.5000757602452518
