precision,accuracy,recall,duration,f1,auc
0.9229220779220779,0.8904109589041096,0.8224896019013666,118.191153049469,0.8543237250554323,0.00633788869082986
