precision,accuracy,recall,duration,f1,auc
0.8409090909090909,0.8681818181818182,0.8930521091811414,98.22674131393433,0.8547061100863109,0.026004962779156336
