precision,accuracy,recall,duration,f1,auc
0.6894362620619604,0.6636363636363637,0.5118503118503118,8013.330069303513,0.5173594975854863,0.7908946756404384
