precision,accuracy,recall,duration,f1,auc
0.8987951807228916,0.8982300884955752,0.8609268514311677,123.6178081035614,0.8763881952866757,0.02689686506133575
