precision,accuracy,recall,duration,f1,auc
0.8175381263616558,0.8495575221238938,0.7319470341671345,1527.3156778812408,0.7495953145182302,0.8816048681768424
