precision,accuracy,recall,duration,f1,auc
0.5979609240404501,0.740909090909091,0.6225377920293175,1819.6985368728638,0.6079098107891248,0.7057577786391346
