precision,accuracy,recall,duration,f1,auc
0.7862237237237237,0.8227272727272728,0.8027295285359801,21.21074628829956,0.793307797933078,0.09508684863523575
