val_loss,val_acc,loss,acc,lr
0.5654253334207919,0.6950672628366359,0.6432612839062049,0.6676737151117124,9.999999747378752e-05
0.5213646046783892,0.6950672628366359,0.5531572505066402,0.709969788699712,9.999999747378752e-05
0.4854899361529158,0.6950672628366359,0.48598801279356113,0.7522658612072648,9.999999747378752e-05
0.42480908220658925,0.8878923766816144,0.45282858015907496,0.788519638362608,9.999999747378752e-05
0.3959694235447811,0.8295964125560538,0.36290547278712526,0.847432023628961,9.999999747378752e-05
0.520913183421832,0.6995515677693713,0.31281608073012707,0.8806646518476781,9.999999747378752e-05
0.8252737896324808,0.6950672628366359,0.29020154098009415,0.8761329303335207,9.999999747378752e-05
0.5305812925501254,0.7085201776348422,0.3075163149221426,0.8549848946199676,9.999999747378752e-05
0.5223260126306337,0.7533632269621965,0.2192612821602029,0.918429003021148,9.999999747378752e-05
0.7654193800126491,0.7264573973657839,0.18416484231495064,0.9244712999940279,9.999999747378752e-05
0.7969103407432145,0.7309417022985193,0.1633610401718998,0.9395770392749244,4.999999873689376e-05
0.8563631062015824,0.7354260072312547,0.14285862405314545,0.941087612752828,4.999999873689376e-05
0.9261804757631413,0.7264573973657839,0.13337655703106677,0.9516616308797162,4.999999873689376e-05
0.9422813671319474,0.7264573973657839,0.14245876820696085,0.9531722054380665,4.999999873689376e-05
1.0317241643041772,0.7219730924330485,0.14717319441165808,0.9395770387347011,4.999999873689376e-05
0.9606299441758828,0.7264573973657839,0.12109461776754647,0.9667673716012085,2.499999936844688e-05
0.8156898721985752,0.7399103121639902,0.12718279429590415,0.945619335347432,2.499999936844688e-05
0.9825444146656669,0.7309417022985193,0.118737416482584,0.9561933534743202,2.499999936844688e-05
1.0456546189539102,0.7219730924330485,0.11870946066617245,0.9486404828434625,2.499999936844688e-05
0.964338366894444,0.7309417022985193,0.11724374002110202,0.9577039269522237,2.499999936844688e-05
