val_loss,val_acc,loss,acc,lr
4.9149351547651765,0.6950672549517165,4.300487552884842,0.6827794601549915,0.009999999776482582
4.9149351547651765,0.6950672549517165,4.845167673606527,0.6993957644502922,0.009999999776482582
4.9149351547651765,0.6950672549517165,4.845167578527215,0.6993957525653781,0.009999999776482582
4.9149351547651765,0.6950672549517165,4.845167722946927,0.699395777775802,0.009999999776482582
4.9149351547651765,0.6950672549517165,4.845167816225495,0.6993957703927492,0.009999999776482582
4.9149351547651765,0.6950672549517165,4.845167699177099,0.6993957599484308,0.009999999776482582
4.9149351547651765,0.6950672549517165,4.845167816225495,0.6993957703927492,0.009999999776482582
4.9149351547651765,0.6950672549517165,4.845167722946927,0.6993957658908878,0.009999999776482582
4.9149351547651765,0.6950672549517165,4.845167794256412,0.6993957658908878,0.009999999776482582
4.9149351547651765,0.6950672549517165,4.845167697376355,0.6993957703927492,0.009999999776482582
4.9149351547651765,0.6950672549517165,4.8451676754072714,0.6993957658908878,0.009999999776482582
4.9149351547651765,0.6950672549517165,4.8451677449160115,0.6993957703927492,0.0009999999310821295
4.9149351547651765,0.6950672549517165,4.845167816225495,0.6993957763352063,0.0009999999310821295
4.9149351547651765,0.6950672549517165,4.845167746716756,0.6993957718333449,0.0009999999310821295
4.9149351547651765,0.6950672549517165,4.845167839995324,0.6993957703927492,0.0009999999310821295
4.9149351547651765,0.6950672549517165,4.845167794256412,0.6993957658908878,0.0009999999310821295
