val_loss,val_acc,loss,acc,lr
0.951967435724595,0.7013574662319136,1.0746479264224869,0.5391566265060241,0.0010000000474974513
0.8956181684770196,0.5610859728506787,0.9325018503579748,0.5828313253012049,0.0010000000474974513
1.2047432170194738,0.5248868778280543,0.8565697253468525,0.6280120481927711,0.0010000000474974513
0.8086070766276364,0.6289592761866647,0.8022380557404943,0.6475903614457831,0.0010000000474974513
1.3101692361529595,0.5248868779966195,0.6776316323912287,0.7048192771084337,0.0010000000474974513
0.9558036041475529,0.6153846155531806,0.7195656586842365,0.6987951807228916,0.0010000000474974513
0.9311719685118662,0.5927601811640403,0.703223418040448,0.6987951807228916,0.0010000000474974513
1.1784809175120219,0.5475113123857598,0.6845803045364748,0.6927710843373494,0.0010000000474974513
1.3565100463806774,0.5429864255079316,0.6258592777941601,0.697289156626506,0.0010000000474974513
1.3507694691015044,0.6199095024310086,0.5929850993386234,0.7439759036144579,0.0010000000474974513
1.5285546743896752,0.5927601811640403,0.5362442695950888,0.7575301204819277,0.0010000000474974513
1.391689482452643,0.6334841630644927,0.5516935486391367,0.7394578313253012,0.0010000000474974513
1.724077459913573,0.5656108598970719,0.5458704585052399,0.7725903614457831,0.0010000000474974513
1.4850854938386253,0.574660633652728,0.5094532517783613,0.7771084337349398,0.0010000000474974513
1.4115899696069605,0.651583710575805,0.46392157925180644,0.8042168674698795,0.00020000000949949026
1.7122229661337391,0.6153846155531806,0.43780742926769944,0.7996987951807228,0.00020000000949949026
1.5604848892710328,0.6425339368201489,0.4049880982163441,0.822289156626506,0.00020000000949949026
1.6134728570869066,0.6108597286753525,0.41527193784713745,0.8192771084337349,0.00020000000949949026
1.7191460957893958,0.5882352942862122,0.39588447471699084,0.8177710843373494,0.00020000000949949026
