precision,accuracy,recall,duration,f1,auc
0.6893660088194897,0.7212389380530974,0.5933526030207815,1073.0597677230835,0.6102009730665379,0.739618886014207
