precision,accuracy,recall,duration,f1,auc
0.5422288855572214,0.7579908675799086,0.5945663531870429,36.2037148475647,0.5598773339544273,0.8166450149208769
