precision,accuracy,recall,duration,f1,auc
0.570281124497992,0.7876106194690266,0.6150234741784038,1076.6936631202698,0.5823388166147009,0.8218981394858692
