precision,accuracy,recall,duration,f1,auc
0.5069444444444445,0.75,0.5743589743589744,30.675307035446167,0.5336402877697842,0.7654439315456264
