precision,accuracy,recall,duration,f1,auc
0.9333333333333333,0.9545454545454546,0.967741935483871,2718.717371940613,0.9476190476190476,0.0017866004962779185
