val_loss,val_acc,loss,acc,lr
0.34899351154474934,0.8295964126896965,0.4937002016428374,0.7613293051359517,9.999999974752427e-07
0.36290775969699696,0.8385650224215246,0.28622759644538615,0.9003021148036254,9.999999974752427e-07
0.42683639271146173,0.8340807174887892,0.23206344809596993,0.918429003021148,9.999999974752427e-07
0.32077850923443324,0.8654708522852226,0.1921336924786654,0.9441087613293051,9.999999974752427e-07
0.5727540984781899,0.8161434977578476,0.18140359262842967,0.9335347432024169,9.999999974752427e-07
0.5778344344736179,0.7937219730941704,0.17550382287638244,0.9290030211480362,9.999999974752427e-07
0.5684328784593913,0.8340807174887892,0.1646491433986184,0.945619335347432,9.999999974752427e-07
0.6036006321434059,0.820627802690583,0.15715116219105496,0.945619335347432,9.999999974752427e-07
0.588077431477832,0.8385650224215246,0.15210306773868212,0.9380664652567976,9.999999974752427e-07
0.7133773330830334,0.8161434977578476,0.13790664129139255,0.959214501510574,9.999999974752427e-07
0.6953055851796316,0.8385650224215246,0.1465784706361029,0.9501510574018127,9.999999974752427e-07
0.7184047939571012,0.8340807174887892,0.11932040211038376,0.9712990936555891,9.999999974752427e-07
0.6558787501963694,0.8430493273542601,0.12453849396451723,0.9652567975830816,9.999999974752427e-07
0.5532306092973953,0.852017937219731,0.12160787614360677,0.9622356495468278,9.999999974752427e-07
0.5302503098137686,0.8430493273542601,0.11981333446410397,0.9607250755287009,1.0000000116860974e-07
0.5531175297466256,0.8475336322869955,0.12052082337349022,0.9682779456193353,1.0000000116860974e-07
0.5964684724679525,0.8340807174887892,0.1243607356941772,0.959214501510574,1.0000000116860974e-07
0.5673376728229461,0.8430493273542601,0.11626994510510447,0.9577039274924471,1.0000000116860974e-07
0.5807236534792944,0.8385650224215246,0.1030169775951485,0.9712990936555891,1.0000000116860974e-07
