precision,accuracy,recall,duration,f1,auc
0.3493150684931507,0.6986301369863014,0.5,76.62931728363037,0.41129032258064513,0.24093879976232918
