val_loss,val_acc,loss,acc,lr
4.805854237407724,0.701834862658737,4.664415884874538,0.6991017953364435,0.009999999776482582
4.805854237407724,0.701834862658737,4.8499059106061555,0.6991017971210137,0.009999999776482582
4.805854237407724,0.701834862658737,4.849905999120838,0.6991017967640997,0.009999999776482582
4.805854237407724,0.701834862658737,4.849905944869904,0.6991017971210137,0.009999999776482582
4.805854237407724,0.701834862658737,4.849905947725216,0.6991017960502716,0.009999999776482582
4.805854237407724,0.701834862658737,4.849905944869904,0.6991017967640997,0.009999999776482582
4.805854237407724,0.701834862658737,4.849905973423027,0.6991017964071856,0.009999999776482582
4.805854237407724,0.701834862658737,4.849905990554901,0.6991017971210137,0.009999999776482582
4.805854237407724,0.701834862658737,4.849905984844276,0.6991017964071856,0.009999999776482582
4.805854237407724,0.701834862658737,4.849905984844276,0.6991017953364435,0.009999999776482582
4.805854237407724,0.701834862658737,4.849906011969743,0.6991017956933575,0.009999999776482582
4.805854237407724,0.701834862658737,4.849905990554901,0.6991017967640997,0.001999999862164259
4.805854237407724,0.701834862658737,4.849906023390993,0.6991017956933575,0.001999999862164259
4.805854237407724,0.701834862658737,4.849905939159279,0.6991017953364435,0.001999999862164259
4.805854237407724,0.701834862658737,4.849906024818649,0.6991017971210137,0.001999999862164259
4.805854237407724,0.701834862658737,4.849905973423027,0.6991017953364435,0.001999999862164259
