precision,accuracy,recall,duration,f1,auc
0.9513888888888888,0.9681818181818181,0.9774193548387097,347.08587551116943,0.962901399629014,0.0032754342431761787
