precision,accuracy,recall,duration,f1,auc
0.5217391304347826,0.5909090909090909,0.39999999999999997,501.9458677768707,0.35185185185185186,0.7156308753474745
