val_loss,val_acc,loss,acc,lr
0.5683766676290003,0.7375565617602335,0.544255121644721,0.7048192771084337,9.999999747378752e-05
0.5504208254328681,0.7013574663330527,0.4473707157086177,0.8012048192771084,9.999999747378752e-05
0.4087928989354302,0.8190045250217299,0.3803996257035129,0.8298192771084337,9.999999747378752e-05
0.40775789017051595,0.7828054298642534,0.34314071378075933,0.8493975903614458,9.999999747378752e-05
0.33318752218964953,0.7873303167420814,0.33027997577046775,0.858433734939759,9.999999747378752e-05
0.5755126577426944,0.7647058826226455,0.2662255431873253,0.891566265060241,9.999999747378752e-05
0.7353271562880015,0.7013574663330527,0.2776350459779601,0.8765060240963856,9.999999747378752e-05
0.459418286683198,0.8280542989122383,0.29530916659228773,0.8810240963855421,9.999999747378752e-05
0.4076096185765385,0.8280542989122383,0.20597572988235807,0.927710843373494,9.999999747378752e-05
0.39515459359669847,0.8416289595457224,0.18976725709725575,0.9292168674698795,9.999999747378752e-05
0.8137817185217245,0.7420814482335052,0.18478688038885593,0.9382530120481928,9.999999747378752e-05
0.39457543472005097,0.8506787333013784,0.15321107998669867,0.9427710843373494,9.999999747378752e-05
0.7302447851616637,0.7601809957448173,0.14175580109817437,0.9503012048192772,9.999999747378752e-05
0.8512280178553956,0.7647058826226455,0.1468935695488051,0.9337349397590361,9.999999747378752e-05
0.3840978693436174,0.8552036201792066,0.14808253032794919,0.9563253012048193,9.999999747378752e-05
0.6747933351076566,0.7873303170117857,0.11530829608126218,0.9548192771084337,1.9999999494757503e-05
0.664469143583827,0.7873303170117857,0.10032629920730748,0.9683734939759037,1.9999999494757503e-05
0.53226819410878,0.8235294120344101,0.0948686065174729,0.9713855421686747,1.9999999494757503e-05
0.5441922270282007,0.8235294120344101,0.09280364514968123,0.9713855421686747,1.9999999494757503e-05
0.4809578178888735,0.8371040726678943,0.07017806754728038,0.9759036144578314,1.9999999494757503e-05
