precision,accuracy,recall,duration,f1,auc
0.5333651855390986,0.7136363636363636,0.5566951566951567,351.26268315315247,0.5348951607944413,0.7013235752102149
