precision,accuracy,recall,duration,f1,auc
0.3913344407530454,0.5454545454545454,0.4265102129508909,1347.7530274391174,0.4054515788463384,0.6723152096033452
