precision,accuracy,recall,duration,f1,auc
0.37976190476190474,0.5619469026548672,0.46908570064454524,14.273004055023193,0.4092221726574789,0.7001090371823243
