precision,accuracy,recall,duration,f1,auc
0.5350503760465446,0.75,0.5908831908831909,1040.4838018417358,0.5548853337995746,0.744490582142404
