precision,accuracy,recall,duration,f1,auc
0.5815295815295816,0.8272727272727273,0.6638418079096046,11.424942255020142,0.6175535099535997,0.9577034661780424
