precision,accuracy,recall,duration,f1,auc
0.5882441145599041,0.5454545454545454,0.4684731667782515,2783.0978043079376,0.4830073759956776,0.7135875118925966
