precision,accuracy,recall,duration,f1,auc
0.670301357257879,0.7,0.6465437097016045,576.1044580936432,0.6386617230849736,0.8544488275257507
