val_loss,val_acc,loss,acc,lr
4.77037799304911,0.7040358727021068,4.708038892630724,0.6933534741401672,0.009999999776482582
4.77037799304911,0.7040358727021068,4.893862800655769,0.6963746228967188,0.009999999776482582
4.77037799304911,0.7040358727021068,4.893862809299343,0.6963746219963466,0.009999999776482582
4.77037799304911,0.7040358727021068,4.893862824425597,0.6963746216361977,0.009999999776482582
4.77037799304911,0.7040358727021068,4.893862840992447,0.6963746230767933,0.009999999776482582
4.77037799304911,0.7040358727021068,4.893862789851301,0.6963746216361977,0.009999999776482582
4.77037799304911,0.7040358727021068,4.893862861160786,0.6963746214561232,0.004999999888241291
4.77037799304911,0.7040358727021068,4.893862865482572,0.6963746225365699,0.004999999888241291
4.77037799304911,0.7040358727021068,4.8938628885321025,0.6963746225365699,0.004999999888241291
4.77037799304911,0.7040358727021068,4.8938628330691705,0.6963746227166444,0.004999999888241291
4.77037799304911,0.7040358727021068,4.893862798494875,0.6963746227166444,0.004999999888241291
4.77037799304911,0.7040358727021068,4.893862835230064,0.6963746228967188,0.0024999999441206455
4.77037799304911,0.7040358727021068,4.893862840992447,0.6963746230767933,0.0024999999441206455
4.77037799304911,0.7040358727021068,4.893862849636021,0.6963746214561232,0.0024999999441206455
4.77037799304911,0.7040358727021068,4.893862877007337,0.6963746225365699,0.0024999999441206455
4.77037799304911,0.7040358727021068,4.893862843873638,0.6963746219963466,0.0024999999441206455
