precision,accuracy,recall,duration,f1,auc
0.5172764227642276,0.7272727272727273,0.5675213675213675,20.4928240776062,0.533317647520171,0.7920568185750372
