precision,accuracy,recall,duration,f1,auc
0.8064102564102564,0.827433628318584,0.8474784189004998,9.407342433929443,0.8148124803025527,0.0716038164470695
