precision,accuracy,recall,duration,f1,auc
0.34089953762084907,0.3053097345132743,0.3387411044369746,2059.6890082359314,0.3048696882050026,0.5467671658289944
