precision,accuracy,recall,duration,f1,auc
0.8181923657036779,0.8363636363636363,0.7722084367245658,707.7491962909698,0.789272030651341,0.11970223325062035
