precision,accuracy,recall,duration,f1,auc
0.8433689384629928,0.8727272727272727,0.860545905707196,49.261842012405396,0.8510061919504643,0.038114143920595554
