precision,accuracy,recall,duration,f1,auc
0.6707249829065484,0.7853881278538812,0.654160430022499,775.5919988155365,0.6177526222902726,0.8944042004386832
