precision,accuracy,recall,duration,f1,auc
0.5136507936507937,0.7136363636363636,0.5333333333333333,26.2968909740448,0.5048505533147171,0.7317053689935046
