precision,accuracy,recall,duration,f1,auc
0.7647849462365591,0.7743362831858407,0.6790095411176738,83.08921885490417,0.695490211619244,0.16101771921853705
