val_loss,val_acc,loss,acc,lr
4.731917984988717,0.7064220187587475,4.569499205172333,0.6883509837192414,0.009999999776482582
4.731917984988717,0.7064220187587475,4.803728892114267,0.7019667177265242,0.009999999776482582
4.731917984988717,0.7064220187587475,4.803728924576706,0.7019667176363508,0.009999999776482582
4.731917984988717,0.7064220187587475,4.803728915198668,0.7019667177265242,0.009999999776482582
4.731917984988717,0.7064220187587475,4.803728874800966,0.7019667178166976,0.009999999776482582
4.731917984988717,0.7064220187587475,4.803728874440273,0.7019667174560039,0.009999999776482582
4.731917984988717,0.7064220187587475,4.803728993829909,0.7019667176363508,0.009999999776482582
4.731917984988717,0.7064220187587475,4.803728936118906,0.7019667176363508,0.009999999776482582
4.731917984988717,0.7064220187587475,4.8037289440541695,0.7019667178166976,0.009999999776482582
4.731917984988717,0.7064220187587475,4.803728897885367,0.7019667178166976,0.009999999776482582
4.731917984988717,0.7064220187587475,4.8037289094275675,0.7019667178166976,0.009999999776482582
4.731917984988717,0.7064220187587475,4.8037289209697684,0.7019667178166976,0.001999999862164259
4.731917984988717,0.7064220187587475,4.803728866865703,0.7019667176363508,0.001999999862164259
4.731917984988717,0.7064220187587475,4.803728907263405,0.7019667175461773,0.001999999862164259
4.731917984988717,0.7064220187587475,4.803728972909671,0.7019667177265242,0.001999999862164259
4.731917984988717,0.7064220187587475,4.803728920609075,0.7019667174560039,0.001999999862164259
