val_loss,val_acc,loss,acc,lr
4.8058542253774315,0.7018348623853211,4.74581468176699,0.6946107780861998,0.009999999776482582
4.8058542253774315,0.7018348623853211,4.849905953435841,0.6991017964071856,0.009999999776482582
4.8058542253774315,0.7018348623853211,4.8499059620017775,0.6991017962287286,0.009999999776482582
4.8058542253774315,0.7018348623853211,4.849905959146465,0.6991017962287286,0.009999999776482582
4.8058542253774315,0.7018348623853211,4.8499059620017775,0.6991017964071856,0.009999999776482582
4.8058542253774315,0.7018348623853211,4.849905953435841,0.6991017964071856,0.009999999776482582
4.8058542253774315,0.7018348623853211,4.849905939159279,0.6991017964071856,0.009999999776482582
4.8058542253774315,0.7018348623853211,4.849905956291153,0.6991017964071856,0.009999999776482582
4.8058542253774315,0.7018348623853211,4.849905979133652,0.6991017960502716,0.009999999776482582
4.8058542253774315,0.7018348623853211,4.849905950580529,0.6991017964071856,0.009999999776482582
4.8058542253774315,0.7018348623853211,4.849905950580529,0.6991017964071856,0.009999999776482582
4.8058542253774315,0.7018348623853211,4.8499059620017775,0.6991017964071856,0.001999999862164259
4.8058542253774315,0.7018348623853211,4.849905947725216,0.6991017967640997,0.001999999862164259
4.8058542253774315,0.7018348623853211,4.849905959146465,0.6991017967640997,0.001999999862164259
4.8058542253774315,0.7018348623853211,4.849905966998574,0.6991017967640997,0.001999999862164259
4.8058542253774315,0.7018348623853211,4.849905964143262,0.6991017967640997,0.001999999862164259
