precision,accuracy,recall,duration,f1,auc
0.46273684210526317,0.6954545454545454,0.5819209039548022,1114.2839305400848,0.5122599451303156,0.6521154139798208
