precision,accuracy,recall,duration,f1,auc
0.514446793516561,0.6894977168949772,0.5188087774294671,53.11273717880249,0.4942398726488207,0.6222417558624455
