val_loss,val_acc,loss,acc,lr
5.032346505385181,0.687782807182942,4.6935583108879,0.694277108792799,0.009999999776482582
5.032346505385181,0.687782807182942,4.8062995485512605,0.7018072289156626,0.009999999776482582
5.032346505385181,0.687782807182942,4.806299554296286,0.7018072289156626,0.009999999776482582
5.032346505385181,0.687782807182942,4.80629957727639,0.7018072289156626,0.009999999776482582
5.032346505385181,0.687782807182942,4.8062995255711565,0.7018072281975344,0.009999999776482582
5.032346505385181,0.687782807182942,4.806299606001521,0.7018072281975344,0.009999999776482582
5.032346505385181,0.687782807182942,4.806299551423773,0.7018072281975344,0.009999999776482582
5.032346505385181,0.687782807182942,4.806299623236598,0.7018072289156626,0.009999999776482582
5.032346505385181,0.687782807182942,4.806299528443669,0.7018072281975344,0.009999999776482582
5.032346505385181,0.687782807182942,4.806299560041313,0.7018072289156626,0.009999999776482582
5.032346505385181,0.687782807182942,4.806299485355975,0.7018072289156626,0.009999999776482582
5.032346505385181,0.687782807182942,4.806299588766443,0.7018072289156626,0.0009999999310821295
5.032346505385181,0.687782807182942,4.806299542806235,0.7018072289156626,0.0009999999310821295
5.032346505385181,0.687782807182942,4.806299611746547,0.7018072289156626,0.0009999999310821295
5.032346505385181,0.687782807182942,4.806299562913826,0.7018072281975344,0.0009999999310821295
5.032346505385181,0.687782807182942,4.806299565786339,0.7018072289156626,0.0009999999310821295
