precision,accuracy,recall,duration,f1,auc
0.8842737094837936,0.8767123287671232,0.8169934640522876,917.8428955078125,0.840813030017499,0.03723509605862547
