precision,accuracy,recall,duration,f1,auc
0.7589473684210526,0.7920353982300885,0.7682417083144025,20.41534996032715,0.7630868740938999,0.09731940027260336
