precision,accuracy,recall,duration,f1,auc
0.9526627218934911,0.9269406392694064,0.8787878787878788,73.69731879234314,0.9061897622617263,0.005941770647653003
