precision,accuracy,recall,duration,f1,auc
0.8084415584415585,0.8409090909090909,0.811166253101737,29.516599893569946,0.8097779095333383,0.0700744416873449
