precision,accuracy,recall,duration,f1,auc
0.9781637717121587,0.9818181818181818,0.9781637717121587,1481.3964400291443,0.9781637717121587,0.00436724565756824
