precision,accuracy,recall,duration,f1,auc
0.5683996012197983,0.6238938053097345,0.5391125190600006,167.42747950553894,0.5447925276905274,0.802755070659105
