precision,accuracy,recall,duration,f1,auc
0.8625468491240303,0.8849557522123894,0.8779645615629259,15.097410917282104,0.8693990042674253,0.051067696501590196
