precision,accuracy,recall,duration,f1,auc
0.8503826946042775,0.8,0.6727995201679412,474.0238780975342,0.6816435421237498,0.949482104340404
