precision,accuracy,recall,duration,f1,auc
0.5746421267893661,0.7954545454545454,0.6256410256410256,1307.9633166790009,0.5914279602512494,0.8336269776947742
