val_loss,val_acc,loss,acc,lr
11.08574886667243,0.3122171947387009,10.845579773546701,0.3147590361445783,0.009999999776482582
11.08574886667243,0.3122171947387009,11.311795878123087,0.29819277108433734,0.009999999776482582
11.08574886667243,0.3122171947387009,11.31179583216288,0.29819277108433734,0.009999999776482582
11.08574886667243,0.3122171947387009,11.311795866633036,0.29819277108433734,0.009999999776482582
11.08574886667243,0.3122171947387009,11.31179577471262,0.29819277108433734,0.009999999776482582
11.08574886667243,0.3122171947387009,11.311795843652932,0.29819277108433734,0.009999999776482582
11.08574886667243,0.3122171947387009,11.311795866633036,0.29819277108433734,0.009999999776482582
11.08574886667243,0.3122171947387009,11.311795866633036,0.29819277108433734,0.009999999776482582
11.08574886667243,0.3122171947387009,11.311795809182776,0.29819277108433734,0.009999999776482582
11.08574886667243,0.3122171947387009,11.311795855142984,0.29819277108433734,0.009999999776482582
11.08574886667243,0.3122171947387009,11.311795866633036,0.29819277108433734,0.009999999776482582
11.08574886667243,0.3122171947387009,11.311795820672828,0.29819277108433734,0.0009999999310821295
11.08574886667243,0.3122171947387009,11.311795935573349,0.29819277108433734,0.0009999999310821295
11.08574886667243,0.3122171947387009,11.311795809182776,0.29819277108433734,0.0009999999310821295
11.08574886667243,0.3122171947387009,11.311795924083295,0.29819277108433734,0.0009999999310821295
11.08574886667243,0.3122171947387009,11.311795820672828,0.29819277108433734,0.0009999999310821295
