precision,accuracy,recall,duration,f1,auc
0.7863777089783281,0.8227272727272728,0.7937965260545905,89.24476146697998,0.7898655433371704,0.10838709677419356
