precision,accuracy,recall,duration,f1,auc
0.5647058823529412,0.6954545454545454,0.5128205128205128,1018.083820104599,0.5064814814814814,0.5754968462595581
