precision,accuracy,recall,duration,f1,auc
0.5192012288786482,0.7,0.5012406947890818,44.08508253097534,0.4259962049335863,0.36277915632754343
