precision,accuracy,recall,duration,f1,auc
0.5275387263339071,0.6545454545454545,0.5626813253931898,1079.9299132823944,0.4960802050354289,0.8913633320412983
