precision,accuracy,recall,duration,f1,auc
0.8607371794871794,0.8805309734513275,0.9090867787369378,25.89591693878174,0.8717932555940751,0.03407542026351658
