val_loss,val_acc,loss,acc,lr
4.77037799304911,0.7040358727021068,4.713556544658281,0.6752265868230168,0.009999999776482582
4.77037799304911,0.7040358727021068,4.893862781928025,0.6963746222664582,0.009999999776482582
4.77037799304911,0.7040358727021068,4.893862842433042,0.6963746225365699,0.009999999776482582
4.77037799304911,0.7040358727021068,4.893862834509766,0.696374622176421,0.009999999776482582
4.77037799304911,0.7040358727021068,4.893862809299343,0.6963746219963466,0.009999999776482582
4.77037799304911,0.7040358727021068,4.8938627977745774,0.6963746219963466,0.009999999776482582
4.77037799304911,0.7040358727021068,4.893862870524657,0.6963746216361977,0.001999999862164259
4.77037799304911,0.7040358727021068,4.893862830908277,0.6963746225365699,0.001999999862164259
4.77037799304911,0.7040358727021068,4.893862817942916,0.6963746230767933,0.001999999862164259
4.77037799304911,0.7040358727021068,4.8938628229850005,0.696374622176421,0.001999999862164259
4.77037799304911,0.7040358727021068,4.89386288276972,0.6963746225365699,0.001999999862164259
4.77037799304911,0.7040358727021068,4.893862819383512,0.6963746225365699,0.0003999999607913196
4.77037799304911,0.7040358727021068,4.893862812180534,0.6963746228967188,0.0003999999607913196
4.77037799304911,0.7040358727021068,4.893862825145894,0.6963746223564955,0.0003999999607913196
4.77037799304911,0.7040358727021068,4.893862819383512,0.6963746225365699,0.0003999999607913196
4.77037799304911,0.7040358727021068,4.893862835230064,0.6963746228967188,0.0003999999607913196
