precision,accuracy,recall,duration,f1,auc
0.9725609756097561,0.9590909090909091,0.9307692307692308,1069.2146406173706,0.9487033342832716,9.925558312655113e-05
