precision,accuracy,recall,duration,f1,auc
0.5646188617217999,0.7945205479452054,0.6306165099268547,836.9675216674805,0.5908882783882783,0.7766928370376647
