precision,accuracy,recall,duration,f1,auc
0.5134043927648578,0.7227272727272728,0.5435897435897435,40.114078521728516,0.5131522734208117,0.8090530556632252
