precision,accuracy,recall,duration,f1,auc
0.6979336474546497,0.7727272727272727,0.7041533058482212,1006.3242700099945,0.7003806632696085,0.8312549185430541
