precision,accuracy,recall,duration,f1,auc
0.9149220032840722,0.9070796460176991,0.8673784643343935,143.23557138442993,0.8860969112247102,0.02580645161290323
