precision,accuracy,recall,duration,f1,auc
0.723422226342408,0.7256637168141593,0.6476679591981573,66.78985548019409,0.6695454356155256,0.813563085644728
