precision,accuracy,recall,duration,f1,auc
0.5732821083139554,0.8136363636363636,0.6461538461538462,278.35227823257446,0.6037689393939395,0.7219857406298084
