precision,accuracy,recall,duration,f1,auc
0.6114599686028258,0.6548672566371682,0.6381320446729852,188.1260199546814,0.6204395408314994,0.791906193613045
