precision,accuracy,recall,duration,f1,auc
0.5978116710875332,0.5863636363636363,0.61712158808933,772.0927917957306,0.5729431088547111,0.3275434243176179
