precision,accuracy,recall,duration,f1,auc
0.645018045018045,0.6681818181818182,0.6908532013795172,1059.501477241516,0.6560959668989375,0.7964024130016032
