precision,accuracy,recall,duration,f1,auc
0.5127318295739348,0.6529680365296804,0.4871125043538836,80.02822732925415,0.4717816547713454,0.6229383772487221
