precision,accuracy,recall,duration,f1,auc
0.5283333333333333,0.6227272727272727,0.4358974358974359,55.394895792007446,0.40291952743242404,0.6868323010023415
