val_loss,val_acc,loss,acc,lr
0.8433291463039381,0.5695067269251486,1.1345149491128605,0.554380664652568,0.0010000000474974513
0.8845156939040385,0.5336322869955157,0.9303535406683147,0.6042296072507553,0.0010000000474974513
0.8741597391564749,0.6412556058489154,0.881591639129777,0.6193353474320241,0.0010000000474974513
0.7751623680773337,0.6143497762525029,0.8343817539445583,0.6374622354694723,0.0010000000474974513
0.8326961988825434,0.63677130091618,0.7354749536586312,0.7069486403033093,0.0010000000474974513
0.9132324334217294,0.5829596412556054,0.7327497041477538,0.6888217524459355,0.0010000000474974513
0.7439307011830967,0.659192825579857,0.6651533811474134,0.7114803627178388,0.0010000000474974513
0.9289402052960588,0.6278026910507091,0.6839953944582233,0.7084592143214361,0.0010000000474974513
0.7983093625226898,0.6457399107816508,0.5798952853211463,0.7492447130809737,0.0010000000474974513
0.8345289583163411,0.7174887897054176,0.6228953143441065,0.7220543804845782,0.0010000000474974513
1.729216196879143,0.5291479825305297,0.47460201261086765,0.8051359514815569,0.0010000000474974513
0.9736944175087283,0.5470852022614714,0.5830745502541073,0.7673716012084593,0.0010000000474974513
0.9541153859664506,0.6860986551762697,0.5063513943706034,0.8081570996978852,0.0010000000474974513
1.581981931833943,0.4708520184049692,0.44177665199037763,0.8262839880954823,0.0010000000474974513
1.114357995612739,0.573991031857884,0.48242136331843466,0.7930513593365418,0.0010000000474974513
1.0623843734039855,0.48430493320317547,0.4016920374959617,0.8368580062223705,0.0010000000474974513
0.9582895318488903,0.5829596417233548,0.38764943835238314,0.8429003021148036,0.0010000000474974513
1.1278953238185745,0.6726457403780634,0.25178231848150584,0.9154078549848943,0.0005000000237487257
1.217346164944995,0.6412556058489154,0.228824199551542,0.9063444108761329,0.0005000000237487257
1.1596493480451437,0.5695067269251486,0.27224112043207865,0.8972809667673716,0.0005000000237487257
1.4499621410006365,0.5201793726650589,0.17036197310893197,0.9425981873111783,0.0005000000237487257
1.4124648731385645,0.6457399107816508,0.2230506861678063,0.913897280786693,0.0005000000237487257
