precision,accuracy,recall,duration,f1,auc
0.8462989964834033,0.8727272727272727,0.9007444168734491,75.81524610519409,0.8601398601398602,0.016575682382133996
