val_loss,val_acc,loss,acc,lr
0.49153252096351135,0.7568807344917857,0.6926494472754929,0.6511976044335052,9.999999747378752e-05
0.4661708780384939,0.7522935752474934,0.5272244680784419,0.7305389225126027,9.999999747378752e-05
0.42051513014583414,0.7660550458715596,0.4630336980976744,0.7604790429869098,9.999999747378752e-05
0.3404134684199587,0.7981651376146789,0.4268901860285662,0.7724550901772733,9.999999747378752e-05
0.36999379604234606,0.7798165137614679,0.3727970241072649,0.8158682634730539,9.999999747378752e-05
0.3886102093469112,0.7752293577981652,0.35878653030195634,0.8353293416742793,9.999999747378752e-05
0.25299841958448427,0.9220183508111797,0.34850857304241845,0.8398203592814372,9.999999747378752e-05
0.39994401136122715,0.7981651376146789,0.31599713183805617,0.8592814360550064,9.999999747378752e-05
0.3958398910290604,0.8027522935779816,0.3019414669025444,0.8622754487448824,9.999999747378752e-05
0.49538846512179857,0.7889908256880734,0.28185597526099154,0.8907185632311655,9.999999747378752e-05
0.29734898515797537,0.8211009185248559,0.2697383535657814,0.8817365273030219,9.999999747378752e-05
0.5872638275453804,0.7889908256880734,0.2590091441741247,0.8967065875401754,9.999999747378752e-05
0.6712809370728124,0.7798165137614679,0.27303162823894067,0.874251496649074,9.999999747378752e-05
0.5834363262348492,0.7935779816513762,0.2545969517466551,0.8907185618035094,9.999999747378752e-05
0.3536753228634869,0.8256880701135058,0.22162569854073896,0.8997005980885672,9.999999747378752e-05
0.4582134139031992,0.8073394495412844,0.23235248279071855,0.8907185618035094,9.999999747378752e-05
0.6159724917373868,0.7981651376146789,0.2478228914523553,0.8997005977316531,9.999999747378752e-05
0.5027426817890154,0.8027522935779816,0.20932187978735942,0.904191616409553,9.999999747378752e-06
0.5109028512475278,0.8027522935779816,0.20743812602794098,0.908682635444367,9.999999747378752e-06
0.4511466376791033,0.8073394495412844,0.20524413321546453,0.9146706583257207,9.999999747378752e-06
0.47581351271599803,0.8073394495412844,0.19569815043917674,0.9206586829916446,9.999999747378752e-06
0.500497225825803,0.8027522935779816,0.1974707764244365,0.9191616773605347,9.999999747378752e-06
