precision,accuracy,recall,duration,f1,auc
0.5312258709179271,0.7,0.5276353276353276,5786.7056357860565,0.5042920278769335,0.8239593065503996
