precision,accuracy,recall,duration,f1,auc
0.8727941176470588,0.8716814159292036,0.8224897773739209,5410.399423360825,0.8412113870381588,0.06815084052703317
