precision,accuracy,recall,duration,f1,auc
0.5396825396825397,0.6727272727272727,0.49230769230769234,114.73219776153564,0.47017973856209155,0.7561703403808666
