precision,accuracy,recall,duration,f1,auc
0.9157608695652174,0.8584474885844748,0.7651515151515151,391.5347375869751,0.8005405881834474,0.015250544662309365
