precision,accuracy,recall,duration,f1,auc
0.8833144368858655,0.8181818181818182,0.6551628551628551,1256.9070718288422,0.6112361885294423,0.8886383123671259
