val_loss,val_acc,loss,acc,lr
5.032346736252038,0.6877827881687907,4.293618444936821,0.6746987973351076,0.009999999776482582
5.032346736252038,0.6877827881687907,4.8062995535781585,0.7018072215548481,0.009999999776482582
5.032346736252038,0.6877827881687907,4.806299481047205,0.7018072201185915,0.009999999776482582
5.032346736252038,0.6877827881687907,4.806299624672855,0.7018072215548481,0.009999999776482582
5.032346736252038,0.6877827881687907,4.806299765425992,0.7018072141940335,0.009999999776482582
5.032346736252038,0.6877827881687907,4.8062996742237045,0.7018072348402207,0.009999999776482582
5.032346736252038,0.6877827881687907,4.80629957727639,0.7018072274794062,0.001999999862164259
5.032346736252038,0.6877827881687907,4.80629957727639,0.70180721563029,0.001999999862164259
5.032346736252038,0.6877827881687907,4.806299670633063,0.7018072319677077,0.001999999862164259
5.032346736252038,0.6877827881687907,4.806299552141902,0.7018072260431496,0.001999999862164259
5.032346736252038,0.6877827881687907,4.806299575840134,0.7018072378922657,0.001999999862164259
5.032346736252038,0.6877827881687907,4.806299648371088,0.7018072274794062,0.0003999999607913196
5.032346736252038,0.6877827881687907,4.806299695767552,0.7018072334039642,0.0003999999607913196
5.032346736252038,0.6877827881687907,4.806299552141902,0.7018072260431496,0.0003999999607913196
5.032346736252038,0.6877827881687907,4.806299695767552,0.7018072274794062,0.0003999999607913196
5.032346736252038,0.6877827881687907,4.806299789124225,0.7018072319677077,0.0003999999607913196
