precision,accuracy,recall,duration,f1,auc
0.95,0.95,0.9287841191066997,286.64725136756897,0.9385396825396826,0.006650124069478916
