precision,accuracy,recall,duration,f1,auc
0.8143451143451143,0.7256637168141593,0.6352996586942635,2295.7156631946564,0.6691685095090668,0.8501631256465346
