val_loss,val_acc,loss,acc,lr
2.0199221100769353,0.8211009174311926,2.3902273410267596,0.8053892215568862,0.009999999776482582
11.074302618656683,0.3119266055045872,1.7558629453876204,0.8622754491017964,0.009999999776482582
5.889894830708087,0.5963302752293578,2.051316364748279,0.8473053892215568,0.009999999776482582
5.5177585150508754,0.5779816513761468,1.8758146421210757,0.8652694610778443,0.009999999776482582
3.887135742783713,0.7431192660550459,1.5439532202520692,0.8817365269461078,0.009999999776482582
2.8529427283039848,0.7981651376146789,1.4987585881436452,0.8877245508982036,0.009999999776482582
0.8983953663944881,0.9174311926605505,1.3252110874917002,0.8982035928143712,0.009999999776482582
0.4000282325364383,0.9678899082568807,1.6729217106539727,0.8847305389221557,0.009999999776482582
0.39114512283014036,0.963302752293578,1.6986581632797304,0.8817365269461078,0.009999999776482582
11.200051664212427,0.2981651376146789,1.7854648787023772,0.8667664670658682,0.009999999776482582
3.5208865417239155,0.7614678899082569,1.2027429297586723,0.9101796407185628,0.009999999776482582
2.651093021171915,0.8211009174311926,1.3338839648440701,0.9011976047904192,0.009999999776482582
3.7653214524101077,0.7339449541284404,1.2811911545438788,0.907185628742515,0.009999999776482582
3.629419000045388,0.7477064220183486,1.0945691323744369,0.9161676646706587,0.009999999776482582
1.265679484544069,0.9174311926605505,1.2713785087130678,0.9086826347305389,0.009999999776482582
3.401798554653431,0.7798165137614679,1.4466145679651512,0.8907185628742516,0.009999999776482582
2.7518751027683157,0.8165137614678899,1.130488097770898,0.9131736526946108,0.009999999776482582
1.2452524108897771,0.9128440366972477,0.9561494837121411,0.9266467065868264,0.009999999776482582
2.3018089706770364,0.8486238532110092,1.1393796426799994,0.9206586826347305,0.009999999776482582
1.4259984337408869,0.9036697247706422,1.0304889416746472,0.9296407185628742,0.004999999888241291
1.7224985429453694,0.8807339449541285,1.0648162607525633,0.9281437125748503,0.004999999888241291
1.7839330131309026,0.8853211009174312,0.9241045889070088,0.937125748502994,0.004999999888241291
1.868412034095239,0.8761467889908257,1.0406418649464155,0.9296407185628742,0.004999999888241291
1.3308827366881346,0.908256880733945,1.0009259844334544,0.9326347305389222,0.004999999888241291
