precision,accuracy,recall,duration,f1,auc
0.4734123854863363,0.6181818181818182,0.5210226420752737,1612.7552208900452,0.46903662079146624,0.801978153800016
