precision,accuracy,recall,duration,f1,auc
0.6773571501065665,0.7256637168141593,0.6587914584279873,507.2153465747833,0.6652651696129956,0.20340754202635164
