precision,accuracy,recall,duration,f1,auc
0.5845238095238096,0.4977168949771689,0.443048848221262,1460.668963432312,0.4555787750191293,0.7557659540418161
