val_loss,val_acc,loss,acc,lr
0.5366801898413842,0.6651376150890228,0.5967333270363656,0.6989409988478344,0.009999999776482582
0.6534443585150832,0.738532111732238,0.4614962099990758,0.7745839638717236,0.009999999776482582
0.5572306710645694,0.7155963313688926,0.40512540697510413,0.8411497734317982,0.009999999776482582
0.6304789752861776,0.6697247706422018,0.2889139750315815,0.9016641453246667,0.009999999776482582
0.6536451116751093,0.7018348623853211,0.22361351772804663,0.9258698942801956,0.009999999776482582
0.5339865835571508,0.7844036697247706,0.18496267396094399,0.9364599093186152,0.009999999776482582
0.7067070562529181,0.7385321100917431,0.13610503515411793,0.9606656580937972,0.009999999776482582
0.6277800821998251,0.8302752299046298,0.14939160976395485,0.9470499243570348,0.009999999776482582
0.8493088692460858,0.7660550458715596,0.0706100100806369,0.9788199697428139,0.009999999776482582
0.8062614427127559,0.8119266065982503,0.07359959594849018,0.9757942511346445,0.009999999776482582
1.1012607815886641,0.8302752304514613,0.049357876171739756,0.9863842662632375,0.009999999776482582
1.0089305879103891,0.8073394495412844,0.0669686775739092,0.9773071104387292,0.009999999776482582
1.129669742155158,0.8256880733944955,0.016154956820022184,0.9984871406959153,0.009999999776482582
1.3007934810337396,0.7018348623853211,0.015161657235310405,0.9954614220877458,0.009999999776482582
0.9049746862766461,0.8165137614678899,0.013648474714387654,0.9984871406959153,0.009999999776482582
1.1410624177137458,0.7844036697247706,0.006955322297360416,1.0,0.009999999776482582
1.1767383179550728,0.8348623853211009,0.004061664488453998,1.0,0.001999999862164259
1.16495407342114,0.8073394495412844,0.0034534332839808736,1.0,0.001999999862164259
1.1843247446761553,0.8119266055045872,0.002995953765527293,1.0,0.001999999862164259
1.2006951565045219,0.8165137614678899,0.002878214727168545,1.0,0.001999999862164259
1.2047676272272962,0.8073394495412844,0.002743668800696122,1.0,0.001999999862164259
