precision,accuracy,recall,duration,f1,auc
0.6241059602649006,0.672566371681416,0.6277146751476601,1353.6614201068878,0.625660309786015,0.33512039981826447
