precision,accuracy,recall,duration,f1,auc
0.8558401076811363,0.8053097345132744,0.7374902952606462,613.3095531463623,0.7750672132962523,0.8405739829110562
