precision,accuracy,recall,duration,f1,auc
0.3470948012232416,0.5409090909090909,0.3384615384615384,7033.388375282288,0.24407723288320302,0.6191232953944819
