precision,accuracy,recall,duration,f1,auc
0.0984848484848485,0.29545454545454547,0.3333333333333333,1203.8434376716614,0.152046783625731,0.5
