val_loss,val_acc,loss,acc,lr
4.805854237407724,0.701834862658737,4.642916705080135,0.6796407192767023,0.009999999776482582
4.805854237407724,0.701834862658737,4.849905979133652,0.6991017971210137,0.009999999776482582
4.805854237407724,0.701834862658737,4.849905956291153,0.6991017967640997,0.009999999776482582
4.805854237407724,0.701834862658737,4.849905977705996,0.6991017956933575,0.009999999776482582
4.805854237407724,0.701834862658737,4.849905933448654,0.6991017971210137,0.009999999776482582
4.805854237407724,0.701834862658737,4.849905924882718,0.6991017960502716,0.009999999776482582
4.805854237407724,0.701834862658737,4.849905984844276,0.6991017953364435,0.009999999776482582
4.805854237407724,0.701834862658737,4.8499059363039665,0.6991017960502716,0.009999999776482582
4.805854237407724,0.701834862658737,4.849905954863497,0.6991017956933575,0.009999999776482582
4.805854237407724,0.701834862658737,4.849906040522867,0.6991017974779278,0.009999999776482582
4.805854237407724,0.701834862658737,4.849905973423027,0.6991017964071856,0.009999999776482582
4.805854237407724,0.701834862658737,4.849905979133652,0.6991017953364435,0.004999999888241291
4.805854237407724,0.701834862658737,4.849905887763657,0.6991017967640997,0.004999999888241291
4.805854237407724,0.701834862658737,4.849905981988964,0.6991017974779278,0.004999999888241291
4.805854237407724,0.701834862658737,4.849905966284746,0.6991017956933575,0.004999999888241291
4.805854237407724,0.701834862658737,4.849906030529273,0.6991017953364435,0.004999999888241291
