precision,accuracy,recall,duration,f1,auc
0.4984660267268963,0.6181818181818182,0.5283100914679862,166.37162590026855,0.5108356513164672,0.7705462703438412
