precision,accuracy,recall,duration,f1,auc
0.566468253968254,0.7534246575342466,0.6091083246255661,50.58476734161377,0.5845160007950706,0.8224044969734625
