precision,accuracy,recall,duration,f1,auc
0.6854978354978356,0.7045454545454546,0.7152601101753645,133.6983664035797,0.6794077681770334,0.8733905352549419
