precision,accuracy,recall,duration,f1,auc
0.5683123965332555,0.6371681415929203,0.5637437528396183,186.2630741596222,0.5650990331362058,0.29668332576101775
