precision,accuracy,recall,duration,f1,auc
0.34292035398230086,0.6858407079646017,0.5,48.17287993431091,0.4068241469816273,0.497228532485234
