precision,accuracy,recall,duration,f1,auc
0.5059691936880956,0.7318181818181818,0.5538461538461538,125.36842584609985,0.5189612449202102,0.6733893606774962
