val_loss,val_acc,loss,acc,lr
0.6484230112166426,0.5656108606050457,4.113751822207347,0.6792168674698795,0.0010000000474974513
0.5525018259950353,0.6923076931168052,0.7491488366960043,0.6762048185589802,0.0010000000474974513
0.3643195788245395,0.8733031655328846,0.3500234245894903,0.8614457824144018,0.0010000000474974513
0.3533593420259553,0.8235294135177836,0.24200522513633752,0.9096385534987392,0.0010000000474974513
0.48416149845490086,0.7782805447395031,0.15884017657084637,0.9367469886699354,0.0010000000474974513
0.33940413796524116,0.8552036215277279,0.10704653997378177,0.9698795173541609,0.0010000000474974513
0.4151386766951548,0.8099547532888559,0.05342358048915504,0.9939759036144579,0.0010000000474974513
0.4375227873141949,0.7963800902280332,0.03208413652806397,1.0,0.0010000000474974513
0.4486445812213475,0.8054298660064715,0.02471770588532988,0.9984939759036144,0.0010000000474974513
0.4736147390771236,0.7918552053729873,0.019228144997663527,1.0,0.0010000000474974513
0.5604047462411595,0.8009049795331998,0.010807028287146464,1.0,0.0010000000474974513
0.5104136580255776,0.8009049746785228,0.0072555667103593605,1.0,0.00020000000949949026
0.5203891891429867,0.8009049746785228,0.006598877176328237,1.0,0.00020000000949949026
0.5124856955055738,0.8009049746785228,0.0062982914801013755,1.0,0.00020000000949949026
0.5028879774641667,0.8009049761618964,0.006206034822950521,1.0,0.00020000000949949026
0.5297090969474068,0.8054298639836894,0.005818485613373748,1.0,0.00020000000949949026
0.5241750283208908,0.8009049746785228,0.005497100426400283,1.0,4.0000002627493814e-05
0.5235646676558715,0.8009049746785228,0.005420869070453098,1.0,4.0000002627493814e-05
0.5237865683989288,0.8009049746785228,0.0053848224602280614,1.0,4.0000002627493814e-05
0.5295906636644813,0.8009049746785228,0.005327238241233021,1.0,4.0000002627493814e-05
0.5265402038712307,0.8009049746785228,0.005259512707658382,1.0,4.0000002627493814e-05
