precision,accuracy,recall,duration,f1,auc
0.9533950617283952,0.9203539823008849,0.8378378378378378,780.5767977237701,0.8681282485630311,0.8778611507186346
