precision,accuracy,recall,duration,f1,auc
0.5340136054421768,0.6454545454545455,0.4564102564102564,742.6946060657501,0.4303060664615091,0.8093889848127137
