precision,accuracy,recall,duration,f1,auc
0.9247291021671826,0.9409090909090909,0.9357320099255584,1285.7928349971771,0.9299551811123901,0.015483870967741939
