precision,accuracy,recall,duration,f1,auc
0.9813664596273293,0.9727272727272728,0.9538461538461538,721.8849470615387,0.9663127807268272,0.00019851116625310225
