precision,accuracy,recall,duration,f1,auc
0.5565162907268171,0.8136363636363636,0.6553672316384181,15.143172979354858,0.6019022486117983,0.8017501203941881
