precision,accuracy,recall,duration,f1,auc
0.34292035398230086,0.6858407079646017,0.5,133.94127917289734,0.4068241469816273,0.2782371649250341
