precision,accuracy,recall,duration,f1,auc
0.8564798700545306,0.8636363636363636,0.8049627791563275,347.28258323669434,0.8243933588761174,0.04704714640198511
