precision,accuracy,recall,duration,f1,auc
0.9694713328369322,0.9690265486725663,0.9583371194911403,828.5574908256531,0.963638035258694,0.002726033621081327
