precision,accuracy,recall,duration,f1,auc
0.5671706989247313,0.8045454545454546,0.6433048433048433,867.1791362762451,0.5995592035263718,0.9235861679181516
