precision,accuracy,recall,duration,f1,auc
0.8745628131203327,0.9,0.8933002481389578,1548.3834249973297,0.8829334365325077,0.025607940446650136
