precision,accuracy,recall,duration,f1,auc
0.5225527989193107,0.7488584474885844,0.5975269940787182,42.09595537185669,0.5553959805881746,0.6493176169900307
