precision,accuracy,recall,duration,f1,auc
0.618421052631579,0.7045454545454546,0.5669975186104218,198.61697506904602,0.5636918382913806,0.24049627791563274
