val_loss,val_acc,loss,acc,lr
1.1215385447537602,0.7623318385650224,0.2771401881293768,0.8851963746223565,9.999999747378752e-06
1.1831175881446407,0.7443946188340808,0.14774727483710492,0.9577039274924471,9.999999747378752e-06
0.514056110311281,0.8340807174887892,0.14237029485269437,0.9516616314199395,9.999999747378752e-06
0.3401632908909635,0.8878923766816144,0.08650667610468506,0.9773413897280967,9.999999747378752e-06
0.5154709871147171,0.8475336322869955,0.0851771772629511,0.9788519637462235,9.999999747378752e-06
0.3179417797342108,0.9327354260089686,0.07756826309367643,0.9788519637462235,9.999999747378752e-06
0.1781791361708499,0.9192825112107623,0.051536912005148504,0.9894259818731118,9.999999747378752e-06
0.4425573305427049,0.8789237668161435,0.060360449325473374,0.9818731117824774,9.999999747378752e-06
0.48543161153477665,0.8789237668161435,0.0572930676577714,0.9848942598187311,9.999999747378752e-06
0.5126845195253259,0.8789237668161435,0.04109184218998267,0.9879154078549849,9.999999747378752e-06
0.35602295070320134,0.905829596412556,0.02603292794865795,0.9969788519637462,9.999999747378752e-06
0.2725255899357,0.9147982062780269,0.02968115446486952,0.9924471299093656,9.999999747378752e-06
0.3317659559749227,0.905829596412556,0.0158615519673904,1.0,9.999999747378752e-06
0.6779487918352631,0.8430493273542601,0.0321744254747514,0.9939577039274925,9.999999747378752e-06
0.21480449479138713,0.9327354260089686,0.027174497957448994,0.9969788519637462,9.999999747378752e-06
0.3024522987549853,0.9147982062780269,0.02988924128887964,0.9939577039274925,9.999999747378752e-06
0.3249787063034495,0.9147982062780269,0.017187054401082112,0.9984894259818731,9.999999747378752e-06
0.3723871161785746,0.9103139013452914,0.01847918063340275,0.9939577039274925,9.999999974752427e-07
0.41487974619853185,0.9013452914798207,0.010191935432330618,0.9984894259818731,9.999999974752427e-07
0.41364312983175866,0.9013452914798207,0.010021883892345599,1.0,9.999999974752427e-07
0.4060371046575035,0.9013452914798207,0.010694195706945256,0.9969788519637462,9.999999974752427e-07
0.3281239270089342,0.9192825112107623,0.01690747334491363,0.9984894259818731,9.999999974752427e-07
