precision,accuracy,recall,duration,f1,auc
0.8584272678475577,0.8858447488584474,0.8967617349970292,1684.4576380252838,0.8720106599340767,0.1009605862547039
