precision,accuracy,recall,duration,f1,auc
0.8183588841417442,0.8264840182648402,0.7508912655971479,4159.256811618805,0.7720749342681859,0.10823925529807882
