precision,accuracy,recall,duration,f1,auc
0.8730310770540656,0.8863636363636364,0.8478908188585608,1046.1577653884888,0.858941807083686,0.06441687344913152
