precision,accuracy,recall,duration,f1,auc
0.6683142946461059,0.6636363636363637,0.6750390547000716,355.21470522880554,0.6501675623084192,0.8271350881520373
