precision,accuracy,recall,duration,f1,auc
0.5746421267893661,0.7954545454545454,0.6256410256410256,400.3357436656952,0.5914279602512494,0.8910632275039054
