precision,accuracy,recall,duration,f1,auc
0.6074507687410914,0.5863636363636363,0.5908888027532094,1520.2964012622833,0.5577476805664726,0.8524384227774059
