precision,accuracy,recall,duration,f1,auc
0.5103552007404836,0.7727272727272727,0.627920227920228,1092.5724186897278,0.5623422425089927,0.810856777051109
