precision,accuracy,recall,duration,f1,auc
0.8654088050314465,0.8008849557522124,0.6889321883353872,338.7815103530884,0.7276911938794478,0.8618023609668395
