precision,accuracy,recall,duration,f1,auc
0.7504273504273504,0.7636363636363637,0.7788975416094059,803.0021321773529,0.7467320261437909,0.8990902897682559
