precision,accuracy,recall,duration,f1,auc
0.8033640498552779,0.8227272727272728,0.8355675513570251,801.9872686862946,0.8093620855122706,0.9663171736046229
