precision,accuracy,recall,duration,f1,auc
0.738562091503268,0.7727272727272727,0.7717121588089331,860.6864006519318,0.7471264367816093,0.17240694789081887
