precision,accuracy,recall,duration,f1,auc
0.5208467194973941,0.7318181818181818,0.5749287749287749,10.045599222183228,0.5402117330525823,0.8031984959110465
