val_loss,val_acc,loss,acc,lr
1.1184827388925194,0.8461538461538461,0.5802635874249381,0.8418674698795181,0.0010000000474974513
2.1621866688964406,0.7963800904977375,0.29780902013467364,0.8810240963855421,0.0010000000474974513
0.19809285316689199,0.9457013574660633,0.14633545874649903,0.9457831325301205,0.0010000000474974513
1.5488933880750149,0.9004524886877828,0.36705454983219016,0.8945783132530121,0.0010000000474974513
1.0414382384083152,0.8144796380090498,0.2091974431099384,0.927710843373494,0.0010000000474974513
1.4303832071321707,0.9004524886877828,0.15677438647411232,0.9337349397590361,0.0010000000474974513
0.11215456359734982,0.9502262443438914,0.16529009084154836,0.9231927710843374,0.0010000000474974513
1.3020378880822825,0.8552036199095022,0.13396893288022896,0.9563253012048193,0.0010000000474974513
1.5672366308455752,0.8868778280542986,0.09936214507576212,0.9698795180722891,0.0010000000474974513
0.8186790489556803,0.9049773755656109,0.12834517006072074,0.9593373493975904,0.0010000000474974513
0.710527436115657,0.9049773755656109,0.11551323467088023,0.9563253012048193,0.0010000000474974513
0.7273185396968521,0.9049773755656109,0.12618665917782793,0.9593373493975904,0.0010000000474974513
1.4704948288502444,0.8552036199095022,0.1027062582000885,0.963855421686747,0.0010000000474974513
1.8074968356710424,0.7782805429864253,0.06653035837936556,0.9789156626506024,0.0010000000474974513
1.7783995700208248,0.8280542986425339,0.1487328546756259,0.9518072289156626,0.0010000000474974513
2.7984812715582437,0.751131221719457,0.08468091732098094,0.9698795180722891,0.0010000000474974513
1.9141938998513832,0.7692307692307693,0.06786752025868463,0.9789156626506024,0.0010000000474974513
1.9468697493840603,0.7873303167420814,0.04619421375642253,0.9909638554216867,0.0005000000237487257
1.3843895875112215,0.9004524886877828,0.039534802553682684,0.9879518072289156,0.0005000000237487257
1.455372984408495,0.9004524886877828,0.024532061323458334,0.9909638554216867,0.0005000000237487257
1.5544093746878969,0.9004524886877828,0.02944840269758214,0.9879518072289156,0.0005000000237487257
1.0364339485414384,0.8733031674208145,0.020934869707682345,0.9954819277108434,0.0005000000237487257
