precision,accuracy,recall,duration,f1,auc
0.5678492472891884,0.7909090909090909,0.627920227920228,1420.4074492454529,0.5900054150228206,0.8868346078872394
