precision,accuracy,recall,duration,f1,auc
0.5828396890040726,0.6409090909090909,0.5888337468982631,1095.2212975025177,0.5845981022490978,0.3061042183622829
