precision,accuracy,recall,duration,f1,auc
0.5657545121674605,0.7045454545454546,0.5869995501574449,886.5621666908264,0.5580028445242907,0.713424916663783
