precision,accuracy,recall,duration,f1,auc
0.8390522875816994,0.8628318584070797,0.8771013175829169,54.6988570690155,0.8504621032635375,0.08223534756928669
