val_loss,val_acc,loss,acc,lr
5.032346607333398,0.6877828054298643,4.784712052847966,0.7003012048192772,0.0010000000474974513
5.032346607333398,0.6877828054298643,4.8062995902027,0.7018072289156626,0.0010000000474974513
5.032346607333398,0.6877828054298643,4.806299589843635,0.7018072289156626,0.0010000000474974513
5.032346607333398,0.6877828054298643,4.80629958768925,0.7018072289156626,0.0010000000474974513
5.032346607333398,0.6877828054298643,4.806299590920828,0.7018072289156626,0.0010000000474974513
5.032346607333398,0.6877828054298643,4.806299591638957,0.7018072289156626,0.0010000000474974513
5.032346607333398,0.6877828054298643,4.806299590920829,0.7018072289156626,0.0010000000474974513
5.032346607333398,0.6877828054298643,4.8062995894845715,0.7018072289156626,0.0010000000474974513
5.032346607333398,0.6877828054298643,4.806299589125508,0.7018072289156626,0.0010000000474974513
5.032346607333398,0.6877828054298643,4.806299588766443,0.7018072289156626,0.0010000000474974513
5.032346607333398,0.6877828054298643,4.806299590920828,0.7018072289156626,0.0010000000474974513
5.032346607333398,0.6877828054298643,4.806299591279892,0.7018072289156626,0.00010000000474974513
5.032346607333398,0.6877828054298643,4.806299591279892,0.7018072289156626,0.00010000000474974513
5.032346607333398,0.6877828054298643,4.806299588048315,0.7018072289156626,0.00010000000474974513
5.032346607333398,0.6877828054298643,4.8062995902027,0.7018072289156626,0.00010000000474974513
5.032346607333398,0.6877828054298643,4.806299593793341,0.7018072289156626,0.00010000000474974513
