precision,accuracy,recall,duration,f1,auc
0.6796182685753238,0.7636363636363637,0.6044152366186264,19.47868323326111,0.5969463129066105,0.8734404547963869
