val_loss,val_acc,loss,acc,lr
0.5954740477784333,0.6950672628366359,0.632693780422931,0.6888217531662333,9.999999747378752e-05
0.5480158310300032,0.7578475355032848,0.555832526474921,0.7190332322682499,9.999999747378752e-05
0.5258962672387538,0.6950672628366359,0.4864316827581008,0.771903322542542,9.999999747378752e-05
0.43071406144197744,0.7982062753540518,0.4024460262582381,0.8217522653208038,9.999999747378752e-05
0.4120495212452294,0.7847533610904164,0.3992084072075582,0.8293051363118106,9.999999747378752e-05
0.4821036388521237,0.7309417022985193,0.27780210170500946,0.8776435043516476,9.999999747378752e-05
0.6548732823855139,0.7264573973657839,0.21569334632320347,0.9274924480302816,9.999999747378752e-05
1.0554450687538883,0.6995515677693713,0.21612421486222852,0.9214501510574018,9.999999747378752e-05
0.7764254754968822,0.7130044825675776,0.23328185837794646,0.9033232622996558,9.999999747378752e-05
0.8696840891923605,0.7130044825675776,0.14458250637050843,0.9471299088253355,9.999999747378752e-05
0.8276586586049854,0.7219730924330485,0.15255835310209914,0.9350453175806928,4.999999873689376e-05
0.9596479636671297,0.7219730924330485,0.14820884604828596,0.9456193348072086,4.999999873689376e-05
0.9431077637479979,0.7219730924330485,0.12281549721956253,0.9607250755287009,4.999999873689376e-05
1.1666011921226176,0.7085201776348422,0.12782028886936941,0.953172204897843,4.999999873689376e-05
0.8421003075458544,0.7354260072312547,0.12014741704903341,0.9501510566815149,4.999999873689376e-05
0.9611557478861958,0.7219730924330485,0.13357188248742383,0.9486404833836858,2.499999936844688e-05
0.9844400275983083,0.7219730924330485,0.09673241152233948,0.968277945079112,2.499999936844688e-05
1.0727486148008851,0.7219730924330485,0.1163190932342293,0.9441087607890818,2.499999936844688e-05
0.9990140739577769,0.7219730924330485,0.1419789211267431,0.9456193357075809,2.499999936844688e-05
1.1014729746254035,0.7219730924330485,0.10846877183618862,0.9622356490066044,2.499999936844688e-05
