precision,accuracy,recall,duration,f1,auc
0.537500915549696,0.7090909090909091,0.5903954802259888,5171.465029001236,0.5597045222747031,0.8434998884151427
