precision,accuracy,recall,duration,f1,auc
0.6168300653594772,0.7522123893805309,0.5991829738547332,1913.191127538681,0.5950949633317087,0.8048901133169455
