precision,accuracy,recall,duration,f1,auc
0.4685185185185185,0.6409090909090909,0.47464387464387464,4.515162229537964,0.4478435145101812,0.6705863524689436
