precision,accuracy,recall,duration,f1,auc
0.7505401234567901,0.6637168141592921,0.5628135894309206,15.510244369506836,0.5945327656242353,0.7919830788057095
