precision,accuracy,recall,duration,f1,auc
0.5457337433195865,0.5954545454545455,0.5360231156841326,226.11843252182007,0.5121449062986414,0.84225013801285
