precision,accuracy,recall,duration,f1,auc
0.6603976156607736,0.6681818181818182,0.6926612401188672,19.604949951171875,0.648358392003037,0.9204335365352314
