precision,accuracy,recall,duration,f1,auc
0.5705128205128206,0.7636363636363637,0.6058670143415906,2959.8130118846893,0.5815484025367955,0.5884072142546719
