precision,accuracy,recall,duration,f1,auc
0.5725392886683209,0.8136363636363636,0.6507605388961322,19.670331478118896,0.6063492063492063,0.9610792017571678
