val_loss,val_acc,loss,acc,lr
4.805854237407724,0.701834862658737,4.665724605857255,0.6931137713843477,0.009999999776482582
4.805854237407724,0.701834862658737,4.849905959146465,0.6991017974779278,0.009999999776482582
4.805854237407724,0.701834862658737,4.849905973423027,0.6991017964071856,0.009999999776482582
4.805854237407724,0.701834862658737,4.849905890618969,0.6991017960502716,0.009999999776482582
4.805854237407724,0.701834862658737,4.849905967712402,0.6991017971210137,0.009999999776482582
4.805854237407724,0.701834862658737,4.849905999120838,0.6991017967640997,0.009999999776482582
4.805854237407724,0.701834862658737,4.849905924882718,0.6991017960502716,0.009999999776482582
4.805854237407724,0.701834862658737,4.849905944869904,0.6991017971210137,0.009999999776482582
4.805854237407724,0.701834862658737,4.8499059755645115,0.6991017960502716,0.009999999776482582
4.805854237407724,0.701834862658737,4.8499059363039665,0.6991017974779278,0.009999999776482582
4.805854237407724,0.701834862658737,4.849905979133652,0.6991017967640997,0.009999999776482582
4.805854237407724,0.701834862658737,4.849905993410213,0.6991017960502716,0.001999999862164259
4.805854237407724,0.701834862658737,4.84990597627834,0.6991017967640997,0.001999999862164259
4.805854237407724,0.701834862658737,4.8499059106061555,0.6991017967640997,0.001999999862164259
4.805854237407724,0.701834862658737,4.849905979133652,0.6991017971210137,0.001999999862164259
4.805854237407724,0.701834862658737,4.849905924882718,0.6991017960502716,0.001999999862164259
