precision,accuracy,recall,duration,f1,auc
0.5283797729618164,0.7863636363636364,0.6153846153846154,12.177412986755371,0.5670472477490022,0.7406433160670449
