precision,accuracy,recall,duration,f1,auc
0.5633528265107213,0.759090909090909,0.5846153846153846,17.052127361297607,0.5587527064489367,0.7535495730410985
