precision,accuracy,recall,duration,f1,auc
0.5228389375095962,0.7214611872146118,0.5563392546151167,41.25478553771973,0.5270208221037711,0.7329792566861532
