precision,accuracy,recall,duration,f1,auc
0.8058615263571991,0.827433628318584,0.7825988187187642,4.628904819488525,0.7922549320008485,0.06415265788278056
