precision,accuracy,recall,duration,f1,auc
0.6363636363636364,0.6858407079646017,0.6373920945024989,182.51381301879883,0.636861520356666,0.19609268514311678
