precision,accuracy,recall,duration,f1,auc
0.821236559139785,0.8362831858407079,0.869195820081781,67.49254012107849,0.8267553400874303,0.06860517946388005
