precision,accuracy,recall,duration,f1,auc
0.3595638078396699,0.5398230088495575,0.3969921222248747,78.29479718208313,0.36637338976129485,0.5792654076850782
