precision,accuracy,recall,duration,f1,auc
0.9027441485068604,0.8721461187214612,0.7964943553178847,226.65649366378784,0.827946127946128,0.07333135274311745
