precision,accuracy,recall,duration,f1,auc
0.4685476578043046,0.6136363636363636,0.5304843304843305,14.660300731658936,0.48785046728971965,0.7552441260943284
