precision,accuracy,recall,duration,f1,auc
0.9062845010615711,0.8090909090909091,0.69580146948568,146.34008526802063,0.7362310543597529,0.7412828586917656
