precision,accuracy,recall,duration,f1,auc
0.35023041474654376,0.6909090909090909,0.49032258064516127,55.25352168083191,0.4086021505376344,0.223424317617866
