val_loss,val_acc,loss,acc,lr
13.371514139154032,0.17040358744394618,13.394765694335868,0.16767371601208458,0.009999999776482582
13.371514139154032,0.17040358744394618,13.415514450779135,0.16767371601208458,0.009999999776482582
13.371514139154032,0.17040358744394618,13.415514451139282,0.16767371601208458,0.009999999776482582
13.371514139154032,0.17040358744394618,13.415514450779135,0.16767371601208458,0.009999999776482582
13.371514139154032,0.17040358744394618,13.41551445185958,0.16767371601208458,0.009999999776482582
13.371514139154032,0.17040358744394618,13.415514449698687,0.16767371601208458,0.009999999776482582
13.371514139154032,0.17040358744394618,13.415514450058836,0.16767371601208458,0.0009999999310821295
13.371514139154032,0.17040358744394618,13.41551445257988,0.16767371601208458,0.0009999999310821295
13.371514139154032,0.17040358744394618,13.415514450058836,0.16767371601208458,0.0009999999310821295
13.371514139154032,0.17040358744394618,13.41551445221973,0.16767371601208458,0.0009999999310821295
13.371514139154032,0.17040358744394618,13.415514450058836,0.16767371601208458,0.0009999999310821295
13.371514139154032,0.17040358744394618,13.415514449698687,0.16767371601208458,9.99999901978299e-05
13.371514139154032,0.17040358744394618,13.415514451139282,0.16767371601208458,9.99999901978299e-05
13.371514139154032,0.17040358744394618,13.415514450058836,0.16767371601208458,9.99999901978299e-05
13.371514139154032,0.17040358744394618,13.415514450779135,0.16767371601208458,9.99999901978299e-05
13.371514139154032,0.17040358744394618,13.415514450058836,0.16767371601208458,9.99999901978299e-05
