precision,accuracy,recall,duration,f1,auc
0.7315147164393396,0.7454545454545455,0.596029776674938,273.98267674446106,0.5953225594534226,0.14600496277915634
