val_loss,val_acc,loss,acc,lr
4.9149351547651765,0.6950672549517165,4.576170423599889,0.6510573974008647,0.009999999776482582
4.9149351547651765,0.6950672549517165,4.845167792455667,0.6993957703927492,0.009999999776482582
4.9149351547651765,0.6950672549517165,4.8451676754072714,0.6993957718333449,0.009999999776482582
4.9149351547651765,0.6950672549517165,4.845167651637444,0.6993957658908878,0.009999999776482582
4.9149351547651765,0.6950672549517165,4.845167770486584,0.6993957658908878,0.009999999776482582
4.9149351547651765,0.6950672549517165,4.845167865565896,0.6993957658908878,0.009999999776482582
4.9149351547651765,0.6950672549517165,4.8451678180262405,0.699395777775802,0.009999999776482582
4.9149351547651765,0.6950672549517165,4.845167699177099,0.6993957718333449,0.009999999776482582
4.9149351547651765,0.6950672549517165,4.845167699177099,0.6993957658908878,0.009999999776482582
4.9149351547651765,0.6950672549517165,4.845167792455667,0.6993957763352063,0.009999999776482582
4.9149351547651765,0.6950672549517165,4.845167839995324,0.6993957763352063,0.009999999776482582
4.9149351547651765,0.6950672549517165,4.845167673606527,0.6993957703927492,0.001999999862164259
4.9149351547651765,0.6950672549517165,4.845167651637444,0.6993957718333449,0.001999999862164259
4.9149351547651765,0.6950672549517165,4.845167649836699,0.6993957763352063,0.001999999862164259
4.9149351547651765,0.6950672549517165,4.845167841796068,0.699395777775802,0.001999999862164259
4.9149351547651765,0.6950672549517165,4.845167697376355,0.6993957703927492,0.001999999862164259
