precision,accuracy,recall,duration,f1,auc
0.8825000000000001,0.7853881278538812,0.6439393939393939,306.27494263648987,0.6569571738043659,0.05991285403050108
