precision,accuracy,recall,duration,f1,auc
0.8309548671539622,0.8454545454545455,0.7831265508684864,176.04064559936523,0.8009791400595998,0.10064516129032258
