val_loss,val_acc,loss,acc,lr
0.35664574195087223,0.832579185520362,0.43684494113886213,0.8237951807228916,9.999999747378752e-06
0.143948731619477,0.9638009049773756,0.2605383661407304,0.9006024096385542,9.999999747378752e-06
0.1493816982061345,0.9592760180995475,0.21544549418949938,0.9337349397590361,9.999999747378752e-06
0.14668273633531384,0.9230769230769231,0.20167838700160565,0.9337349397590361,9.999999747378752e-06
0.21008059498643275,0.8959276018099548,0.20033899941537753,0.9262048192771084,9.999999747378752e-06
0.19374649288191784,0.8914027149321267,0.15797303622610956,0.9623493975903614,9.999999747378752e-06
0.23886429938083154,0.8914027149321267,0.1684677872739463,0.947289156626506,9.999999747378752e-06
0.17293079305499184,0.9004524886877828,0.16879048415022083,0.9457831325301205,9.999999747378752e-06
0.22075094209301255,0.8959276018099548,0.17345320812078663,0.947289156626506,9.999999747378752e-06
0.18511055399372972,0.9004524886877828,0.1488055967198438,0.9548192771084337,9.999999747378752e-06
0.2305488639297301,0.8959276018099548,0.1865422873791442,0.9367469879518072,9.999999747378752e-06
0.25813824175098465,0.8959276018099548,0.1356597565260368,0.9533132530120482,9.999999747378752e-06
0.26104259433259563,0.8959276018099548,0.1386135307207973,0.963855421686747,1.9999999949504854e-06
0.2570579502954384,0.8959276018099548,0.15185281926070351,0.9578313253012049,1.9999999949504854e-06
0.2564493530465193,0.8959276018099548,0.13109866387199565,0.9623493975903614,1.9999999949504854e-06
0.26735574678108054,0.8959276018099548,0.1696352166998907,0.9412650602409639,1.9999999949504854e-06
0.2804520815011426,0.8959276018099548,0.14868570946673132,0.9533132530120482,1.9999999949504854e-06
