val_loss,val_acc,loss,acc,lr
4.805854215534457,0.7018348623853211,4.8562368315137086,0.6946107784431138,0.0010000000474974513
4.805854215534457,0.7018348623853211,4.84990600982826,0.6991017964071856,0.0010000000474974513
4.805854215534457,0.7018348623853211,4.8499060108990015,0.6991017964071856,0.0010000000474974513
4.805854215534457,0.7018348623853211,4.8499060108990015,0.6991017964071856,0.0010000000474974513
4.805854215534457,0.7018348623853211,4.849906011255916,0.6991017964071856,0.0010000000474974513
4.805854215534457,0.7018348623853211,4.8499060076867755,0.6991017964071856,0.0010000000474974513
4.805854215534457,0.7018348623853211,4.849906010185173,0.6991017964071856,0.0010000000474974513
4.805854215534457,0.7018348623853211,4.849906011255916,0.6991017964071856,0.0010000000474974513
4.805854215534457,0.7018348623853211,4.849906008757518,0.6991017964071856,0.0010000000474974513
4.805854215534457,0.7018348623853211,4.849906011255916,0.6991017964071856,0.0010000000474974513
4.805854215534457,0.7018348623853211,4.849906008400603,0.6991017964071856,0.0010000000474974513
4.805854215534457,0.7018348623853211,4.849906009471346,0.6991017964071856,0.00010000000474974513
4.805854215534457,0.7018348623853211,4.849906009471346,0.6991017964071856,0.00010000000474974513
4.805854215534457,0.7018348623853211,4.849906010185173,0.6991017964071856,0.00010000000474974513
4.805854215534457,0.7018348623853211,4.849906006259118,0.6991017964071856,0.00010000000474974513
4.805854215534457,0.7018348623853211,4.849906008757518,0.6991017964071856,0.00010000000474974513
