precision,accuracy,recall,duration,f1,auc
0.5564528150441463,0.589041095890411,0.5064555150762048,113.69411706924438,0.5217989417989418,0.7075019768985286
