precision,accuracy,recall,duration,f1,auc
0.5975386226760933,0.7,0.5369727047146402,386.8216600418091,0.514446227929374,0.20218362282878416
