val_loss,val_acc,loss,acc,lr
11.203160442044382,0.3049327330204403,10.252232099227674,0.324773413897281,0.0010000000474974513
11.203160442044382,0.3049327330204403,11.272927722181798,0.3006042294271763,0.0010000000474974513
11.203160442044382,0.3049327330204403,11.27292770201346,0.30060422996739966,0.0010000000474974513
11.203160442044382,0.3049327330204403,11.272927589646999,0.30060422951721355,0.0010000000474974513
11.203160442044382,0.3049327330204403,11.2729276559144,0.30060422996739966,0.0010000000474974513
11.203160442044382,0.3049327330204403,11.272927629983677,0.3006042294271763,0.0010000000474974513
11.203160442044382,0.3049327330204403,11.27292768184512,0.30060422951721355,0.0010000000474974513
11.203160442044382,0.3049327330204403,11.272927497448878,0.30060422987736246,0.0010000000474974513
11.203160442044382,0.3049327330204403,11.27292774811252,0.30060422996739966,0.0010000000474974513
11.203160442044382,0.3049327330204403,11.27292781437992,0.3006042300574369,0.0010000000474974513
11.203160442044382,0.3049327330204403,11.272927779805624,0.3006042298323438,0.0010000000474974513
11.203160442044382,0.3049327330204403,11.272927629983677,0.3006042294271763,0.0005000000237487257
11.203160442044382,0.3049327330204403,11.272927676082737,0.3006042300574369,0.0005000000237487257
11.203160442044382,0.3049327330204403,11.272927693369885,0.3006042297873252,0.0005000000237487257
11.203160442044382,0.3049327330204403,11.272927774043241,0.3006042297423066,0.0005000000237487257
11.203160442044382,0.3049327330204403,11.272927629983677,0.3006042294271763,0.0005000000237487257
