precision,accuracy,recall,duration,f1,auc
0.7850637522768671,0.7899543378995434,0.6859774212715389,154.95195984840393,0.7060574229691877,0.1442859972271737
