precision,accuracy,recall,duration,f1,auc
0.8679536679536679,0.8363636363636363,0.7364764267990074,2072.90167760849,0.7670588235294118,0.10133995037220844
