precision,accuracy,recall,duration,f1,auc
0.7870578084555652,0.8045454545454546,0.7754236017393913,1728.6988010406494,0.7806594729501578,0.9002981648730636
