precision,accuracy,recall,duration,f1,auc
0.7875848969724877,0.8045454545454546,0.7585695006747639,284.16305589675903,0.7671445479109443,0.9137582615315408
