precision,accuracy,recall,duration,f1,auc
0.9166666666666667,0.8590909090909091,0.7615384615384615,42.09129595756531,0.797979797979798,0.049330024813895784
