precision,accuracy,recall,duration,f1,auc
0.7909243697478991,0.8053097345132744,0.7359382099045888,92.06778454780579,0.7530054644808744,0.31167651067696495
