precision,accuracy,recall,duration,f1,auc
0.8685676471169231,0.8356164383561644,0.7833460419667316,397.6314535140991,0.8121647883959785,0.9608832970901936
