precision,accuracy,recall,duration,f1,auc
0.9246515679442509,0.9227272727272727,0.8870967741935485,14.962200164794922,0.9031062980906241,0.04903225806451614
