precision,accuracy,recall,duration,f1,auc
0.8781362007168458,0.6991150442477876,0.5772110138307321,229.43775343894958,0.61577873254565,0.8185224494009407
