precision,accuracy,recall,duration,f1,auc
0.7010946907498631,0.7272727272727273,0.7316877503318181,48.26173281669617,0.6983920505871725,0.8961779249914844
