precision,accuracy,recall,duration,f1,auc
0.8781193490054249,0.9041095890410958,0.9141414141414141,1456.7631344795227,0.891750029422149,0.10556545850663496
