precision,accuracy,recall,duration,f1,auc
0.5770977317029948,0.6460176991150443,0.5052066867535953,1223.474806547165,0.5240505955673562,0.7457761533316557
