precision,accuracy,recall,duration,f1,auc
0.5870967741935483,0.8318181818181818,0.6666666666666666,7.387227773666382,0.6214896214896215,0.9366562129273993
