precision,accuracy,recall,duration,f1,auc
0.619083694083694,0.5844748858447488,0.6698297043124629,459.6918499469757,0.5806561949114636,0.8500104728553004
