precision,accuracy,recall,duration,f1,auc
0.7162614929094593,0.6409090909090909,0.658262565042226,642.2954268455505,0.6264957264957266,0.8266646698850089
