precision,accuracy,recall,duration,f1,auc
0.5113564951970554,0.7727272727272727,0.6161234245980008,504.6984360218048,0.558862433862434,0.9266317817165275
