precision,accuracy,recall,duration,f1,auc
0.8787128712871287,0.776255707762557,0.6287878787878788,25.044655323028564,0.6358051926013915,0.04624678154089919
