precision,accuracy,recall,duration,f1,auc
0.5009255831173639,0.7363636363636363,0.5935245545415037,1359.430463552475,0.5430746312041276,0.6671453069758155
