precision,accuracy,recall,duration,f1,auc
0.8984375,0.821917808219178,0.7045454545454546,150.44237971305847,0.7338008415147266,0.07248960190136661
