precision,accuracy,recall,duration,f1,auc
0.5230822631030893,0.7909090909090909,0.6412429378531074,511.7395269870758,0.575335505799082,0.6520602088398698
