precision,accuracy,recall,duration,f1,auc
0.6742511850810021,0.7,0.7147385977894453,25.655256271362305,0.6733934563999839,0.9354205574544557
