precision,accuracy,recall,duration,f1,auc
0.633829365079365,0.7227272727272728,0.6484689382994469,1162.9297528266907,0.6337607488582838,0.8816437036776019
