precision,accuracy,recall,duration,f1,auc
0.414607267818277,0.6227272727272727,0.520599739243807,53.56459069252014,0.4522076661814653,0.7121874155772461
