precision,accuracy,recall,duration,f1,auc
0.5798180314309347,0.8227272727272728,0.6587136027813995,252.25276970863342,0.613919413919414,0.8798812502202332
