precision,accuracy,recall,duration,f1,auc
0.8725846875252647,0.8938053097345132,0.9187641980917765,26.36811137199402,0.8851626016260162,0.03489323034984099
