precision,accuracy,recall,duration,f1,auc
0.8928989139515456,0.8451327433628318,0.7724112271737003,201.20939350128174,0.8018380607912889,0.8373603969211514
