precision,accuracy,recall,duration,f1,auc
0.5014190435646374,0.740909090909091,0.5641025641025641,15.064854145050049,0.5248548199767712,0.709232178723704
