precision,accuracy,recall,duration,f1,auc
0.3944034107968534,0.5818181818181818,0.4740740740740741,265.1155261993408,0.4282802274434074,0.7255925810581682
