precision,accuracy,recall,duration,f1,auc
0.5708204334365324,0.8181818181818182,0.6581920903954802,333.80116033554077,0.6097651536248027,0.8916839916839917
