precision,accuracy,recall,duration,f1,auc
0.4096681546074259,0.5973451327433629,0.45054507837988383,929.2559843063354,0.4203506097560976,0.6704007062684552
