precision,accuracy,recall,duration,f1,auc
0.7518720906699049,0.7363636363636363,0.7675323302441948,2133.4711859226227,0.7205119335869942,0.8868902474834678
