precision,accuracy,recall,duration,f1,auc
0.6883795903084103,0.7579908675799086,0.6943150046598322,24.58130693435669,0.6912111929435789,0.8925808645636232
