precision,accuracy,recall,duration,f1,auc
0.6685731878356651,0.7123287671232876,0.587604846225536,861.5271418094635,0.6033524540852886,0.7879882233330507
