precision,accuracy,recall,duration,f1,auc
0.41729452054794525,0.6371681415929203,0.4946685764303334,41.722527265548706,0.4524550137132919,0.6099184049172113
