precision,accuracy,recall,duration,f1,auc
0.9276315789473684,0.95,0.9645161290322581,133.98179841041565,0.942598258971987,0.0
