precision,accuracy,recall,duration,f1,auc
0.6065436450342111,0.5844748858447488,0.5886874335150197,1585.4732112884521,0.5551867016440083,0.7565720108823557
