precision,accuracy,recall,duration,f1,auc
0.7256828780812792,0.7136363636363636,0.7478240952817224,515.1529219150543,0.7075603072638247,0.9142082760726828
