precision,accuracy,recall,duration,f1,auc
0.7090722855045418,0.776255707762557,0.6909660444143203,41.22881293296814,0.6976425176252911,0.8754642181366319
