precision,accuracy,recall,duration,f1,auc
0.5118945868945869,0.6863636363636364,0.5715099715099715,16.656583309173584,0.5386187248256213,0.7589634012710936
