precision,accuracy,recall,duration,f1,auc
0.5355496058307304,0.740909090909091,0.5783475783475783,9.359094858169556,0.5463075689639814,0.6687140270136221
