precision,accuracy,recall,duration,f1,auc
0.72004975272302,0.7727272727272727,0.7475680373985459,355.64794874191284,0.7292598263520823,0.9090601031278998
