precision,accuracy,recall,duration,f1,auc
0.8883248730964467,0.7990867579908676,0.6666666666666666,21.404494524002075,0.6871428571428572,0.0338680926916221
