val_loss,val_acc,loss,acc,lr
4.805854147727336,0.7018348793371008,4.650075601068085,0.6796407208828155,0.009999999776482582
4.805854147727336,0.7018348793371008,4.849905974136855,0.699101790518104,0.009999999776482582
4.805854147727336,0.7018348793371008,4.849905925596546,0.6991018008686112,0.009999999776482582
4.805854147727336,0.7018348793371008,4.8499060462334915,0.6991017860566785,0.009999999776482582
4.805854147727336,0.7018348793371008,4.849905997693182,0.6991017964071856,0.009999999776482582
4.805854147727336,0.7018348793371008,4.849906021249509,0.6991018022962673,0.009999999776482582
4.805854147727336,0.7018348793371008,4.8499059048955315,0.6991017919457602,0.0009999999310821295
4.805854147727336,0.7018348793371008,4.849906115474815,0.6991018022962673,0.0009999999310821295
4.805854147727336,0.7018348793371008,4.849905997693182,0.699101790518104,0.0009999999310821295
4.805854147727336,0.7018348793371008,4.849906069789818,0.6991017919457602,0.0009999999310821295
4.805854147727336,0.7018348793371008,4.849905929879514,0.6991017933734163,0.0009999999310821295
4.805854147727336,0.7018348793371008,4.849905974136855,0.699101790518104,9.99999901978299e-05
4.805854147727336,0.7018348793371008,4.8499059755645115,0.6991017919457602,9.99999901978299e-05
4.805854147727336,0.7018348793371008,4.849906069789818,0.6991018037239235,9.99999901978299e-05
4.805854147727336,0.7018348793371008,4.849906021249509,0.6991017964071856,9.99999901978299e-05
4.805854147727336,0.7018348793371008,4.849906068362162,0.6991017964071856,9.99999901978299e-05
