precision,accuracy,recall,duration,f1,auc
0.9255976363148,0.9380530973451328,0.9319400272603362,580.0829424858093,0.9286616161616161,0.01263062244434348
