precision,accuracy,recall,duration,f1,auc
0.5468199233716474,0.8181818181818182,0.6512820512820513,67.69559216499329,0.594350896252037,0.7964163642129746
