precision,accuracy,recall,duration,f1,auc
0.5527702410443947,0.5707964601769911,0.4310044109518924,29.45710778236389,0.41814460928114444,0.7201051015207138
