precision,accuracy,recall,duration,f1,auc
0.5606349206349206,0.8090909090909091,0.652542372881356,101.240305185318,0.6020821816841718,0.9394734369310641
