precision,accuracy,recall,duration,f1,auc
0.6987541528239203,0.7227272727272728,0.728862891574756,33.81494903564453,0.6947992838499536,0.9008480449158416
