precision,accuracy,recall,duration,f1,auc
0.7372885979268958,0.7300884955752213,0.6486228410315305,33.432998180389404,0.6732809766865494,0.8385298045718194
