precision,accuracy,recall,duration,f1,auc
0.7913631084362791,0.7681818181818182,0.8405346676533118,2776.0359582901,0.7705858411740764,0.935947355438881
