precision,accuracy,recall,duration,f1,auc
0.8849607713394461,0.9090909090909091,0.9042183622828784,39.72614288330078,0.8935758513931888,0.02501240694789082
