precision,accuracy,recall,duration,f1,auc
0.5908267359880263,0.6318181818181818,0.6082208675429014,62.45247721672058,0.5795079291651898,0.8793691344538802
