val_loss,val_acc,loss,acc,lr
9.412176195634617,0.2935779786438023,0.23888382519653092,0.8804841218304886,0.0010000000474974513
7.599798449682535,0.2935779786438023,0.06857228122437416,0.9757942608733762,0.0010000000474974513
1.6038805883412823,0.6834862516560686,0.11282047738691682,0.9576399441746468,0.0010000000474974513
6.901222397428041,0.2935779786438023,0.05702522009295523,0.9803328359000801,0.0010000000474974513
11.366460128661691,0.2935779786438023,0.043174839608157094,0.9848714199441284,0.0010000000474974513
4.2854156256268885,0.3440367002552802,0.08048962993877017,0.9712556872894472,0.0010000000474974513
0.08939713371478111,0.949541296433965,0.04526644321820739,0.9848714154354563,0.0010000000474974513
8.435827795518648,0.2935779786438023,0.03614279592857779,0.9878971371095228,0.0010000000474974513
11.010442884690173,0.2935779786438023,0.01822704663739713,0.9969742842773807,0.0010000000474974513
10.580910238650963,0.2935779786438023,0.014471088316285935,0.9984871421386904,0.0010000000474974513
9.66033510549353,0.2935779786438023,0.01053407507893628,0.9984871421386904,0.0010000000474974513
8.60186102849628,0.2935779786438023,0.0065795848189758735,0.9984871421386904,0.0010000000474974513
8.671748285993525,0.2935779786438023,0.013184492150110258,0.9984871406959153,0.0005000000237487257
11.386177590133949,0.2935779786438023,0.018881633470564766,0.9969742828346057,0.0005000000237487257
11.386177590133949,0.2935779786438023,0.09748543586452321,0.9591528005931814,0.0005000000237487257
11.344360668724832,0.2935779786438023,0.019736418184935597,0.9984871421386904,0.0005000000237487257
7.768375368293273,0.30275229084382366,0.03129968773601816,0.9909228468806949,0.0005000000237487257
5.714905452290807,0.38073394905536545,0.020814721771260883,0.995461426416071,0.0002500000118743628
5.1601007640908625,0.3990825734554081,0.013937486463850547,0.9984871421386904,0.0002500000118743628
5.456077787854257,0.3715596278326227,0.014863078156979289,0.9969742828346057,0.0002500000118743628
10.053704972660872,0.2935779786438023,0.01212534514634832,0.9984871421386904,0.0002500000118743628
9.231875802398823,0.2935779786438023,0.014037727929212141,0.9969742828346057,0.0002500000118743628
