precision,accuracy,recall,duration,f1,auc
0.8799978956228957,0.8356164383561644,0.7200099786306683,29.86458730697632,0.7388888888888888,0.9276131539062574
