val_loss,val_acc,loss,acc,lr
4.77037799304911,0.7040358727021068,4.830956598783188,0.6631419944979273,0.009999999776482582
4.77037799304911,0.7040358727021068,4.893862817942916,0.6963746230767933,0.009999999776482582
4.77037799304911,0.7040358727021068,4.893862852517212,0.6963746230767933,0.009999999776482582
4.77037799304911,0.7040358727021068,4.893862858999892,0.6963746216361977,0.009999999776482582
4.77037799304911,0.7040358727021068,4.8938628129008315,0.6963746216361977,0.009999999776482582
4.77037799304911,0.7040358727021068,4.893862861160786,0.6963746214561232,0.009999999776482582
4.77037799304911,0.7040358727021068,4.893862852517212,0.6963746230767933,0.004999999888241291
4.77037799304911,0.7040358727021068,4.893862858999892,0.6963746216361977,0.004999999888241291
4.77037799304911,0.7040358727021068,4.893862832348873,0.6963746219963466,0.004999999888241291
4.77037799304911,0.7040358727021068,4.893862830908277,0.6963746225365699,0.004999999888241291
4.77037799304911,0.7040358727021068,4.893862809299343,0.6963746219963466,0.004999999888241291
4.77037799304911,0.7040358727021068,4.893862847475127,0.6963746216361977,0.0024999999441206455
4.77037799304911,0.7040358727021068,4.893862835950362,0.6963746216361977,0.0024999999441206455
4.77037799304911,0.7040358727021068,4.8938628229850005,0.696374622176421,0.0024999999441206455
4.77037799304911,0.7040358727021068,4.893862830908277,0.6963746225365699,0.0024999999441206455
4.77037799304911,0.7040358727021068,4.8938627977745774,0.6963746219963466,0.0024999999441206455
