precision,accuracy,recall,duration,f1,auc
0.4278315012259967,0.6409090909090909,0.5407407407407407,1115.7450485229492,0.46704880665057663,0.8066063416265846
