precision,accuracy,recall,duration,f1,auc
0.5224786324786325,0.6712328767123288,0.5225531173807036,15.246463060379028,0.5119168356997972,0.6821941455562145
