precision,accuracy,recall,duration,f1,auc
0.5194408968355329,0.7318181818181818,0.5749287749287749,48.37787580490112,0.5392662528775825,0.81059898266376
