precision,accuracy,recall,duration,f1,auc
0.8532608695652174,0.8772727272727273,0.9129032258064516,9.283547639846802,0.8663095586414891,0.026302729528535965
