precision,accuracy,recall,duration,f1,auc
0.7616666666666667,0.740909090909091,0.8116625310173697,2189.7680208683014,0.734181240063593,0.09215880893300248
