precision,accuracy,recall,duration,f1,auc
0.5633528265107213,0.759090909090909,0.5846153846153846,60.251335859298706,0.5587527064489367,0.8237470195097313
