precision,accuracy,recall,duration,f1,auc
0.7874828916262286,0.7990867579908676,0.7041477213891008,278.2575135231018,0.7283380548819576,0.9109860252101631
