precision,accuracy,recall,duration,f1,auc
0.7036541889483066,0.7212389380530974,0.583053157655611,1030.395301103592,0.573546589990116,0.16174466151749203
