precision,accuracy,recall,duration,f1,auc
0.45952242283051836,0.6954545454545454,0.5772079772079772,626.8196041584015,0.5060581308283983,0.7351257828990624
