precision,accuracy,recall,duration,f1,auc
0.69246661627614,0.7636363636363637,0.6622881991303043,989.1098926067352,0.6711561185245395,0.8839054407880319
