precision,accuracy,recall,duration,f1,auc
0.9234972677595629,0.8761061946902655,0.8028169014084507,750.5857646465302,0.835772864112945,0.08232621535665606
