precision,accuracy,recall,duration,f1,auc
0.4872180451127819,0.5114155251141552,0.49421757180377873,1785.699439048767,0.4642771804062127,0.731191222570533
