precision,accuracy,recall,duration,f1,auc
0.38888888888888884,0.6,0.47635327635327634,779.5902142524719,0.4273302359765861,0.6830236340357798
