precision,accuracy,recall,duration,f1,auc
0.7727013194639095,0.821917808219178,0.7056492228906022,21.340996503829956,0.7101604278074868,0.8873732666836115
