precision,accuracy,recall,duration,f1,auc
0.8265979381443299,0.7853881278538812,0.6568627450980392,1045.9926764965057,0.6740348988187604,0.15706080411962764
