val_loss,val_acc,loss,acc,lr
0.4464618353567158,0.8778280542986425,0.3629064300063863,0.8478915662650602,9.999999747378752e-06
0.4330523847454813,0.7828054298642534,0.24645349961223015,0.891566265060241,9.999999747378752e-06
0.35633151252768913,0.8733031674208145,0.22211823825645877,0.9021084337349398,9.999999747378752e-06
0.6260151005165455,0.9004524886877828,0.21987626280815128,0.9126506024096386,9.999999747378752e-06
0.44281473544392547,0.9004524886877828,0.22200210788006702,0.9051204819277109,9.999999747378752e-06
0.4399827926801449,0.8823529411764706,0.20134250350094524,0.9307228915662651,9.999999747378752e-06
0.4157898947277198,0.9049773755656109,0.19254165361579284,0.9397590361445783,9.999999747378752e-06
0.4065256111343143,0.9004524886877828,0.18028662697109113,0.9307228915662651,9.999999747378752e-06
0.4512418682005612,0.9004524886877828,0.18481639076966838,0.9307228915662651,9.999999747378752e-06
0.5483251406608505,0.8914027149321267,0.19076429377590498,0.9262048192771084,9.999999747378752e-06
0.4592636522852918,0.8959276018099548,0.17313382218042053,0.9352409638554217,9.999999747378752e-06
0.3841246846197826,0.8959276018099548,0.15197466881609106,0.9623493975903614,9.999999747378752e-06
0.4148325783625588,0.9004524886877828,0.16280613666265664,0.9337349397590361,9.999999747378752e-06
0.4438466112424807,0.8959276018099548,0.1660526420483478,0.9382530120481928,4.999999873689376e-06
0.4508046314875593,0.8959276018099548,0.18199878800884786,0.9337349397590361,4.999999873689376e-06
0.4592104055303507,0.9004524886877828,0.1675777567819838,0.947289156626506,4.999999873689376e-06
0.5159115361519573,0.9004524886877828,0.14384752031168843,0.9623493975903614,4.999999873689376e-06
0.47778203079408277,0.9004524886877828,0.14701777336984334,0.9487951807228916,4.999999873689376e-06
