precision,accuracy,recall,duration,f1,auc
0.7659574468085106,0.7772727272727272,0.6588089330024813,177.97584438323975,0.6759941089837997,0.2749379652605459
