precision,accuracy,recall,duration,f1,auc
0.5285338015803336,0.7818181818181819,0.6153846153846154,78.11358714103699,0.5666666666666667,0.754477086865751
