val_loss,val_acc,loss,acc,lr
4.770378093013853,0.7040358744394619,4.873241548451772,0.6963746223564955,0.009999999776482582
4.770378093013853,0.7040358744394619,4.893862861520935,0.6963746223564955,0.009999999776482582
4.770378093013853,0.7040358744394619,4.893862862601382,0.6963746223564955,0.009999999776482582
4.770378093013853,0.7040358744394619,4.893862858639744,0.6963746223564955,0.009999999776482582
4.770378093013853,0.7040358744394619,4.893862859360041,0.6963746223564955,0.009999999776482582
4.770378093013853,0.7040358744394619,4.893862860440487,0.6963746223564955,0.009999999776482582
4.770378093013853,0.7040358744394619,4.893862858639744,0.6963746223564955,0.004999999888241291
4.770378093013853,0.7040358744394619,4.893862861160786,0.6963746223564955,0.004999999888241291
4.770378093013853,0.7040358744394619,4.893862861160786,0.6963746223564955,0.004999999888241291
4.770378093013853,0.7040358744394619,4.893862859360041,0.6963746223564955,0.004999999888241291
4.770378093013853,0.7040358744394619,4.893862861520935,0.6963746223564955,0.004999999888241291
4.770378093013853,0.7040358744394619,4.893862858279594,0.6963746223564955,0.0024999999441206455
4.770378093013853,0.7040358744394619,4.893862858639744,0.6963746223564955,0.0024999999441206455
4.770378093013853,0.7040358744394619,4.893862859360041,0.6963746223564955,0.0024999999441206455
4.770378093013853,0.7040358744394619,4.893862861520934,0.6963746223564955,0.0024999999441206455
4.770378093013853,0.7040358744394619,4.893862860440489,0.6963746223564955,0.0024999999441206455
