val_loss,val_acc,loss,acc,lr
4.731917997019009,0.7064220183486238,4.7820084159926095,0.7019667170953101,0.0010000000474974513
4.731917997019009,0.7064220183486238,4.803728942791742,0.7019667170953101,0.0010000000474974513
4.731917997019009,0.7064220183486238,4.803728943873823,0.7019667170953101,0.0010000000474974513
4.731917997019009,0.7064220183486238,4.803728944234517,0.7019667170953101,0.0010000000474974513
4.731917997019009,0.7064220183486238,4.803728944414864,0.7019667170953101,0.0010000000474974513
4.731917997019009,0.7064220183486238,4.803728942431048,0.7019667170953101,0.0010000000474974513
4.731917997019009,0.7064220183486238,4.803728944234516,0.7019667170953101,0.00010000000474974513
4.731917997019009,0.7064220183486238,4.803728945496945,0.7019667170953101,0.00010000000474974513
4.731917997019009,0.7064220183486238,4.8037289445952105,0.7019667170953101,0.00010000000474974513
4.731917997019009,0.7064220183486238,4.803728943152436,0.7019667170953101,0.00010000000474974513
4.731917997019009,0.7064220183486238,4.803728942791741,0.7019667170953101,0.00010000000474974513
4.731917997019009,0.7064220183486238,4.803728943152437,0.7019667170953101,1.0000000656873453e-05
4.731917997019009,0.7064220183486238,4.803728943873823,0.7019667170953101,1.0000000656873453e-05
4.731917997019009,0.7064220183486238,4.803728943332782,0.7019667170953101,1.0000000656873453e-05
4.731917997019009,0.7064220183486238,4.803728945316598,0.7019667170953101,1.0000000656873453e-05
4.731917997019009,0.7064220183486238,4.803728945857639,0.7019667170953101,1.0000000656873453e-05
