precision,accuracy,recall,duration,f1,auc
0.863849765258216,0.7363636363636363,0.5538461538461539,273.60362935066223,0.5184178743961353,0.08962779156327545
