precision,accuracy,recall,duration,f1,auc
0.8382268278641336,0.8,0.6749379652605458,873.4359805583954,0.6976511744127936,0.09042183622828787
