precision,accuracy,recall,duration,f1,auc
0.9577464788732395,0.9727272727272728,0.9806451612903226,61.33351373672485,0.9680727554179567,0.00019851116625310225
