precision,accuracy,recall,duration,f1,auc
0.7104292421193829,0.7090909090909091,0.7264467857688196,317.5897810459137,0.6968585747463636,0.8936925191162479
