precision,accuracy,recall,duration,f1,auc
0.9417249417249417,0.8893805309734514,0.7790889481030326,208.07993531227112,0.8057074536018044,0.8376738519373993
