precision,accuracy,recall,duration,f1,auc
0.8651685393258427,0.8909090909090909,0.9225806451612903,202.59524822235107,0.8801198801198802,0.0036724565756823817
