precision,accuracy,recall,duration,f1,auc
0.5752923976608186,0.5973451327433629,0.48635422244875576,1107.7711362838745,0.5023976000923042,0.6880412878861195
