precision,accuracy,recall,duration,f1,auc
0.5761063961239553,0.8227272727272728,0.6610169491525424,1537.1878004074097,0.6136456819113646,0.611073328869939
