val_loss,val_acc,loss,acc,lr
7.589237786194674,0.5291479820627802,7.403866909061674,0.525679758308157,0.009999999776482582
7.589237786194674,0.5291479820627802,7.57209620807106,0.530211480452575,0.009999999776482582
7.589237786194674,0.5291479820627802,7.572096291625607,0.5302114803625377,0.009999999776482582
7.589237786194674,0.5291479820627802,7.5720962426453555,0.530211480452575,0.009999999776482582
7.589237786194674,0.5291479820627802,7.572096221756719,0.5302114801824633,0.009999999776482582
7.589237786194674,0.5291479820627802,7.5720962224770165,0.5302114803625377,0.009999999776482582
7.589237786194674,0.5291479820627802,7.5720962325611865,0.5302114805426122,0.004999999888241291
7.589237786194674,0.5291479820627802,7.572096223917613,0.5302114805426122,0.004999999888241291
7.589237786194674,0.5291479820627802,7.572096199427486,0.5302114803625377,0.004999999888241291
7.589237786194674,0.5291479820627802,7.572096196546295,0.530211480452575,0.004999999888241291
7.589237786194674,0.5291479820627802,7.5720962224770165,0.5302114803625377,0.004999999888241291
7.589237786194674,0.5291479820627802,7.572096246606994,0.5302114803625377,0.0024999999441206455
7.589237786194674,0.5291479820627802,7.572096257051312,0.5302114803625377,0.0024999999441206455
7.589237786194674,0.5291479820627802,7.572096164853191,0.5302114803625377,0.0024999999441206455
7.589237786194674,0.5291479820627802,7.572096244085952,0.5302114805426122,0.0024999999441206455
7.589237786194674,0.5291479820627802,7.572096219595825,0.530211480452575,0.0024999999441206455
