precision,accuracy,recall,duration,f1,auc
0.8520847891917075,0.7488584474885844,0.6082163668370565,380.90734672546387,0.6200939628846606,0.9493078501699191
