precision,accuracy,recall,duration,f1,auc
0.4336322744670746,0.6590909090909091,0.5407407407407407,1125.0549392700195,0.4776748971193416,0.7615938267760131
