precision,accuracy,recall,duration,f1,auc
0.8725961538461539,0.759090909090909,0.5923076923076923,141.98797345161438,0.5828414010232192,0.10918114143920596
