precision,accuracy,recall,duration,f1,auc
0.8457446808510638,0.8681818181818182,0.9064516129032258,1011.6736297607422,0.8572036079589964,0.02272952853598014
