val_loss,val_acc,loss,acc,lr
1.146687402372828,0.8161434977578476,0.699053395042776,0.7990936555891238,0.0010000000474974513
0.33846393244419304,0.9237668161434978,0.3195585520004188,0.8716012084592145,0.0010000000474974513
0.5028803367904275,0.9506726457399103,0.1537671935801912,0.945619335347432,0.0010000000474974513
0.0815259714782033,0.9641255605381166,0.10755418454440384,0.9682779456193353,0.0010000000474974513
2.1296438391213495,0.6995515695067265,0.09667778123694117,0.972809667673716,0.0010000000474974513
0.848701265091249,0.8609865470852018,0.07300515099867526,0.9682779456193353,0.0010000000474974513
0.6699132447709087,0.8878923766816144,0.06870661236163232,0.9788519637462235,0.0010000000474974513
0.6385196358171459,0.8923766816143498,0.03558006787386569,0.9879154078549849,0.0010000000474974513
0.6829607484003288,0.8968609865470852,0.04660685203306157,0.9848942598187311,0.0010000000474974513
0.9989114326505351,0.8789237668161435,0.020697939704178457,0.9954682779456193,0.0010000000474974513
1.5028997136978723,0.8475336322869955,0.03286754091858755,0.9909365558912386,0.0010000000474974513
0.4125015749746173,0.905829596412556,0.01887184866196477,0.9939577039274925,0.0010000000474974513
0.43638040463758493,0.8923766816143498,0.010411078747156655,1.0,0.0010000000474974513
0.6026309678774675,0.8923766816143498,0.012547508384061842,0.9969788519637462,0.0010000000474974513
1.036889428635782,0.8654708520179372,0.01084454393449902,0.9984894259818731,0.00010000000474974513
1.1152105510416175,0.8654708520179372,0.005322998593825858,1.0,0.00010000000474974513
1.0282903347148626,0.8654708520179372,0.003561763076251786,1.0,0.00010000000474974513
0.9953989944116789,0.8654708520179372,0.00390236529485197,1.0,0.00010000000474974513
0.861038535371454,0.8834080717488789,0.003972374085279156,1.0,0.00010000000474974513
