precision,accuracy,recall,duration,f1,auc
0.5224277963131466,0.7454545454545455,0.5925925925925926,18.142277240753174,0.5516651459854014,0.7957195750718018
