precision,accuracy,recall,duration,f1,auc
0.8805970149253731,0.7808219178082192,0.6363636363636364,1892.1268179416656,0.6464891041162227,0.26856803327391565
