precision,accuracy,recall,duration,f1,auc
0.7970201238390093,0.8318181818181818,0.8047146401985112,1104.8401203155518,0.8006416693198795,0.20585607940446654
