precision,accuracy,recall,duration,f1,auc
0.5032245360114213,0.6818181818181818,0.49743589743589745,132.95650386810303,0.4705013788461121,0.6573751717819514
