val_loss,val_acc,loss,acc,lr
7.541494334509616,0.5321100917431193,7.221563096531851,0.5284431134155411,0.009999999776482582
7.541494334509616,0.5321100917431193,7.55234126416509,0.5314371268192452,0.009999999776482582
7.541494334509616,0.5321100917431193,7.552341238467279,0.5314371258377315,0.009999999776482582
7.541494334509616,0.5321100917431193,7.552341267020402,0.53143712592696,0.009999999776482582
7.541494334509616,0.5321100917431193,7.552341204203532,0.531437125748503,0.009999999776482582
7.541494334509616,0.5321100917431193,7.5523410557272905,0.5314371250346749,0.009999999776482582
7.541494334509616,0.5321100917431193,7.552341135676036,0.5314371253915889,0.009999999776482582
7.541494334509616,0.5321100917431193,7.5523411642291585,0.531437125748503,0.009999999776482582
7.541494334509616,0.5321100917431193,7.552341124254786,0.531437126105417,0.009999999776482582
7.541494334509616,0.5321100917431193,7.552341147097285,0.5314371250346749,0.009999999776482582
7.541494334509616,0.5321100917431193,7.5523411585185345,0.531437125748503,0.009999999776482582
7.541494334509616,0.5321100917431193,7.5523411042676,0.5314371268192452,0.004999999888241291
7.541494334509616,0.5321100917431193,7.552341269875715,0.531437126105417,0.004999999888241291
7.541494334509616,0.5321100917431193,7.552341181361033,0.5314371252131319,0.004999999888241291
7.541494334509616,0.5321100917431193,7.552341289862901,0.53143712592696,0.004999999888241291
7.541494334509616,0.5321100917431193,7.552341169939783,0.531437126105417,0.004999999888241291
