precision,accuracy,recall,duration,f1,auc
0.3522727272727273,0.7045454545454546,0.5,382.51639199256897,0.41333333333333333,0.3807940446650124
