precision,accuracy,recall,duration,f1,auc
0.17727272727272728,0.5318181818181819,0.3333333333333333,466.63056802749634,0.23145400593471813,0.5854302917055954
