precision,accuracy,recall,duration,f1,auc
0.6906564230030505,0.7454545454545455,0.6674937965260546,4041.0268108844757,0.6757553426676493,0.3263523573200993
