precision,accuracy,recall,duration,f1,auc
0.8771374608439285,0.8407079646017699,0.7874172812105492,136.07668352127075,0.8187793832840161,0.8463258555762733
