val_loss,val_acc,loss,acc,lr
5.032346736252038,0.6877827881687907,4.270233524851053,0.6746987988611302,0.009999999776482582
5.032346736252038,0.6877827881687907,4.806299648371088,0.7018072334039642,0.009999999776482582
5.032346736252038,0.6877827881687907,4.806299650525472,0.7018072289156626,0.009999999776482582
5.032346736252038,0.6877827881687907,4.806299599538367,0.7018072260431496,0.009999999776482582
5.032346736252038,0.6877827881687907,4.806299482483461,0.7018072274794062,0.009999999776482582
5.032346736252038,0.6877827881687907,4.806299621800342,0.7018072423805674,0.009999999776482582
5.032346736252038,0.6877827881687907,4.806299719465784,0.7018072215548481,0.001999999862164259
5.032346736252038,0.6877827881687907,4.806299670633063,0.7018072260431496,0.001999999862164259
5.032346736252038,0.6877827881687907,4.806299479610948,0.7018072246068932,0.001999999862164259
5.032346736252038,0.6877827881687907,4.806299623236598,0.7018072319677077,0.001999999862164259
5.032346736252038,0.6877827881687907,4.806299552141902,0.7018072260431496,0.001999999862164259
5.032346736252038,0.6877827881687907,4.806299670633063,0.7018072260431496,0.0003999999607913196
5.032346736252038,0.6877827881687907,4.806299623236598,0.7018072319677077,0.0003999999607913196
5.032346736252038,0.6877827881687907,4.806299624672855,0.7018072274794062,0.0003999999607913196
5.032346736252038,0.6877827881687907,4.8062995535781585,0.7018072274794062,0.0003999999607913196
5.032346736252038,0.6877827881687907,4.8062995047454375,0.7018072378922657,0.0003999999607913196
