precision,accuracy,recall,duration,f1,auc
0.5765199161425576,0.7954545454545454,0.6302477183833116,21.663955211639404,0.5963860098598657,0.8806617569329435
