precision,accuracy,recall,duration,f1,auc
0.7270822859058153,0.7625570776255708,0.6344526344526344,232.52694654464722,0.6554589539789792,0.902670695774144
