val_loss,val_acc,loss,acc,lr
11.34771741772981,0.29596412556053814,11.181359667432272,0.30362537764350456,0.009999999776482582
11.34771741772981,0.29596412556053814,11.224232597293451,0.30362537764350456,0.009999999776482582
11.34771741772981,0.29596412556053814,11.224232596573152,0.30362537764350456,0.009999999776482582
11.34771741772981,0.29596412556053814,11.224232595852854,0.30362537764350456,0.009999999776482582
11.34771741772981,0.29596412556053814,11.224232595852854,0.30362537764350456,0.009999999776482582
11.34771741772981,0.29596412556053814,11.224232596573152,0.30362537764350456,0.009999999776482582
11.34771741772981,0.29596412556053814,11.224232597293451,0.30362537764350456,0.009999999776482582
11.34771741772981,0.29596412556053814,11.224232596573152,0.30362537764350456,0.009999999776482582
11.34771741772981,0.29596412556053814,11.224232597293451,0.30362537764350456,0.009999999776482582
11.34771741772981,0.29596412556053814,11.224232595852854,0.30362537764350456,0.009999999776482582
11.34771741772981,0.29596412556053814,11.224232596213003,0.30362537764350456,0.009999999776482582
11.34771741772981,0.29596412556053814,11.224232597293451,0.30362537764350456,0.001999999862164259
11.34771741772981,0.29596412556053814,11.224232596573152,0.30362537764350456,0.001999999862164259
11.34771741772981,0.29596412556053814,11.224232596573152,0.30362537764350456,0.001999999862164259
11.34771741772981,0.29596412556053814,11.2242325976536,0.30362537764350456,0.001999999862164259
11.34771741772981,0.29596412556053814,11.224232597293451,0.30362537764350456,0.001999999862164259
