precision,accuracy,recall,duration,f1,auc
0.5571193753852476,0.7853881278538812,0.6226924416579589,239.4104733467102,0.5832379426129426,0.8909340374857617
