precision,accuracy,recall,duration,f1,auc
0.40698684537105984,0.6017699115044248,0.4645897986790801,10.003130912780762,0.43087269314982796,0.743803483598184
