precision,accuracy,recall,duration,f1,auc
0.6620490620490621,0.6045454545454545,0.5716449242765033,562.8168008327484,0.47042942373338853,0.6648401905486926
