precision,accuracy,recall,duration,f1,auc
0.6784981892752738,0.7227272727272728,0.7133396760515405,794.6638069152832,0.681358685796416,0.8732501732501733
