val_loss,val_acc,loss,acc,lr
4.914934953766555,0.6950672628366359,4.561551052277902,0.7009063440507273,0.009999999776482582
4.914934953766555,0.6950672628366359,4.845167672165931,0.6993957696724514,0.009999999776482582
4.914934953766555,0.6950672628366359,4.845167647675805,0.6993957702126747,0.009999999776482582
4.914934953766555,0.6950672628366359,4.845167700257546,0.6993957711130471,0.009999999776482582
4.914934953766555,0.6950672628366359,4.84516766928474,0.6993957707528982,0.009999999776482582
4.914934953766555,0.6950672628366359,4.845167716824396,0.6993957702126747,0.009999999776482582
4.914934953766555,0.6950672628366359,4.845167667123847,0.6993957705728236,0.009999999776482582
4.914934953766555,0.6950672628366359,4.845167657039677,0.6993957694923769,0.009999999776482582
4.914934953766555,0.6950672628366359,4.845167706740226,0.6993957696724514,0.009999999776482582
4.914934953766555,0.6950672628366359,4.8451677031387375,0.6993957700326003,0.009999999776482582
4.914934953766555,0.6950672628366359,4.845167702778588,0.6993957712931215,0.009999999776482582
4.914934953766555,0.6950672628366359,4.845167649116401,0.6993957696724514,0.001999999862164259
4.914934953766555,0.6950672628366359,4.845167655599082,0.6993957705728236,0.001999999862164259
4.914934953766555,0.6950672628366359,4.845167665683251,0.6993957711130471,0.001999999862164259
4.914934953766555,0.6950672628366359,4.845167680809505,0.6993957707528982,0.001999999862164259
4.914934953766555,0.6950672628366359,4.845167599415851,0.6993957700326003,0.001999999862164259
