precision,accuracy,recall,duration,f1,auc
0.9015171918484604,0.9272727272727272,0.9439205955334988,38.52773094177246,0.9174174174174174,0.007841191066997526
