val_loss,val_acc,loss,acc,lr
5.871963996447005,0.6053811659192825,4.25456511848244,0.6344410876132931,0.009999999776482582
4.156980696677956,0.6278026905829597,3.605114169122572,0.6918429003021148,0.009999999776482582
1.3192411214314221,0.6995515695067265,1.2983122961848885,0.6827794561933535,0.009999999776482582
1.3564179634856042,0.6636771300448431,0.6708500776946364,0.7477341389728097,0.009999999776482582
4.862019323867343,0.5336322869955157,0.6879408332066234,0.6933534743202417,0.009999999776482582
1.0034371945488103,0.6188340807174888,0.6002585120116476,0.7401812688821753,0.009999999776482582
1.0112136550035067,0.6905829596412556,0.6119947930477176,0.7462235649546828,0.009999999776482582
1.259723967559335,0.7533632286995515,0.6354394670339509,0.7416918429003021,0.009999999776482582
1.6302676301876569,0.515695067264574,0.6076654730606655,0.7250755287009063,0.009999999776482582
1.0942155614812679,0.6367713005820732,0.5812096047437443,0.7522658610271903,0.009999999776482582
1.4415429318458484,0.6412556053811659,0.5184072018164883,0.7824773413897281,0.009999999776482582
1.389883740414015,0.6143497757847534,0.5620642320627173,0.7734138972809668,0.009999999776482582
8.736749372146805,0.29596412556053814,0.48253304387507484,0.8021148036253777,0.009999999776482582
2.3890972354322835,0.36771300448430494,0.4947291132670425,0.7794561933534743,0.009999999776482582
1.4117230020441671,0.600896860986547,0.5329624615226988,0.7779456193353474,0.009999999776482582
1.3464329895561662,0.5112107623318386,0.5040432200387255,0.7990936555891238,0.009999999776482582
1.104911147128662,0.6233183856502242,0.46332758784384165,0.8096676737160121,0.004999999888241291
1.3880913926390381,0.57847533632287,0.4268942905471764,0.8323262839879154,0.004999999888241291
1.7460741613356756,0.5829596412556054,0.40594328598898705,0.8429003021148036,0.004999999888241291
4.036234640764963,0.4125560538116592,0.4053213709509535,0.8368580060422961,0.004999999888241291
1.5446691814901852,0.5784753364565126,0.4023302181249659,0.8338368580060423,0.004999999888241291
