precision,accuracy,recall,duration,f1,auc
0.51241969387453,0.7727272727272727,0.6233618233618233,61.14487862586975,0.5623929794520548,0.7724863605430409
