precision,accuracy,recall,duration,f1,auc
0.7009427531478695,0.6894977168949772,0.535433552674932,70.74007034301758,0.5210897262130659,0.756918556487522
