precision,accuracy,recall,duration,f1,auc
0.7747058823529411,0.8045454545454546,0.7317617866004963,61.29940462112427,0.7468896321070233,0.12069478908188586
