precision,accuracy,recall,duration,f1,auc
0.8282186745190874,0.8401826484018264,0.7193204175962796,18.907710552215576,0.7248633906426248,0.9133783077748595
