precision,accuracy,recall,duration,f1,auc
0.7754237288135593,0.759090909090909,0.8290322580645162,441.93662190437317,0.752078416363675,0.1910669975186104
