precision,accuracy,recall,duration,f1,auc
0.530069226901806,0.7272727272727273,0.562962962962963,9.46517825126648,0.5335182059319991,0.6743272546916272
