precision,accuracy,recall,duration,f1,auc
0.9147711701836119,0.8767123287671232,0.7997623291740938,1062.2764706611633,0.8330462772115087,0.19974252327193504
