precision,accuracy,recall,duration,f1,auc
0.9007936507936508,0.7787610619469026,0.6617180560842533,222.3147954940796,0.7070122980467808,0.8459236868761816
