precision,accuracy,recall,duration,f1,auc
0.5373737373737374,0.7454545454545455,0.5834757834757834,17.57992672920227,0.5504728132387707,0.7842918440084432
