precision,accuracy,recall,duration,f1,auc
0.6050389338125187,0.7454545454545455,0.5893987104513421,9.364286661148071,0.5670270124723659,0.7982311960044753
