precision,accuracy,recall,duration,f1,auc
0.556544829740706,0.6636363636363637,0.559969226070921,1839.1610896587372,0.5223568957211054,0.7683627564983496
