val_loss,val_acc,loss,acc,lr
4.731917990183612,0.7064220303789192,4.38885947994313,0.6626323815012483,0.009999999776482582
4.731917990183612,0.7064220303789192,4.803728906542018,0.70196671420976,0.009999999776482582
4.731917990183612,0.7064220303789192,4.803728977959383,0.7019667201612071,0.009999999776482582
4.731917990183612,0.7064220303789192,4.803729003388294,0.7019667216039822,0.009999999776482582
4.731917990183612,0.7064220303789192,4.803728954153595,0.7019667082583129,0.009999999776482582
4.731917990183612,0.7064220303789192,4.803729050999871,0.7019667216039822,0.009999999776482582
4.731917990183612,0.7064220303789192,4.8037288827362294,0.70196671420976,0.004999999888241291
4.731917990183612,0.7064220303789192,4.8037288843593515,0.701966709701088,0.004999999888241291
4.731917990183612,0.7064220303789192,4.803728787513075,0.70196671420976,0.004999999888241291
4.731917990183612,0.7064220303789192,4.803728906542018,0.7019667201612071,0.004999999888241291
4.731917990183612,0.7064220303789192,4.803729050999871,0.701966709701088,0.004999999888241291
4.731917990183612,0.7064220303789192,4.803728979582505,0.701966709701088,0.0024999999441206455
4.731917990183612,0.7064220303789192,4.803728979582505,0.7019667275554293,0.0024999999441206455
4.731917990183612,0.7064220303789192,4.803729001765172,0.7019667201612071,0.0024999999441206455
4.731917990183612,0.7064220303789192,4.803728979582505,0.7019667216039822,0.0024999999441206455
4.731917990183612,0.7064220303789192,4.803728930347806,0.70196671420976,0.0024999999441206455
