precision,accuracy,recall,duration,f1,auc
0.5311877394636015,0.8,0.6330725771403737,13.435517311096191,0.5775303277204418,0.7906509508204423
