val_loss,val_acc,loss,acc,lr
0.5991859123311235,0.7040358727021068,0.6200472354168618,0.6963746219963466,9.999999747378752e-05
0.5943119159728423,0.7040358727021068,0.6077707208175314,0.6963746227166444,9.999999747378752e-05
0.596290914199812,0.7040358727021068,0.5967295535381467,0.6963746225365699,9.999999747378752e-05
0.5916048724020543,0.7040358727021068,0.5884563146761177,0.6963746230767933,9.999999747378752e-05
0.6026632759068579,0.7040358727021068,0.5739519743760907,0.6963746219963466,9.999999747378752e-05
0.5932855894747336,0.7040358727021068,0.5636226325957077,0.6963746230767933,9.999999747378752e-05
0.5821161120461776,0.7040358727021068,0.5486776652292903,0.7069486401232348,9.999999747378752e-05
0.611899236927118,0.63228699377834,0.5346146554565142,0.714501510934167,9.999999747378752e-05
0.5920017973724502,0.7040358727021068,0.5166054733570249,0.714501510934167,9.999999747378752e-05
0.571155389328174,0.7713004466931381,0.4959377043196802,0.7522658603068925,9.999999747378752e-05
0.597753728986321,0.6457399083092609,0.4829605224449469,0.7492447124507132,9.999999747378752e-05
0.5759778707016744,0.6771300431056942,0.46066204109580855,0.761329306036324,9.999999747378752e-05
0.6175567039994381,0.6008968597837627,0.44617381187724203,0.773413896560669,9.999999747378752e-05
0.5954945707534995,0.6457399085765462,0.44185621131582925,0.8141993955903183,9.999999747378752e-05
0.5856164314287126,0.6591928236420379,0.4228341296720361,0.8172205441667955,9.999999747378752e-05
0.5977014971420904,0.6681614332402234,0.4089961453506954,0.8323262838078409,9.999999747378752e-05
0.6027088956447995,0.6816143480384297,0.3997575418286453,0.8353474314839459,9.999999747378752e-05
0.610458784039245,0.6591928239093233,0.39093041636072257,0.8277945628339071,9.999999747378752e-05
0.6249871772500967,0.6502242143111379,0.37806261666231644,0.8444108764930794,9.999999747378752e-05
0.6073456655168747,0.6950672628366359,0.3689435154109563,0.8549848940797443,9.999999747378752e-05
0.6196354376360974,0.6636771289757014,0.3633034541707745,0.8580060417558492,4.999999873689376e-05
0.6047680901839594,0.7174887873666703,0.3574812055714541,0.8610271901522518,4.999999873689376e-05
0.6058718735861671,0.7130044824339349,0.35726007486037975,0.8610271897921029,4.999999873689376e-05
0.6374719191025191,0.6681614340420796,0.3512018379668095,0.8640483383685801,4.999999873689376e-05
0.6358393601772496,0.6681614340420796,0.3477271052465698,0.8670694865849083,4.999999873689376e-05
