precision,accuracy,recall,duration,f1,auc
0.5127969348659004,0.7636363636363637,0.6131054131054131,98.94682955741882,0.558306070519811,0.7792530306700346
