precision,accuracy,recall,duration,f1,auc
0.9828643578643579,0.9867256637168141,0.9865061335756474,604.0913646221161,0.9846561205784505,0.0007269422989550207
