val_loss,val_acc,loss,acc,lr
0.48800720222275107,0.8394495412844036,0.36877342515291134,0.8381240544629349,9.999999747378752e-06
0.31594894646422367,0.8623853211009175,0.21369568122136612,0.9183055975794251,9.999999747378752e-06
0.25231840338001515,0.9036697247706422,0.1498972800153106,0.9576399394856279,9.999999747378752e-06
0.5989222597141517,0.8577981651376146,0.15366765172551872,0.9470499243570348,9.999999747378752e-06
0.6857136124801083,0.8807339449541285,0.1209052669366261,0.9606656580937972,9.999999747378752e-06
0.5917541556882581,0.8807339449541285,0.10498320403735685,0.972768532526475,9.999999747378752e-06
0.7270820502921689,0.8577981651376146,0.12088805693800529,0.9576399394856279,9.999999747378752e-06
0.6850935985278013,0.8853211009174312,0.09128512430417601,0.9757942511346445,9.999999747378752e-06
0.5934582585940991,0.8944954128440367,0.07079499134999585,0.9773071104387292,4.999999873689376e-06
0.6969437606728849,0.8853211009174312,0.07235852402385533,0.983358547655068,4.999999873689376e-06
0.7412972495857411,0.8715596330275229,0.0756356171360479,0.9773071104387292,4.999999873689376e-06
0.6894571311102882,0.8807339449541285,0.06942209639725995,0.983358547655068,4.999999873689376e-06
0.7253816522549533,0.8715596330275229,0.08761453228536288,0.9682299546142209,4.999999873689376e-06
0.7259092281453101,0.8715596330275229,0.05617867310358135,0.989409984871407,2.499999936844688e-06
0.7321544104905807,0.8486238532110092,0.047065225789822224,0.9909228441754917,2.499999936844688e-06
0.7991260823533644,0.8486238532110092,0.04723387592191753,0.9954614220877458,2.499999936844688e-06
0.7079156360148005,0.8807339449541285,0.046049194817632755,0.9939485627836612,2.499999936844688e-06
0.8452614063071701,0.8532110091743119,0.05383168314773809,0.9848714069591528,2.499999936844688e-06
