precision,accuracy,recall,duration,f1,auc
0.589903168474597,0.6363636363636364,0.5729644624381467,108.27601528167725,0.5797023593466425,0.7367158033149938
