precision,accuracy,recall,duration,f1,auc
0.7576058201058201,0.7389380530973452,0.6643439811260293,21.99509334564209,0.6784171298005447,0.7954203308106388
