precision,accuracy,recall,duration,f1,auc
0.34292035398230086,0.6858407079646017,0.5,56.640360593795776,0.4068241469816273,0.36283507496592454
