precision,accuracy,recall,duration,f1,auc
0.553849902534113,0.8053097345132744,0.6338028169014085,2226.6160423755646,0.5905038860327846,0.7352315911041144
