precision,accuracy,recall,duration,f1,auc
0.8293969849246231,0.771689497716895,0.6298276886512181,855.0282101631165,0.638279598308668,0.28475935828877
