precision,accuracy,recall,duration,f1,auc
0.45088321260643033,0.6454545454545455,0.5299145299145299,180.01062440872192,0.48550343133180013,0.7941093694130131
