precision,accuracy,recall,duration,f1,auc
0.7982108047897521,0.6991150442477876,0.6003722748769299,13.919551610946655,0.6310162152201954,0.7876081500454859
