precision,accuracy,recall,duration,f1,auc
0.4160873882820258,0.6272727272727273,0.5230769230769231,17.29790759086609,0.45598845598845594,0.7115874828425436
