precision,accuracy,recall,duration,f1,auc
0.5871794871794872,0.7227272727272728,0.6027508603779791,38.64825129508972,0.5940195366301894,0.8496975463077158
