precision,accuracy,recall,duration,f1,auc
0.8430303856111186,0.8363636363636363,0.7498759305210918,981.5869679450989,0.7762964636764207,0.08744416873449132
