val_loss,val_acc,loss,acc,lr
2.145017325498688,0.7309417040358744,0.7390629427658595,0.783987915407855,0.0010000000474974513
3.789547792148277,0.695067264573991,0.3950222574073376,0.8625377643504532,0.0010000000474974513
1.1523356846381885,0.8340807174887892,0.25427407010408737,0.904833836858006,0.0010000000474974513
1.2666252212882314,0.695067264573991,0.17725827978218567,0.9395770392749244,0.0010000000474974513
2.6726684761313177,0.7982062780269058,0.1596569403739322,0.93202416918429,0.0010000000474974513
2.5600401467817515,0.7040358744394619,0.08463388857948237,0.9637462235649547,0.0010000000474974513
1.7363029967808097,0.8116591928251121,0.0672661157996028,0.9773413897280967,0.0010000000474974513
1.7329872621304574,0.820627802690583,0.06644713449314373,0.9788519637462235,0.0010000000474974513
1.5758925941384054,0.8385650224215246,0.0329380633938689,0.9879154078549849,0.00010000000474974513
1.5688115439792802,0.8430493273542601,0.024319128173934872,0.9909365558912386,0.00010000000474974513
1.6744738329978306,0.8161434977578476,0.015885020337944936,0.9984894259818731,0.00010000000474974513
1.5485969652464964,0.8385650224215246,0.01307133522032485,0.9969788519637462,0.00010000000474974513
1.8462888518360598,0.8116591928251121,0.022920824027928947,0.9924471299093656,0.00010000000474974513
1.679703591280911,0.8295964125560538,0.017757828902663045,0.9939577039274925,1.0000000656873453e-05
1.6595812024344418,0.8385650224215246,0.011041664955668558,0.9969788519637462,1.0000000656873453e-05
1.6866318393632822,0.8385650224215246,0.009740943266514727,0.9984894259818731,1.0000000656873453e-05
1.5799818107905816,0.8430493273542601,0.010099780432100079,1.0,1.0000000656873453e-05
1.5542530575208395,0.8385650224215246,0.01117124667260027,0.9969788519637462,1.0000000656873453e-05
