precision,accuracy,recall,duration,f1,auc
0.8621495327102804,0.7318181818181818,0.5461538461538462,30.266607761383057,0.5045612427955266,0.060843672456575695
