precision,accuracy,recall,duration,f1,auc
0.5432573029211684,0.7351598173515982,0.5649599442702891,721.4011340141296,0.5381980338502077,0.8818132395718603
