val_loss,val_acc,loss,acc,lr
4.731917997019009,0.7064220183486238,4.7815815224770155,0.7019667170953101,0.0010000000474974513
4.731917997019009,0.7064220183486238,4.803728943873823,0.7019667170953101,0.0010000000474974513
4.731917997019009,0.7064220183486238,4.8037289422507,0.7019667170953101,0.0010000000474974513
4.731917997019009,0.7064220183486238,4.803728943513129,0.7019667170953101,0.0010000000474974513
4.731917997019009,0.7064220183486238,4.803728943332782,0.7019667170953101,0.0010000000474974513
4.731917997019009,0.7064220183486238,4.803728944234517,0.7019667170953101,0.0010000000474974513
4.731917997019009,0.7064220183486238,4.803728944234517,0.7019667170953101,0.0010000000474974513
4.731917997019009,0.7064220183486238,4.803728943873823,0.7019667170953101,0.0010000000474974513
4.731917997019009,0.7064220183486238,4.803728941709661,0.7019667170953101,0.0010000000474974513
4.731917997019009,0.7064220183486238,4.803728943513129,0.7019667170953101,0.0010000000474974513
4.731917997019009,0.7064220183486238,4.80372894170966,0.7019667170953101,0.0010000000474974513
4.731917997019009,0.7064220183486238,4.803728946037985,0.7019667170953101,0.0005000000237487257
4.731917997019009,0.7064220183486238,4.803728943873822,0.7019667170953101,0.0005000000237487257
4.731917997019009,0.7064220183486238,4.803728945496944,0.7019667170953101,0.0005000000237487257
4.731917997019009,0.7064220183486238,4.803728942791741,0.7019667170953101,0.0005000000237487257
4.731917997019009,0.7064220183486238,4.803728947480761,0.7019667170953101,0.0005000000237487257
