precision,accuracy,recall,duration,f1,auc
0.822573022024766,0.8545454545454545,0.8387096774193549,102.03420424461365,0.8297213622291022,0.07146401985111664
