val_loss,val_acc,loss,acc,lr
4.914934995997653,0.695067264573991,4.827672765694356,0.6963746223564955,0.009999999776482582
4.914934995997653,0.695067264573991,4.845167676487719,0.6993957703927492,0.009999999776482582
4.914934995997653,0.695067264573991,4.845167680449356,0.6993957703927492,0.009999999776482582
4.914934995997653,0.695067264573991,4.845167680449356,0.6993957703927492,0.009999999776482582
4.914934995997653,0.695067264573991,4.845167682250102,0.6993957703927492,0.009999999776482582
4.914934995997653,0.695067264573991,4.845167676487719,0.6993957703927492,0.009999999776482582
4.914934995997653,0.695067264573991,4.845167679729058,0.6993957703927492,0.009999999776482582
4.914934995997653,0.695067264573991,4.84516767900876,0.6993957703927492,0.009999999776482582
4.914934995997653,0.695067264573991,4.845167677928314,0.6993957703927492,0.009999999776482582
4.914934995997653,0.695067264573991,4.8451676754072714,0.6993957703927492,0.009999999776482582
4.914934995997653,0.695067264573991,4.845167684771143,0.6993957703927492,0.009999999776482582
4.914934995997653,0.695067264573991,4.845167683330548,0.6993957703927492,0.0009999999310821295
4.914934995997653,0.695067264573991,4.845167680089207,0.6993957703927492,0.0009999999310821295
4.914934995997653,0.695067264573991,4.845167677568165,0.6993957703927492,0.0009999999310821295
4.914934995997653,0.695067264573991,4.845167681169655,0.6993957703927492,0.0009999999310821295
4.914934995997653,0.695067264573991,4.845167679008761,0.6993957703927492,0.0009999999310821295
