precision,accuracy,recall,duration,f1,auc
0.8901098901098901,0.911504424778761,0.935483870967742,109.08681511878967,0.9037888463175819,0.04425261244888688
