precision,accuracy,recall,duration,f1,auc
0.6917335115864528,0.7090909090909091,0.7140784852649259,61.267759561538696,0.6876012004441555,0.8739055874649094
