val_loss,val_acc,loss,acc,lr
4.9149351547651765,0.6950672549517165,4.30790662729488,0.6767371549887239,0.009999999776482582
4.9149351547651765,0.6950672549517165,4.845167722946927,0.6993957658908878,0.009999999776482582
4.9149351547651765,0.6950672549517165,4.845167794256412,0.6993957658908878,0.009999999776482582
4.9149351547651765,0.6950672549517165,4.845167863765152,0.6993957763352063,0.009999999776482582
4.9149351547651765,0.6950672549517165,4.845167673606527,0.6993957644502922,0.009999999776482582
4.9149351547651765,0.6950672549517165,4.845167839995324,0.6993957703927492,0.009999999776482582
4.9149351547651765,0.6950672549517165,4.845167794256412,0.6993957718333449,0.009999999776482582
4.9149351547651765,0.6950672549517165,4.845167554757386,0.6993957644502922,0.009999999776482582
4.9149351547651765,0.6950672549517165,4.845167697376355,0.6993957703927492,0.009999999776482582
4.9149351547651765,0.6950672549517165,4.845167699177099,0.6993957718333449,0.009999999776482582
4.9149351547651765,0.6950672549517165,4.845167816225495,0.6993957763352063,0.009999999776482582
4.9149351547651765,0.6950672549517165,4.845167746716756,0.6993957658908878,0.004999999888241291
4.9149351547651765,0.6950672549517165,4.845167721146183,0.6993957763352063,0.004999999888241291
4.9149351547651765,0.6950672549517165,4.845167699177099,0.6993957658908878,0.004999999888241291
4.9149351547651765,0.6950672549517165,4.845167699177099,0.6993957718333449,0.004999999888241291
4.9149351547651765,0.6950672549517165,4.845167721146183,0.6993957763352063,0.004999999888241291
