precision,accuracy,recall,duration,f1,auc
0.6293919177977149,0.6318181818181818,0.6414449651737787,35.30838894844055,0.6032529653893192,0.8838853847328423
