precision,accuracy,recall,duration,f1,auc
0.8642963514519733,0.8805309734513275,0.8556565197637438,22.78174591064453,0.8597467074263911,0.03816447069513858
