precision,accuracy,recall,duration,f1,auc
0.4170528948723608,0.6045454545454545,0.4102564102564103,42.34813332557678,0.36337181337181335,0.6828223921444261
