precision,accuracy,recall,duration,f1,auc
0.8220702327480605,0.85,0.813151364764268,29.172096729278564,0.8173630852054037,0.10431761786600499
