precision,accuracy,recall,duration,f1,auc
0.9226519337016574,0.8721461187214612,0.7878787878787878,347.78284192085266,0.8234684477199448,0.013170924935630816
