precision,accuracy,recall,duration,f1,auc
0.847748447204969,0.821917808219178,0.7217765894236483,337.1869330406189,0.7490671915856275,0.08358090711031887
