precision,accuracy,recall,duration,f1,auc
0.6592275670675302,0.7318181818181818,0.6664869563174648,22.28413701057434,0.6600299660001153,0.810283425537663
