precision,accuracy,recall,duration,f1,auc
0.8421052631578947,0.8636363636363636,0.9032258064516129,4.487231492996216,0.8526785714285714,0.01727047146401986
