precision,accuracy,recall,duration,f1,auc
0.6212856205474316,0.7214611872146118,0.6196706110499214,31.700846910476685,0.6188878337026485,0.8532011635459912
