precision,accuracy,recall,duration,f1,auc
0.4488031914893617,0.6409090909090909,0.4512820512820513,73.5548849105835,0.41515621139635694,0.7048163548163547
