val_loss,val_acc,loss,acc,lr
4.805854147727336,0.7018348793371008,4.512308725696838,0.6736527012136881,0.009999999776482582
4.805854147727336,0.7018348793371008,4.849905878483892,0.6991017890904478,0.009999999776482582
4.805854147727336,0.7018348793371008,4.849906044805835,0.699101790518104,0.009999999776482582
4.805854147727336,0.7018348793371008,4.849906021249509,0.6991017846290223,0.009999999776482582
4.805854147727336,0.7018348793371008,4.849906069789818,0.6991017978348418,0.009999999776482582
4.805854147727336,0.7018348793371008,4.849906000548494,0.6991017933734163,0.009999999776482582
4.805854147727336,0.7018348793371008,4.849905999120838,0.6991017919457602,0.009999999776482582
4.805854147727336,0.7018348793371008,4.849906024104821,0.6991017992624979,0.009999999776482582
4.805854147727336,0.7018348793371008,4.849905999120838,0.6991017919457602,0.009999999776482582
4.805854147727336,0.7018348793371008,4.84990605051646,0.6991017948010725,0.009999999776482582
4.805854147727336,0.7018348793371008,4.849905999120838,0.6991017919457602,0.009999999776482582
4.805854147727336,0.7018348793371008,4.849906066934506,0.6991017949795295,0.001999999862164259
4.805854147727336,0.7018348793371008,4.849905974136855,0.6991017846290223,0.001999999862164259
4.805854147727336,0.7018348793371008,4.849905952008185,0.6991017978348418,0.001999999862164259
4.805854147727336,0.7018348793371008,4.849905927024202,0.6991017846290223,0.001999999862164259
4.805854147727336,0.7018348793371008,4.849905999120838,0.6991017919457602,0.001999999862164259
