precision,accuracy,recall,duration,f1,auc
0.6168207765249799,0.6909090909090909,0.6226364565347616,16.593811511993408,0.6122369749204131,0.8226252980490267
