precision,accuracy,recall,duration,f1,auc
0.9486062717770035,0.9409090909090909,0.9089330024813895,1565.149335384369,0.9259048161869479,0.006054590570719606
