val_loss,val_acc,loss,acc,lr
0.5637674083089614,0.7488789237668162,0.7272743361233944,0.6646525677957563,0.0010000000474974513
0.5375422030820974,0.7040358749740326,0.5000069280045271,0.7749244714791681,0.0010000000474974513
0.4039719767634644,0.8161434977578476,0.4309493481122475,0.7885196374622356,0.0010000000474974513
0.35966391520649865,0.8475336326879236,0.3869764872368009,0.8413897279166023,0.0010000000474974513
0.3889111438139672,0.8071748878923767,0.28216575133386335,0.8836858006042296,0.0010000000474974513
0.2991199978531209,0.8654708520179372,0.29145917098327706,0.8927492445329165,0.0010000000474974513
0.2798373326325096,0.8251121076233184,0.2874583514165302,0.885196374442282,0.0010000000474974513
0.6013851206198402,0.7309417051050161,0.28336475226814295,0.8821752267661772,0.0010000000474974513
0.3457620884270946,0.8295964125560538,0.24703057733817402,0.8761329305135952,0.0010000000474974513
0.5290603952925034,0.8340807185579309,0.18680531966001965,0.9365558912386707,0.0010000000474974513
0.4786363987110121,0.8026905842960683,0.19977460459459945,0.9274924469498349,0.0010000000474974513
0.31150812632299857,0.843049328690687,0.21447048063904858,0.9078549848942599,0.0010000000474974513
0.5314800022963451,0.8161434977578476,0.16784427137173194,0.93957703909485,0.0010000000474974513
0.39846797828717084,0.8340807174887892,0.2524578029295469,0.8927492448930654,0.0010000000474974513
0.6684827556992325,0.8071748892288036,0.1568149793499186,0.9335347432024169,0.0010000000474974513
0.30333322206420216,0.8968609869480133,0.21293989695000864,0.9108761329305136,0.0010000000474974513
0.4040718645926548,0.843049328690687,0.1697389052736255,0.9274924471299094,0.0010000000474974513
0.3237133048842306,0.8968609866807279,0.13784637763601054,0.9486404835637603,0.00020000000949949026
0.29059307845184085,0.8878923771493638,0.11877136886840141,0.951661631600014,0.00020000000949949026
0.30096781350705654,0.9013452918807487,0.10644368211994809,0.9531722054380665,0.00020000000949949026
0.310441325030252,0.9013452921480342,0.11532362589888343,0.9501510574018127,0.00020000000949949026
0.32442247297932214,0.9147982078817393,0.1117455230440573,0.9561933534743202,0.00020000000949949026
