precision,accuracy,recall,duration,f1,auc
0.8010416666666667,0.8318181818181818,0.786848635235732,131.0689253807068,0.7932698412698413,0.10133995037220843
