precision,accuracy,recall,duration,f1,auc
0.7752380952380953,0.8,0.715136476426799,13.006494760513306,0.7333333333333334,0.10362282878411912
