val_loss,val_acc,loss,acc,lr
0.82494199847293,0.6771300448430493,0.8970182348053981,0.5876132930513596,9.999999747378752e-06
0.7756030888948172,0.6995515695067265,0.751188083852886,0.6918429003021148,9.999999747378752e-06
0.6930690036435098,0.6412556053811659,0.7056269149585793,0.7190332326283988,9.999999747378752e-06
1.7381046997513454,0.7309417040358744,0.6332872601344146,0.7613293051359517,9.999999747378752e-06
1.209167044804376,0.7085201793721974,0.5326189493979933,0.8308157099697885,9.999999747378752e-06
2.565898774763895,0.3542600896860987,0.43225429720298764,0.8761329305135952,9.999999747378752e-06
1.6338840127825887,0.7040358744394619,0.3866058174138073,0.8927492447129909,9.999999747378752e-06
1.316803321799449,0.7443946188340808,0.3278670066691868,0.8882175226586103,9.999999747378752e-06
1.260630813590644,0.7174887892376681,0.3300133512391965,0.8942598187311178,9.999999747378752e-06
1.4304222492824152,0.5426008968609866,0.33085626446757344,0.8851963746223565,9.999999747378752e-06
2.1690677551564987,0.7040358744394619,0.3152588596680058,0.877643504531722,9.999999747378752e-06
1.4634685075871927,0.547085201793722,0.30729192130132565,0.8836858006042296,9.999999747378752e-06
2.978760992926381,0.57847533632287,0.30495116574368986,0.8987915407854985,9.999999747378752e-06
1.1690165618154083,0.5605381165919282,0.24515282723411153,0.9123867069486404,4.999999873689376e-06
1.1822191924183338,0.7040358744394619,0.2700007671062635,0.9108761329305136,4.999999873689376e-06
1.6486194486410832,0.7130044843049327,0.29940425707843277,0.9003021148036254,4.999999873689376e-06
1.2192995916995129,0.5695067264573991,0.25467634861838645,0.9123867069486404,4.999999873689376e-06
1.45047974600595,0.7219730941704036,0.26796155583023396,0.8957703927492447,4.999999873689376e-06
