precision,accuracy,recall,duration,f1,auc
0.7646672298882944,0.7964601769911505,0.75620172648796,32.13725304603577,0.7600849256900213,0.1909132212630622
