precision,accuracy,recall,duration,f1,auc
0.6957809923911619,0.7727272727272727,0.6983461949563644,12.363558053970337,0.6968898676776688,0.8435668393295512
