precision,accuracy,recall,duration,f1,auc
0.7175771047513199,0.6454545454545455,0.7211001092357024,1437.804493188858,0.6529545009096135,0.8177836898175882
