precision,accuracy,recall,duration,f1,auc
0.8817733990147782,0.7818181818181819,0.6307692307692307,61.38024711608887,0.6402779670254803,0.38818858560794045
