precision,accuracy,recall,duration,f1,auc
0.9479768786127167,0.9181818181818182,0.8615384615384616,7.9110918045043945,0.8922038327526132,0.016377171215880892
