precision,accuracy,recall,duration,f1,auc
0.34292035398230086,0.6858407079646017,0.5,226.66389918327332,0.4068241469816273,0.476783280327124
