precision,accuracy,recall,duration,f1,auc
0.34292035398230086,0.6858407079646017,0.5,247.17161893844604,0.4068241469816273,0.339845524761472
