val_loss,val_acc,loss,acc,lr
4.731917990183612,0.7064220303789192,4.2722075988232815,0.6868381162093735,0.009999999776482582
4.731917990183612,0.7064220303789192,4.803728979582505,0.7019667156525351,0.009999999776482582
4.731917990183612,0.7064220303789192,4.803728979582505,0.7019667216039822,0.009999999776482582
4.731917990183612,0.7064220303789192,4.803729027194082,0.7019667156525351,0.009999999776482582
4.731917990183612,0.7064220303789192,4.803728977959383,0.70196671420976,0.009999999776482582
4.731917990183612,0.7064220303789192,4.803728931970928,0.701966709701088,0.009999999776482582
4.731917990183612,0.7064220303789192,4.8037288827362294,0.70196671420976,0.009999999776482582
4.731917990183612,0.7064220303789192,4.8037288843593515,0.7019667156525351,0.009999999776482582
4.731917990183612,0.7064220303789192,4.803728955776717,0.7019667216039822,0.009999999776482582
4.731917990183612,0.7064220303789192,4.803729027194082,0.7019667156525351,0.009999999776482582
4.731917990183612,0.7064220303789192,4.803729027194082,0.7019667216039822,0.009999999776482582
4.731917990183612,0.7064220303789192,4.803728979582505,0.7019667156525351,0.001999999862164259
4.731917990183612,0.7064220303789192,4.80372902557096,0.70196671420976,0.001999999862164259
4.731917990183612,0.7064220303789192,4.803728931970928,0.7019667156525351,0.001999999862164259
4.731917990183612,0.7064220303789192,4.803728977959383,0.70196671420976,0.001999999862164259
4.731917990183612,0.7064220303789192,4.8037290969883255,0.7019667201612071,0.001999999862164259
