precision,accuracy,recall,duration,f1,auc
0.7676105315449577,0.7964601769911505,0.7447523852794184,46.916261434555054,0.7538825757575758,0.13084961381190366
