val_loss,val_acc,loss,acc,lr
0.6659196483979531,0.7064220187587475,0.6662236315940765,0.6475037828696477,9.999999747378752e-05
0.5319204767909619,0.6972477072422657,0.528231103914408,0.7352496222360412,9.999999747378752e-05
0.5649830972382782,0.7798165141715916,0.4357389224729812,0.7881996979691799,9.999999747378752e-05
0.4620147002946346,0.7293577981651376,0.40538523358584533,0.8245083210868662,9.999999747378752e-05
0.40795935895464835,0.802752294398229,0.37669168897367644,0.8441754918596207,9.999999747378752e-05
0.3940253569445479,0.8073394503615318,0.3707805461674343,0.8305597583032052,9.999999747378752e-05
0.31057482383666785,0.8302752260768086,0.3783074914507354,0.8275340396950357,9.999999747378752e-05
0.3137535089199696,0.8256880701135058,0.3289403161104436,0.8456883512538789,9.999999747378752e-05
0.30060789522227893,0.8302752293577982,0.34770576622049676,0.8426626332769235,9.999999747378752e-05
0.3624077542522632,0.8394495412844036,0.32518998814152156,0.8683812407249762,9.999999747378752e-05
0.34964995277584143,0.8486238559451672,0.30430048866459536,0.8653555222069802,9.999999747378752e-05
0.40100727209804254,0.8256880742147428,0.2929864193054984,0.8729198188175773,9.999999747378752e-05
0.3318410671632224,0.8577981629502882,0.3042466914148807,0.8774583968200049,9.999999747378752e-05
0.3673344168709506,0.8532110119084699,0.2975941503282394,0.8759455373355732,9.999999747378752e-05
0.3669531081521183,0.8532110119084699,0.26432192441690344,0.8789712556732224,9.999999747378752e-05
0.3036077534523579,0.8532110091743119,0.2834637604665107,0.8804841150674806,9.999999747378752e-05
0.4145960706636446,0.8532110119084699,0.2716815846319819,0.8789712558535693,9.999999747378752e-05
0.3322761349995202,0.8623853216477491,0.2620102266320302,0.8835098337658235,9.999999747378752e-05
0.36174571644002146,0.8577981634971199,0.2509668227764193,0.9016641455050135,9.999999747378752e-05
0.32265506944525135,0.8669724737832306,0.22570121346912297,0.9001512862009288,9.999999747378752e-06
0.32368943922290017,0.8669724776110518,0.22937201869740248,0.9122541605434331,9.999999747378752e-06
0.31634183152826556,0.8669724737832306,0.23156942792360793,0.9031770047189248,9.999999747378752e-06
0.3394746608143553,0.8807339455009601,0.2225215186600245,0.913767019667171,9.999999747378752e-06
0.3329196641341262,0.8807339455009601,0.22025906965249245,0.9062027233270943,9.999999747378752e-06
