precision,accuracy,recall,duration,f1,auc
0.9379310344827586,0.8805309734513275,0.7653851034132725,749.5246708393097,0.7909495357078193,0.8696769101400278
