precision,accuracy,recall,duration,f1,auc
0.9930555555555556,0.995575221238938,0.9967741935483871,854.388667345047,0.9948853735261503,0.0
