val_loss,val_acc,loss,acc,lr
2.16507038307486,0.3901345291479821,1.0626632223619545,0.5845921450151057,0.0010000000474974513
2.1273780676725873,0.6681614349775785,0.814926296652624,0.6646525679758308,0.0010000000474974513
1.726009425988024,0.6143497757847534,0.6624504042975041,0.7129909365558912,0.0010000000474974513
3.647001270546209,0.5919282511210763,0.5575589407010291,0.7734138972809668,0.0010000000474974513
3.8235928073912566,0.4663677130044843,0.47274474132232075,0.8293051359516617,0.0010000000474974513
3.3210841373497186,0.5515695067264574,0.3627188386173294,0.8685800604229608,0.0010000000474974513
2.534749257388401,0.5515695067264574,0.30528848682139126,0.904833836858006,0.0010000000474974513
4.267037173120925,0.4977578475336323,0.21980322836096372,0.9290030211480362,0.0010000000474974513
4.255951439210749,0.5739910313901345,0.21427996058243515,0.9380664652567976,0.0010000000474974513
1.7525707953200298,0.6188340807174888,0.16923871901508117,0.9516616314199395,0.0010000000474974513
3.942433579053071,0.6322869955156951,0.15310757741433345,0.9607250755287009,0.0010000000474974513
2.3662352014704116,0.5739910313901345,0.14414895344539644,0.9682779456193353,0.0010000000474974513
1.8863668754904865,0.6502242152466368,0.15981850618731477,0.9486404833836858,0.0010000000474974513
3.42857084745632,0.600896860986547,0.09264405563493397,0.9788519637462235,0.0005000000237487257
3.4216019590963547,0.5246636771300448,0.08501988622392288,0.972809667673716,0.0005000000237487257
4.084622795892099,0.5515695067264574,0.06835413499776798,0.986404833836858,0.0005000000237487257
4.17706218655576,0.5291479820627802,0.06204352054062294,0.9818731117824774,0.0005000000237487257
4.15911068993655,0.5291479820627802,0.07835930659667113,0.9788519637462235,0.0005000000237487257
