precision,accuracy,recall,duration,f1,auc
0.8130483424601072,0.8008849557522124,0.7138161078242243,35.59053826332092,0.7345768193344405,0.8768406745250861
