precision,accuracy,recall,duration,f1,auc
0.7839555913689678,0.8141592920353983,0.7881871876419809,1604.025405406952,0.7859848484848486,0.10558836892321671
