precision,accuracy,recall,duration,f1,auc
0.9353715170278638,0.95,0.9466501240694789,1704.0090863704681,0.9407313070950993,0.006550868486352366
