precision,accuracy,recall,duration,f1,auc
0.5854349951124145,0.75,0.5922477133003449,18.434383869171143,0.5741830065359478,0.7790332998835022
