precision,accuracy,recall,duration,f1,auc
0.8866207140332273,0.9136363636363637,0.93424317617866,90.44289231300354,0.9029509414687378,0.015384615384615385
