val_loss,val_acc,loss,acc,lr
7.589237786194674,0.5291479820627802,7.452649148209217,0.5211480362537765,0.009999999776482582
7.589237786194674,0.5291479820627802,7.572096197986891,0.5302114805426122,0.009999999776482582
7.589237786194674,0.5291479820627802,7.572096278660247,0.5302114805426122,0.009999999776482582
7.589237786194674,0.5291479820627802,7.572096174937361,0.5302114805426122,0.009999999776482582
7.589237786194674,0.5291479820627802,7.572096198707189,0.5302114801824633,0.009999999776482582
7.589237786194674,0.5291479820627802,7.572096291625607,0.5302114803625377,0.009999999776482582
7.589237786194674,0.5291479820627802,7.5720963031503725,0.5302114803625377,0.009999999776482582
7.589237786194674,0.5291479820627802,7.572096245526547,0.5302114803625377,0.009999999776482582
7.589237786194674,0.5291479820627802,7.57209623112059,0.530211480452575,0.009999999776482582
7.589237786194674,0.5291479820627802,7.5720961418036605,0.5302114803625377,0.009999999776482582
7.589237786194674,0.5291479820627802,7.572096245526547,0.5302114803625377,0.009999999776482582
7.589237786194674,0.5291479820627802,7.572096142884107,0.5302114803625377,0.0009999999310821295
7.589237786194674,0.5291479820627802,7.572096244806249,0.5302114801824633,0.0009999999310821295
7.589237786194674,0.5291479820627802,7.5720962325611865,0.5302114805426122,0.0009999999310821295
7.589237786194674,0.5291479820627802,7.572096233281484,0.5302114801824633,0.0009999999310821295
7.589237786194674,0.5291479820627802,7.572096290185012,0.5302114805426122,0.0009999999310821295
