precision,accuracy,recall,duration,f1,auc
0.8658450205411532,0.8454545454545455,0.7563275434243176,575.4199450016022,0.7859432234432233,0.1113647642679901
