precision,accuracy,recall,duration,f1,auc
0.5403508771929825,0.6727272727272727,0.4871794871794872,27.20815134048462,0.46593757120072904,0.7734527878595673
