precision,accuracy,recall,duration,f1,auc
0.6130268199233716,0.6590909090909091,0.6211635364177738,481.36717104911804,0.6014849542110939,0.8591294031971998
