precision,accuracy,recall,duration,f1,auc
0.9403409090909092,0.9045454545454545,0.8384615384615385,210.6477768421173,0.8719476703899776,0.0
