precision,accuracy,recall,duration,f1,auc
0.5364583333333334,0.7818181818181819,0.6125597566275532,13.493987560272217,0.5689092589449065,0.722087341578867
