precision,accuracy,recall,duration,f1,auc
0.395008528593231,0.5454545454545454,0.47863247863247865,718.2107825279236,0.3982563899346146,0.6040295511955431
