precision,accuracy,recall,duration,f1,auc
0.8295442748884044,0.8407079646017699,0.7884597910040891,89.80386400222778,0.8038194444444445,0.04970467969104953
