precision,accuracy,recall,duration,f1,auc
0.9312221672439387,0.9041095890410958,0.8452168746286394,175.01567196846008,0.8747719537100068,0.021291344820756584
