precision,accuracy,recall,duration,f1,auc
0.7351444722139854,0.7534246575342466,0.7161832679074059,223.26877236366272,0.7215919701213819,0.9071175407382305
