precision,accuracy,recall,duration,f1,auc
0.8712971388130624,0.8909090909090909,0.864516129032258,1687.7792000770569,0.8677884615384616,0.06441687344913152
