precision,accuracy,recall,duration,f1,auc
0.7570176339667865,0.7818181818181819,0.6500074973759183,265.7754406929016,0.6569553035663945,0.89909281751387
