precision,accuracy,recall,duration,f1,auc
0.44665121924307627,0.6727272727272727,0.5652421652421652,26.802664041519165,0.4909242803979647,0.7697676966907737
