val_loss,val_acc,loss,acc,lr
4.9149351547651765,0.6950672549517165,4.507971882640055,0.6691842786855208,0.009999999776482582
4.9149351547651765,0.6950672549517165,4.845167794256412,0.699395777775802,0.009999999776482582
4.9149351547651765,0.6950672549517165,4.845167699177099,0.6993957658908878,0.009999999776482582
4.9149351547651765,0.6950672549517165,4.845167627867615,0.6993957658908878,0.009999999776482582
4.9149351547651765,0.6950672549517165,4.845167770486584,0.6993957658908878,0.009999999776482582
4.9149351547651765,0.6950672549517165,4.845167722946927,0.6993957658908878,0.009999999776482582
4.9149351547651765,0.6950672549517165,4.845167649836699,0.6993957703927492,0.004999999888241291
4.9149351547651765,0.6950672549517165,4.8451677449160115,0.6993957703927492,0.004999999888241291
4.9149351547651765,0.6950672549517165,4.845167841796068,0.6993957718333449,0.004999999888241291
4.9149351547651765,0.6950672549517165,4.845167770486584,0.6993957599484308,0.004999999888241291
4.9149351547651765,0.6950672549517165,4.845167722946927,0.6993957718333449,0.004999999888241291
4.9149351547651765,0.6950672549517165,4.845167767245243,0.6993957630096965,0.0024999999441206455
4.9149351547651765,0.6950672549517165,4.845167673606527,0.6993957644502922,0.0024999999441206455
4.9149351547651765,0.6950672549517165,4.845167770486584,0.6993957658908878,0.0024999999441206455
4.9149351547651765,0.6950672549517165,4.845167794256412,0.699395777775802,0.0024999999441206455
4.9149351547651765,0.6950672549517165,4.8451676754072714,0.6993957599484308,0.0024999999441206455
