precision,accuracy,recall,duration,f1,auc
0.7403683199638459,0.7818181818181819,0.711166253101737,13.277753591537476,0.7220760080008422,0.12764267990074443
