precision,accuracy,recall,duration,f1,auc
0.34768364710225175,0.547945205479452,0.38618948101706724,2122.405062675476,0.35329715294827063,0.5887562719459272
