precision,accuracy,recall,duration,f1,auc
0.9372577519379846,0.9136363636363637,0.8583126550868486,30.16374135017395,0.8868772157722389,0.038014888337468994
