precision,accuracy,recall,duration,f1,auc
0.33997584541062803,0.55,0.39478908188585604,58.95139169692993,0.36388329098396566,0.30888337468982635
