precision,accuracy,recall,duration,f1,auc
0.9369505624350127,0.9545454545454546,0.9588089330024814,499.92748188972473,0.9467879256965944,0.004863523573200995
