precision,accuracy,recall,duration,f1,auc
0.95995670995671,0.9681818181818181,0.9640198511166254,400.6058702468872,0.9619555819066676,0.0038709677419354873
