precision,accuracy,recall,duration,f1,auc
0.9261363636363636,0.8954545454545455,0.8275434243176178,15.06868577003479,0.8597522104271182,0.019950372208436727
