precision,accuracy,recall,duration,f1,auc
0.5200185356811863,0.7545454545454545,0.6210826210826211,25.350169897079468,0.5653973811868549,0.7812484861067857
