precision,accuracy,recall,duration,f1,auc
0.514732699875228,0.7681818181818182,0.6045584045584046,28.812251091003418,0.554726368159204,0.7566132622812786
