precision,accuracy,recall,duration,f1,auc
0.9034442724458205,0.9227272727272727,0.9138957816377171,140.50663900375366,0.9084029291469716,0.010322580645161292
