precision,accuracy,recall,duration,f1,auc
0.5259621656881931,0.7454545454545455,0.6085470085470086,10.492012023925781,0.5641083479012764,0.7991383784906052
