precision,accuracy,recall,duration,f1,auc
0.5555555555555555,0.7318181818181818,0.5538461538461538,785.2881276607513,0.5320987654320989,0.8432755441230017
