precision,accuracy,recall,duration,f1,auc
0.6930122116689281,0.7,0.7022446174988547,326.021915435791,0.681665421956684,0.880375160036177
