val_loss,val_acc,loss,acc,lr
5.032346579284156,0.6877828056995685,4.653027400913008,0.7003012048192772,0.009999999776482582
5.032346579284156,0.6877828056995685,4.806299561477569,0.7018072289156626,0.009999999776482582
5.032346579284156,0.6877828056995685,4.8062995485512605,0.7018072289156626,0.009999999776482582
5.032346579284156,0.6877828056995685,4.8062995571688,0.7018072289156626,0.009999999776482582
5.032346579284156,0.6877828056995685,4.806299551423773,0.7018072289156626,0.009999999776482582
5.032346579284156,0.6877828056995685,4.806299534188696,0.7018072289156626,0.009999999776482582
5.032346579284156,0.6877828056995685,4.8062995485512605,0.7018072289156626,0.009999999776482582
5.032346579284156,0.6877828056995685,4.8062995485512605,0.7018072289156626,0.009999999776482582
5.032346579284156,0.6877828056995685,4.806299545678748,0.7018072289156626,0.009999999776482582
5.032346579284156,0.6877828056995685,4.806299534188696,0.7018072289156626,0.009999999776482582
5.032346579284156,0.6877828056995685,4.806299554296286,0.7018072289156626,0.009999999776482582
5.032346579284156,0.6877828056995685,4.8062995485512605,0.7018072289156626,0.001999999862164259
5.032346579284156,0.6877828056995685,4.806299545678748,0.7018072289156626,0.001999999862164259
5.032346579284156,0.6877828056995685,4.806299542806235,0.7018072289156626,0.001999999862164259
5.032346579284156,0.6877828056995685,4.8062995571688,0.7018072289156626,0.001999999862164259
5.032346579284156,0.6877828056995685,4.806299534188696,0.7018072289156626,0.001999999862164259
