precision,accuracy,recall,duration,f1,auc
0.7873660053748829,0.7787610619469026,0.6700668202219885,25.952698469161987,0.6701057976806047,0.8270534798345732
