precision,accuracy,recall,duration,f1,auc
0.6267894313181065,0.6636363636363637,0.6156265783384428,1084.1374280452728,0.612079983508555,0.697199220080576
