precision,accuracy,recall,duration,f1,auc
0.7414694420682445,0.7345132743362832,0.6080113295439149,1601.0317792892456,0.6325368942761839,0.8239877499844078
