val_loss,val_acc,loss,acc,lr
5.032346736252038,0.6877827881687907,4.537400946559676,0.6626506028584687,0.009999999776482582
5.032346736252038,0.6877827881687907,4.806299482483461,0.7018072274794062,0.009999999776482582
5.032346736252038,0.6877827881687907,4.806299646934831,0.7018072260431496,0.009999999776482582
5.032346736252038,0.6877827881687907,4.806299624672855,0.7018072334039642,0.009999999776482582
5.032346736252038,0.6877827881687907,4.806299695767552,0.7018072274794062,0.009999999776482582
5.032346736252038,0.6877827881687907,4.806299481047205,0.7018072319677077,0.009999999776482582
5.032346736252038,0.6877827881687907,4.806299532034311,0.7018072348402207,0.009999999776482582
5.032346736252038,0.6877827881687907,4.8062997180295275,0.7018072260431496,0.009999999776482582
5.032346736252038,0.6877827881687907,4.806299719465784,0.7018072334039642,0.009999999776482582
5.032346736252038,0.6877827881687907,4.806299540292786,0.7018072201185915,0.009999999776482582
5.032346736252038,0.6877827881687907,4.806299527007413,0.7018072246068932,0.009999999776482582
5.032346736252038,0.6877827881687907,4.806299603129008,0.7018072289156626,0.001999999862164259
5.032346736252038,0.6877827881687907,4.806299648371088,0.7018072334039642,0.001999999862164259
5.032346736252038,0.6877827881687907,4.806299575840134,0.7018072201185915,0.001999999862164259
5.032346736252038,0.6877827881687907,4.806299648371088,0.70180721563029,0.001999999862164259
5.032346736252038,0.6877827881687907,4.806299624672855,0.7018072215548481,0.001999999862164259
