precision,accuracy,recall,duration,f1,auc
0.8035759897828864,0.831858407079646,0.8239890958655157,62.704246044158936,0.8116666666666668,0.07941844616083599
