precision,accuracy,recall,duration,f1,auc
0.826522225366156,0.7031963470319634,0.5814623400830298,1300.1163668632507,0.6203823704169725,0.7568391275287828
