precision,accuracy,recall,duration,f1,auc
0.5415312387143373,0.8136363636363636,0.6507605388961322,36.55540704727173,0.5911421911421911,0.8721537052045526
