precision,accuracy,recall,duration,f1,auc
0.5568181818181818,0.7363636363636363,0.558974358974359,4928.673555612564,0.5366868459922195,0.7331148619284212
