precision,accuracy,recall,duration,f1,auc
0.37831419551308915,0.5772727272727273,0.4689458689458689,1954.6830241680145,0.4156378600823046,0.7644921392897102
