val_loss,val_acc,loss,acc,lr
11.20316049977803,0.3049327358937584,10.82135031950798,0.30815709978792244,0.009999999776482582
11.20316049977803,0.3049327358937584,11.272927739468946,0.30060422965226935,0.009999999776482582
11.20316049977803,0.3049327358937584,11.272927722181798,0.300604229697288,0.009999999776482582
11.20316049977803,0.3049327358937584,11.272927797092771,0.30060422965226935,0.009999999776482582
11.20316049977803,0.3049327358937584,11.27292767896393,0.30060422960725075,0.009999999776482582
11.20316049977803,0.3049327358937584,11.272927817261111,0.30060422960725075,0.009999999776482582
11.20316049977803,0.3049327358937584,11.272927774043241,0.30060422965226935,0.009999999776482582
11.20316049977803,0.3049327358937584,11.272927632864869,0.30060422960725075,0.009999999776482582
11.20316049977803,0.3049327358937584,11.272927779805624,0.300604229697288,0.009999999776482582
11.20316049977803,0.3049327358937584,11.272927791330389,0.300604229697288,0.009999999776482582
11.20316049977803,0.3049327358937584,11.272927759637286,0.30060422960725075,0.009999999776482582
11.20316049977803,0.3049327358937584,11.272927820142302,0.30060422965226935,0.0009999999310821295
11.20316049977803,0.3049327358937584,11.272927690488695,0.30060422960725075,0.0009999999310821295
11.20316049977803,0.3049327358937584,11.272927710657033,0.300604229697288,0.0009999999310821295
11.20316049977803,0.3049327358937584,11.272927699132268,0.300604229697288,0.0009999999310821295
11.20316049977803,0.3049327358937584,11.272927759637286,0.30060422960725075,0.0009999999310821295
