precision,accuracy,recall,duration,f1,auc
0.984375,0.9772727272727273,0.9615384615384616,209.94931721687317,0.9720634920634921,0.00218362282878412
