val_loss,val_acc,loss,acc,lr
11.081874961766722,0.31221719672776993,0.4952010621866548,0.8584337342216308,0.009999999776482582
3.099144846200943,0.710407237391666,0.08698539346097464,0.9683734946940319,0.009999999776482582
1.7226051833834584,0.782805428515732,0.07038401381438036,0.9743975903614458,0.009999999776482582
1.8917227395519411,0.7375565578495216,0.027020108414791435,0.9924698795180723,0.009999999776482582
1.025811224501597,0.8190045216504265,0.035730097218450295,0.9849397583180163,0.009999999776482582
1.0319231592152454,0.8054298610169424,0.037105845309883714,0.9849397583180163,0.009999999776482582
4.081506830534784,0.5203619912199305,0.03324286241914673,0.9849397590361446,0.009999999776482582
1.6110054270714116,0.7963800902280332,0.075673512082143,0.972891565546932,0.009999999776482582
1.6691120067828364,0.8371040741512679,0.04106809782335557,0.983433734939759,0.009999999776482582
1.5834869250467727,0.8642533954182362,0.09910591672657125,0.9683734932577753,0.009999999776482582
1.2482127276291635,0.9004524904408606,0.04785755070218121,0.9864457838506584,0.001999999862164259
1.2186021034919754,0.9049773773186887,0.02438247969082321,0.9954819269927151,0.001999999862164259
1.225361976488093,0.8959276035630326,0.00967692941250504,0.9954819277108434,0.001999999862164259
1.227079321224689,0.8959276035630326,0.00779053627468466,0.9969879510891007,0.001999999862164259
1.2598323471480333,0.8959276035630326,0.010423898945158595,0.9984939759036144,0.001999999862164259
1.2517434587878358,0.8959276035630326,0.008167668966666222,0.9954819277108434,0.0003999999607913196
1.247419530721843,0.8959276035630326,0.013885919902339039,0.9954819277108434,0.0003999999607913196
1.251736038951337,0.8959276035630326,0.004109375056788236,1.0,0.0003999999607913196
1.267677919088433,0.8959276035630326,0.01943126814166387,0.9939759036144579,0.0003999999607913196
1.3082759472042416,0.8959276035630326,0.011180043051507414,0.9954819277108434,0.0003999999607913196
