val_loss,val_acc,loss,acc,lr
4.327648025382551,0.6561085972850679,1.6344486461557273,0.7831325301204819,0.009999999776482582
2.62889151527348,0.6199095022624435,0.6427533100182858,0.8599397590361446,0.009999999776482582
0.9855768481931024,0.7375565610859729,0.2032334129841499,0.9427710843373494,0.009999999776482582
0.8976209279670762,0.8778280542986425,0.2448620820722714,0.9231927710843374,0.009999999776482582
0.8162980024726951,0.7828054298642534,0.1521967639734382,0.9442771084337349,0.009999999776482582
4.761862657272067,0.5972850678733032,0.09412093588042512,0.9698795180722891,0.009999999776482582
9.117823986985565,0.31221719457013575,0.11448801393882867,0.9698795180722891,0.009999999776482582
0.1794281168900938,0.9140271493212669,0.14616143877045976,0.9533132530120482,0.009999999776482582
0.14756536797838554,0.9502262443438914,0.14734664870455885,0.947289156626506,0.009999999776482582
0.6214974771902215,0.8778280542986425,0.09990972353541319,0.9623493975903614,0.009999999776482582
0.5686761943480462,0.8959276018099548,0.08622493341602104,0.963855421686747,0.009999999776482582
0.6270592810092892,0.8506787330316742,0.13231907503900428,0.947289156626506,0.009999999776482582
0.7786231597811855,0.7782805429864253,0.10545943368308955,0.9608433734939759,0.009999999776482582
1.2130892091421996,0.7828054298642534,0.07964875286667947,0.9683734939759037,0.009999999776482582
1.0319104677454491,0.8868778280542986,0.06601495379035474,0.9804216867469879,0.004999999888241291
0.9908423198217842,0.8959276018099548,0.05517815854964502,0.9804216867469879,0.004999999888241291
0.5068769054287848,0.8506787330316742,0.037293018890818805,0.9879518072289156,0.004999999888241291
1.2015651090198596,0.8371040723981901,0.03593771329103647,0.9894578313253012,0.004999999888241291
0.8707175812728611,0.8868778280542986,0.040094796914461835,0.9864457831325302,0.004999999888241291
0.6705523333214922,0.9004524886877828,0.03314910527367018,0.9894578313253012,0.0024999999441206455
1.0121891171063095,0.8733031674208145,0.051273350482225366,0.9804216867469879,0.0024999999441206455
0.7140077393233119,0.8914027149321267,0.011604921665766377,0.9984939759036144,0.0024999999441206455
0.3858371755572851,0.8959276018099548,0.03252661245077905,0.9864457831325302,0.0024999999441206455
0.975993583794944,0.8868778280542986,0.03743840691055653,0.9894578313253012,0.0024999999441206455
