val_loss,val_acc,loss,acc,lr
7.589237804370078,0.5291479820627802,7.552405861569316,0.5302114803625377,0.009999999776482582
7.589237804370078,0.5291479820627802,7.572096210231954,0.5302114803625377,0.009999999776482582
7.589237804370078,0.5291479820627802,7.572096210231954,0.5302114803625377,0.009999999776482582
7.589237804370078,0.5291479820627802,7.572096210231954,0.5302114803625377,0.009999999776482582
7.589237804370078,0.5291479820627802,7.572096211312401,0.5302114803625377,0.009999999776482582
7.589237804370078,0.5291479820627802,7.572096208791359,0.5302114803625377,0.009999999776482582
7.589237804370078,0.5291479820627802,7.572096207710912,0.5302114803625377,0.0009999999310821295
7.589237804370078,0.5291479820627802,7.572096208791359,0.5302114803625377,0.0009999999310821295
7.589237804370078,0.5291479820627802,7.572096209511656,0.5302114803625377,0.0009999999310821295
7.589237804370078,0.5291479820627802,7.572096209511656,0.5302114803625377,0.0009999999310821295
7.589237804370078,0.5291479820627802,7.57209621167255,0.5302114803625377,0.0009999999310821295
7.589237804370078,0.5291479820627802,7.572096209511656,0.5302114803625377,9.99999901978299e-05
7.589237804370078,0.5291479820627802,7.572096206630465,0.5302114803625377,9.99999901978299e-05
7.589237804370078,0.5291479820627802,7.572096210952251,0.5302114803625377,9.99999901978299e-05
7.589237804370078,0.5291479820627802,7.572096210231954,0.5302114803625377,9.99999901978299e-05
7.589237804370078,0.5291479820627802,7.57209620807106,0.5302114803625377,9.99999901978299e-05
