precision,accuracy,recall,duration,f1,auc
0.9119318181818181,0.8863636363636364,0.8166253101736973,15.315928220748901,0.8475567504642589,0.055781637717121586
