precision,accuracy,recall,duration,f1,auc
0.8885964912280702,0.8318181818181818,0.7198511166253102,22.97865128517151,0.7516399694889397,0.08138957816377172
