precision,accuracy,recall,duration,f1,auc
0.609375,0.5799086757990868,0.45519265346851556,921.2916944026947,0.4125888762381991,0.8292536266674198
