precision,accuracy,recall,duration,f1,auc
0.8289558728479934,0.8545454545454545,0.8176938346429873,1635.4583313465118,0.8230276010019296,0.9548187039712462
