precision,accuracy,recall,duration,f1,auc
0.8571428571428572,0.7181818181818181,0.5230769230769231,35.15927863121033,0.46078431372549017,0.3328039702233251
