precision,accuracy,recall,duration,f1,auc
0.8270609318996415,0.8264840182648402,0.8130254078529942,216.5430133342743,0.8118143164190261,0.9701264744368193
