precision,accuracy,recall,duration,f1,auc
0.5250544662309368,0.7954545454545454,0.6417644502390266,12.875419855117798,0.5769345630215196,0.787558875694469
