precision,accuracy,recall,duration,f1,auc
0.8831845238095238,0.8227272727272728,0.7044665012406948,93.62662887573242,0.7341266152272938,0.18034739454094292
