precision,accuracy,recall,duration,f1,auc
0.6608333333333334,0.6409090909090909,0.6915632754342431,31.8559148311615,0.6315845257021727,0.14769230769230768
