precision,accuracy,recall,duration,f1,auc
0.8679536679536679,0.8363636363636363,0.7364764267990074,589.0263617038727,0.7670588235294118,0.061339950372208435
