precision,accuracy,recall,duration,f1,auc
0.8315412186379928,0.8185840707964602,0.6953432305544981,1787.785004377365,0.7231451837751051,0.8610977592536436
