precision,accuracy,recall,duration,f1,auc
0.6686086725192869,0.6590909090909091,0.49956070803528435,661.5204849243164,0.5023365437318926,0.7386764861341133
