precision,accuracy,recall,duration,f1,auc
0.7397741147741147,0.7831858407079646,0.7688196671247519,54.43167066574097,0.7468457690898528,0.8973550418405992
