precision,accuracy,recall,duration,f1,auc
0.6237327188940092,0.7079646017699115,0.5975409642155882,848.2142400741577,0.6043626030382858,0.8136138943909295
