precision,accuracy,recall,duration,f1,auc
0.7478908188585608,0.7522123893805309,0.6361653793730122,209.1020052433014,0.6454901960784314,0.061699227623807376
