precision,accuracy,recall,duration,f1,auc
0.6611892313188062,0.668141592920354,0.5279593271954217,64.5808629989624,0.5298624592127545,0.821514520010581
