precision,accuracy,recall,duration,f1,auc
0.34953703703703703,0.6863636363636364,0.4870967741935484,47.43933701515198,0.40700808625336926,0.27225806451612905
