val_loss,val_acc,loss,acc,lr
0.6908583087771463,0.3991031383452394,1.0951451136986654,0.5966767362597486,0.009999999776482582
0.5683209743734967,0.7040358727021068,0.6188741526214738,0.6253776427842339,0.009999999776482582
0.6067669744448811,0.7040358727021068,0.5645882161362293,0.6737160117244433,0.009999999776482582
0.6317870002156416,0.7040358727021068,0.5303301690568376,0.6933534734198694,0.009999999776482582
0.6375162831336394,0.7040358727021068,0.5446077347522056,0.6797583088773975,0.009999999776482582
0.6537085830363457,0.7040358727021068,0.5387326603209505,0.6918428999419659,0.009999999776482582
0.641348480109142,0.7040358727021068,0.537549543326715,0.6827794565535024,0.009999999776482582
0.5937517742405023,0.7040358727021068,0.5824104958070369,0.6963746227166444,0.004999999888241291
0.6621017140657912,0.7040358727021068,0.5505394977925407,0.696374622176421,0.004999999888241291
0.6445798649381629,0.7040358727021068,0.53248870444802,0.6752265862827935,0.004999999888241291
0.8382237299675365,0.4932735413981125,0.5338010923019709,0.7024169180688541,0.004999999888241291
0.6136566512787823,0.7040358727021068,0.6883672751328737,0.635951661271271,0.004999999888241291
0.6646588883057838,0.4618834063343938,0.5790633960793026,0.6616314206598749,0.0024999999441206455
0.6152381998541109,0.7040358727021068,0.5602154506657419,0.6646525681559052,0.0024999999441206455
0.6096023984019532,0.7040358727021068,0.5381509245702507,0.6858006044096817,0.0024999999441206455
0.6598068593328844,0.47533632126624276,0.5441265732860278,0.6858006046797934,0.0024999999441206455
0.6229870869974384,0.7040358727021068,0.5352190021661833,0.6525679760108901,0.0024999999441206455
