precision,accuracy,recall,duration,f1,auc
0.8260207795645557,0.7522123893805309,0.6758369732826642,18.113075733184814,0.7073539886039887,0.8685833123646445
