precision,accuracy,recall,duration,f1,auc
0.7340454440333025,0.7831858407079646,0.7291232507274522,1468.003415107727,0.7286463655562367,0.8844824174855207
