precision,accuracy,recall,duration,f1,auc
0.8482843137254902,0.8716814159292036,0.8873693775556566,24.816153526306152,0.8601097095045998,0.06615174920490688
