val_loss,val_acc,loss,acc,lr
4.805854237407724,0.701834862658737,4.593377560198664,0.6976047897053336,0.009999999776482582
4.805854237407724,0.701834862658737,4.8499060133973995,0.6991017971210137,0.009999999776482582
4.805854237407724,0.701834862658737,4.849906004831462,0.6991017960502716,0.009999999776482582
4.805854237407724,0.701834862658737,4.849905984844276,0.6991017953364435,0.009999999776482582
4.805854237407724,0.701834862658737,4.849905947725216,0.6991017960502716,0.009999999776482582
4.805854237407724,0.701834862658737,4.849905947725216,0.6991017974779278,0.009999999776482582
4.805854237407724,0.701834862658737,4.849906030529273,0.6991017953364435,0.009999999776482582
4.805854237407724,0.701834862658737,4.849905902040219,0.6991017960502716,0.009999999776482582
4.805854237407724,0.701834862658737,4.849905959146465,0.6991017960502716,0.009999999776482582
4.805854237407724,0.701834862658737,4.8499059620017775,0.6991017953364435,0.009999999776482582
4.805854237407724,0.701834862658737,4.849906010542087,0.6991017967640997,0.009999999776482582
4.805854237407724,0.701834862658737,4.849906036239898,0.6991017964071856,0.001999999862164259
4.805854237407724,0.701834862658737,4.849905926310374,0.6991017974779278,0.001999999862164259
4.805854237407724,0.701834862658737,4.8499060133973995,0.6991017971210137,0.001999999862164259
4.805854237407724,0.701834862658737,4.849905939159279,0.6991017953364435,0.001999999862164259
4.805854237407724,0.701834862658737,4.849905973423027,0.6991017953364435,0.001999999862164259
