val_loss,val_acc,loss,acc,lr
11.203160442044382,0.3049327330204403,10.913405352128596,0.29154078585863835,0.009999999776482582
11.203160442044382,0.3049327330204403,11.272927739468946,0.3006042297873252,0.009999999776482582
11.203160442044382,0.3049327330204403,11.27292770201346,0.30060422996739966,0.009999999776482582
11.203160442044382,0.3049327330204403,11.27292774811252,0.30060422996739966,0.009999999776482582
11.203160442044382,0.3049327330204403,11.27292772794418,0.30060422951721355,0.009999999776482582
11.203160442044382,0.3049327330204403,11.272927820142302,0.30060422951721355,0.009999999776482582
11.203160442044382,0.3049327330204403,11.27292768184512,0.30060422987736246,0.001999999862164259
11.203160442044382,0.3049327330204403,11.272927589646999,0.30060422987736246,0.001999999862164259
11.203160442044382,0.3049327330204403,11.272927756756093,0.3006042298323438,0.001999999862164259
11.203160442044382,0.3049327330204403,11.27292772794418,0.30060422987736246,0.001999999862164259
11.203160442044382,0.3049327330204403,11.272927722181798,0.3006042294271763,0.001999999862164259
11.203160442044382,0.3049327330204403,11.272927676082737,0.3006042300574369,0.0003999999607913196
11.203160442044382,0.3049327330204403,11.272927779805624,0.3006042298323438,0.0003999999607913196
11.203160442044382,0.3049327330204403,11.27292761269653,0.3006042297423066,0.0003999999607913196
11.203160442044382,0.3049327330204403,11.272927629983677,0.3006042294271763,0.0003999999607913196
11.203160442044382,0.3049327330204403,11.272927687607503,0.3006042298323438,0.0003999999607913196
