precision,accuracy,recall,duration,f1,auc
0.8045698109392376,0.8363636363636363,0.7990074441687345,2845.3930883407593,0.8016826923076923,0.0955831265508685
