precision,accuracy,recall,duration,f1,auc
0.7471312388591801,0.7090909090909091,0.7882882882882883,110.89918661117554,0.7125984191247349,0.8853917803070347
