precision,accuracy,recall,duration,f1,auc
0.5160439560439561,0.6363636363636364,0.5387914230019493,973.7061791419983,0.524636803874092,0.6856056149578418
