precision,accuracy,recall,duration,f1,auc
0.5100124047492468,0.6027397260273972,0.4467955416231278,264.1395175457001,0.44336512629195557,0.6055234309544654
