precision,accuracy,recall,duration,f1,auc
0.7563993863049095,0.7256637168141593,0.6391869310226913,37.20325827598572,0.6471102966586666,0.7834412951982778
