precision,accuracy,recall,duration,f1,auc
0.9668674698795181,0.95,0.9153846153846155,138.48184633255005,0.9366475562187491,0.0010918114143920606
