precision,accuracy,recall,duration,f1,auc
0.509472049689441,0.6621004566210046,0.4863288052943225,32.98834490776062,0.46233223322332223,0.69959614787201
