val_loss,val_acc,loss,acc,lr
7.589237786194674,0.5291479820627802,7.403778452167338,0.5241691844701046,0.009999999776482582
7.589237786194674,0.5291479820627802,7.572096199427486,0.5302114803625377,0.009999999776482582
7.589237786194674,0.5291479820627802,7.572096259932503,0.5302114803625377,0.009999999776482582
7.589237786194674,0.5291479820627802,7.572096255610717,0.5302114805426122,0.009999999776482582
7.589237786194674,0.5291479820627802,7.572096209511656,0.5302114805426122,0.009999999776482582
7.589237786194674,0.5291479820627802,7.572096176377956,0.5302114803625377,0.009999999776482582
7.589237786194674,0.5291479820627802,7.572096267135482,0.5302114805426122,0.009999999776482582
7.589237786194674,0.5291479820627802,7.572096187902721,0.5302114803625377,0.009999999776482582
7.589237786194674,0.5291479820627802,7.572096210952251,0.5302114803625377,0.009999999776482582
7.589237786194674,0.5291479820627802,7.572096186462126,0.5302114805426122,0.009999999776482582
7.589237786194674,0.5291479820627802,7.572096244806249,0.5302114801824633,0.009999999776482582
7.589237786194674,0.5291479820627802,7.572096236882973,0.5302114804075564,0.001999999862164259
7.589237786194674,0.5291479820627802,7.572096221036421,0.5302114805426122,0.001999999862164259
7.589237786194674,0.5291479820627802,7.572096244085952,0.5302114805426122,0.001999999862164259
7.589237786194674,0.5291479820627802,7.572096219595825,0.530211480452575,0.001999999862164259
7.589237786194674,0.5291479820627802,7.572096196546295,0.530211480452575,0.001999999862164259
