precision,accuracy,recall,duration,f1,auc
0.8382268278641336,0.8,0.6749379652605458,2013.5706644058228,0.6976511744127936,0.3424813895781638
