precision,accuracy,recall,duration,f1,auc
0.8303905362986709,0.8636363636363636,0.8535384145553637,44.86456537246704,0.8387271784845648,0.9604032324371308
