precision,accuracy,recall,duration,f1,auc
0.5639793929267614,0.7808219178082192,0.6241727621037966,242.00980257987976,0.5888773188321956,0.8000314185659013
