precision,accuracy,recall,duration,f1,auc
0.6852851605758583,0.7454545454545455,0.6872041533058483,525.6736545562744,0.6855072463768116,0.8612330714025629
