precision,accuracy,recall,duration,f1,auc
0.7148989898989898,0.7579908675799086,0.7267737957393129,26.08452320098877,0.7178024589789297,0.8903450864657761
