val_loss,val_acc,loss,acc,lr
7.657918576201705,0.5248868778280543,7.240215514079634,0.5180722898747547,0.009999999776482582
7.657918576201705,0.5248868778280543,7.525014515382698,0.5331325294023537,0.009999999776482582
7.657918576201705,0.5248868778280543,7.52501449814762,0.533132530479546,0.009999999776482582
7.657918576201705,0.5248868778280543,7.52501455559788,0.5331325301204819,0.009999999776482582
7.657918576201705,0.5248868778280543,7.525014492402594,0.5331325308386102,0.009999999776482582
7.657918576201705,0.5248868778280543,7.52501446942249,0.5331325308386102,0.009999999776482582
7.657918576201705,0.5248868778280543,7.525014521127724,0.5331325301204819,0.0009999999310821295
7.657918576201705,0.5248868778280543,7.52501446942249,0.5331325308386102,0.0009999999310821295
7.657918576201705,0.5248868778280543,7.525014463677464,0.5331325297614178,0.0009999999310821295
7.657918576201705,0.5248868778280543,7.525014492402594,0.5331325294023537,0.0009999999310821295
7.657918576201705,0.5248868778280543,7.525014480912541,0.5331325308386102,0.0009999999310821295
7.657918576201705,0.5248868778280543,7.525014549852854,0.5331325308386102,9.99999901978299e-05
7.657918576201705,0.5248868778280543,7.52501446942249,0.5331325301204819,9.99999901978299e-05
7.657918576201705,0.5248868778280543,7.525014492402594,0.5331325301204819,9.99999901978299e-05
7.657918576201705,0.5248868778280543,7.525014515382698,0.5331325294023537,9.99999901978299e-05
7.657918576201705,0.5248868778280543,7.525014377502074,0.5331325301204819,9.99999901978299e-05
