precision,accuracy,recall,duration,f1,auc
0.8954081632653061,0.8136363636363636,0.6846153846153846,29.640483379364014,0.7112583629437562,0.030769230769230778
