precision,accuracy,recall,duration,f1,auc
0.8604651162790697,0.7272727272727273,0.5384615384615384,668.9491548538208,0.49034749034749037,0.03146401985111663
