precision,accuracy,recall,duration,f1,auc
0.5113122171945701,0.5442477876106194,0.3568075117370892,389.53377985954285,0.275914713036278,0.6221076650773476
