precision,accuracy,recall,duration,f1,auc
0.5457431457431458,0.5844748858447488,0.42026273922825647,1200.953483581543,0.39575433250824027,0.6261596627975938
