precision,accuracy,recall,duration,f1,auc
0.6249006832989035,0.740909090909091,0.5924726345778978,9.942744970321655,0.5756602369945268,0.7806665743912707
