precision,accuracy,recall,duration,f1,auc
0.8024132730015082,0.8310502283105022,0.7974926336995303,234.09787225723267,0.7898749239950957,0.9402435350711212
