precision,accuracy,recall,duration,f1,auc
0.6156231298094821,0.740909090909091,0.5927199689911554,16.079074144363403,0.5900443414104616,0.757352854810482
