precision,accuracy,recall,duration,f1,auc
0.9614546586428719,0.958904109589041,0.9404337492572787,153.22347140312195,0.9500974757576525,0.006535947712418299
