precision,accuracy,recall,duration,f1,auc
0.5902356902356902,0.5227272727272727,0.5689159824753045,754.0420949459076,0.5377703832713423,0.7549960651655567
