precision,accuracy,recall,duration,f1,auc
0.6719259746909517,0.6954545454545454,0.6728744939271255,214.79689073562622,0.6618294573643411,0.8817167837410752
