val_loss,val_acc,loss,acc,lr
4.77037799304911,0.7040358727021068,4.613188060028675,0.687311178607883,0.009999999776482582
4.77037799304911,0.7040358727021068,4.893862853957807,0.6963746225365699,0.009999999776482582
4.77037799304911,0.7040358727021068,4.893862829467682,0.6963746230767933,0.009999999776482582
4.77037799304911,0.7040358727021068,4.893862840992447,0.6963746230767933,0.009999999776482582
4.77037799304911,0.7040358727021068,4.89386279993547,0.696374622176421,0.009999999776482582
4.77037799304911,0.7040358727021068,4.893862817942916,0.6963746230767933,0.009999999776482582
4.77037799304911,0.7040358727021068,4.8938628229850005,0.696374622176421,0.004999999888241291
4.77037799304911,0.7040358727021068,4.893862864041977,0.6963746230767933,0.004999999888241291
4.77037799304911,0.7040358727021068,4.893862867643466,0.6963746227166444,0.004999999888241291
4.77037799304911,0.7040358727021068,4.893862812180534,0.6963746230767933,0.004999999888241291
4.77037799304911,0.7040358727021068,4.893862875566742,0.6963746230767933,0.004999999888241291
4.77037799304911,0.7040358727021068,4.893862843873638,0.6963746219963466,0.0024999999441206455
4.77037799304911,0.7040358727021068,4.8938628481954245,0.6963746223564955,0.0024999999441206455
4.77037799304911,0.7040358727021068,4.893862877007337,0.6963746225365699,0.0024999999441206455
4.77037799304911,0.7040358727021068,4.893862878447933,0.6963746219963466,0.0024999999441206455
4.77037799304911,0.7040358727021068,4.893862864041977,0.6963746230767933,0.0024999999441206455
