precision,accuracy,recall,duration,f1,auc
0.9623373026862365,0.9646017699115044,0.9551113130395275,537.3229866027832,0.9586080586080585,0.009541117673784644
