precision,accuracy,recall,duration,f1,auc
0.539198606271777,0.75,0.5886039886039885,13.93465280532837,0.554591531621619,0.7674833039205509
