precision,accuracy,recall,duration,f1,auc
0.943661971830986,0.8938053097345132,0.7837837837837838,204.50221228599548,0.8092307692307692,0.8753916843556375
