precision,accuracy,recall,duration,f1,auc
0.6317524160661416,0.7545454545454545,0.6046633678212626,43.66317558288574,0.5983400767714494,0.7988800073820318
