precision,accuracy,recall,duration,f1,auc
0.546448087431694,0.672566371681416,0.49482772340256226,1244.223806142807,0.47926199878810677,0.5846559737106407
