precision,accuracy,recall,duration,f1,auc
0.8465952080706178,0.8681818181818182,0.7759693200371167,217.42709279060364,0.7895646750909909,0.9634541973525025
