precision,accuracy,recall,duration,f1,auc
0.9850746268656716,0.990909090909091,0.9935483870967742,5.320314168930054,0.9891774891774892,0.0
