precision,accuracy,recall,duration,f1,auc
0.5854700854700855,0.8272727272727273,0.6615384615384615,370.19743943214417,0.6178539768762142,0.8312666643175118
