precision,accuracy,recall,duration,f1,auc
0.7800810719513569,0.8090909090909091,0.7773729194781827,212.24576783180237,0.770956355515179,0.9140575798470536
