precision,accuracy,recall,duration,f1,auc
0.5798180314309347,0.8227272727272728,0.6587136027813995,15.255005836486816,0.613919413919414,0.9358962613199902
