precision,accuracy,recall,duration,f1,auc
0.7495601910027645,0.7808219178082192,0.6966726084373143,23.92637872695923,0.7120946538124453,0.15894236482471774
