precision,accuracy,recall,duration,f1,auc
0.8115851974592654,0.8181818181818182,0.8684531989616735,634.0399754047394,0.8070478634703266,0.9905499371601065
