precision,accuracy,recall,duration,f1,auc
0.2848528015194682,0.32727272727272727,0.33777177987704304,1191.9252336025238,0.2539339172466108,0.588088976550515
