precision,accuracy,recall,duration,f1,auc
0.922077922077922,0.9454545454545454,0.9612903225806452,763.2401401996613,0.93761225068532,0.003672456575682383
