precision,accuracy,recall,duration,f1,auc
0.9392159078070275,0.9272727272727272,0.8858560794044665,1139.8646295070648,0.9073586693336141,0.008039702233250618
