val_loss,val_acc,loss,acc,lr
0.489237316103922,0.918552036199095,0.4238213670307824,0.8554216867469879,0.0010000000474974513
2.034275454134066,0.7285067873303167,0.26081921679601744,0.8945783132530121,0.0010000000474974513
2.3429179402280007,0.8190045248868778,0.2335890495558115,0.9096385542168675,0.0010000000474974513
0.24890498881311754,0.8914027149321267,0.11390927921404154,0.9533132530120482,0.0010000000474974513
0.3071106551658383,0.9230769230769231,0.13737435538978499,0.9533132530120482,0.0010000000474974513
0.19029930544964324,0.9276018099547512,0.09753807327578248,0.963855421686747,0.0010000000474974513
0.046614931048852455,0.9864253393665159,0.08861455503842058,0.9759036144578314,0.0010000000474974513
0.04752791344811577,0.9819004524886877,0.04163563839519847,0.9864457831325302,0.0010000000474974513
0.3678186064588094,0.9004524886877828,0.04084165549577748,0.9864457831325302,0.0010000000474974513
0.1817193947326387,0.9457013574660633,0.08868336579143943,0.9713855421686747,0.0010000000474974513
0.5150675918321117,0.8416289592760181,0.0838347802400238,0.9683734939759037,0.0010000000474974513
0.3597494767813575,0.9140271493212669,0.05884204919433373,0.9849397590361446,0.0010000000474974513
0.2194252936914784,0.9276018099547512,0.03203686855800719,0.9924698795180723,0.0010000000474974513
0.7742363989644371,0.8868778280542986,0.03745068229053719,0.9894578313253012,0.0010000000474974513
0.8937725149585786,0.9049773755656109,0.021172767855364052,0.9924698795180723,0.0010000000474974513
1.5340812678368856,0.9049773755656109,0.060637208424801234,0.9774096385542169,0.0010000000474974513
1.997566706926584,0.7601809954751131,0.059835336540753625,0.983433734939759,0.0010000000474974513
0.9483237466225012,0.9049773755656109,0.012617275660086745,0.9969879518072289,0.00010000000474974513
0.9999513181589039,0.9049773755656109,0.02226355905215139,0.9924698795180723,0.00010000000474974513
1.0201568052410093,0.9049773755656109,0.013397869938627816,0.9969879518072289,0.00010000000474974513
1.0067042764270584,0.9049773755656109,0.007612743582529285,0.9984939759036144,0.00010000000474974513
1.0746133782930007,0.9049773755656109,0.010774961013493043,0.9969879518072289,0.00010000000474974513
