val_loss,val_acc,loss,acc,lr
4.914934953766555,0.6950672628366359,4.6102205914673124,0.6948640486985175,0.009999999776482582
4.914934953766555,0.6950672628366359,4.845167655599082,0.6993957705728236,0.009999999776482582
4.914934953766555,0.6950672628366359,4.845167736272438,0.6993957705728236,0.009999999776482582
4.914934953766555,0.6950672628366359,4.845167678648612,0.6993957705728236,0.009999999776482582
4.914934953766555,0.6950672628366359,4.845167665683251,0.6993957711130471,0.009999999776482582
4.914934953766555,0.6950672628366359,4.84516761310151,0.6993957702126747,0.009999999776482582
4.914934953766555,0.6950672628366359,4.845167694495164,0.6993957709329726,0.009999999776482582
4.914934953766555,0.6950672628366359,4.845167646235209,0.6993957707528982,0.009999999776482582
4.914934953766555,0.6950672628366359,4.845167690173377,0.6993957705728236,0.009999999776482582
4.914934953766555,0.6950672628366359,4.845167645514912,0.6993957700326003,0.009999999776482582
4.914934953766555,0.6950672628366359,4.845167603737638,0.6993957703927492,0.009999999776482582
4.914934953766555,0.6950672628366359,4.845167682250101,0.6993957702126747,0.0009999999310821295
4.914934953766555,0.6950672628366359,4.845167680809505,0.6993957707528982,0.0009999999310821295
4.914934953766555,0.6950672628366359,4.845167701698142,0.6993957705728236,0.0009999999310821295
4.914934953766555,0.6950672628366359,4.84516768585159,0.6993957694923769,0.0009999999310821295
4.914934953766555,0.6950672628366359,4.8451675770866185,0.6993957707528982,0.0009999999310821295
