val_loss,val_acc,loss,acc,lr
11.347717400623544,0.2959641260282876,10.873979127659178,0.3081570997429038,0.009999999776482582
11.347717400623544,0.2959641260282876,11.224232607377619,0.30362537764350456,0.009999999776482582
11.347717400623544,0.2959641260282876,11.224232618902384,0.30362537764350456,0.009999999776482582
11.347717400623544,0.2959641260282876,11.224232641951915,0.30362537764350456,0.009999999776482582
11.347717400623544,0.2959641260282876,11.224232492129968,0.30362537764350456,0.009999999776482582
11.347717400623544,0.2959641260282876,11.224232639070724,0.30362537773354176,0.009999999776482582
11.347717400623544,0.2959641260282876,11.224232690932167,0.30362537768852316,0.0009999999310821295
11.347717400623544,0.2959641260282876,11.224232569922133,0.30362537773354176,0.0009999999310821295
11.347717400623544,0.2959641260282876,11.224232604496429,0.30362537773354176,0.0009999999310821295
11.347717400623544,0.2959641260282876,11.224232604496429,0.30362537773354176,0.0009999999310821295
11.347717400623544,0.2959641260282876,11.22423254111022,0.30362537768852316,0.0009999999310821295
11.347717400623544,0.2959641260282876,11.224232610258811,0.30362537768852316,9.99999901978299e-05
11.347717400623544,0.2959641260282876,11.224232523823073,0.30362537773354176,9.99999901978299e-05
11.347717400623544,0.2959641260282876,11.224232633308342,0.30362537768852316,9.99999901978299e-05
11.347717400623544,0.2959641260282876,11.22423265059549,0.30362537773354176,9.99999901978299e-05
11.347717400623544,0.2959641260282876,11.224232616021194,0.30362537773354176,9.99999901978299e-05
