precision,accuracy,recall,duration,f1,auc
0.259429887705154,0.40454545454545454,0.5495495495495496,857.7395775318146,0.3515606801770324,0.6588983050847458
