precision,accuracy,recall,duration,f1,auc
0.7687588904694167,0.8008849557522124,0.7746933212176284,61.37560248374939,0.7715376839267662,0.11603816447069516
