precision,accuracy,recall,duration,f1,auc
0.8625541125541125,0.8863636363636364,0.86575682382134,899.994074344635,0.8641270782380988,0.05230769230769231
