precision,accuracy,recall,duration,f1,auc
0.5020973563554775,0.75,0.5863247863247864,35.69446063041687,0.539057239057239,0.722918324740187
