precision,accuracy,recall,duration,f1,auc
0.5118532261389405,0.7136363636363636,0.5749287749287749,205.19192576408386,0.5400377824041946,0.853522036517988
