precision,accuracy,recall,duration,f1,auc
0.7669613555689505,0.7671232876712328,0.6743342088169674,201.04701399803162,0.6813419088543556,0.9059084554774209
