precision,accuracy,recall,duration,f1,auc
0.9180327868852459,0.863013698630137,0.7727272727272727,151.3380572795868,0.8082983193277311,0.0207961972667855
