precision,accuracy,recall,duration,f1,auc
0.7842689018711371,0.8090909090909091,0.8332506203473946,40.14504551887512,0.7926205224885537,0.07265508684863524
