precision,accuracy,recall,duration,f1,auc
0.6890934781058338,0.7123893805309734,0.6793167003241006,52.11568284034729,0.6804904106733375,0.8860496925667611
