precision,accuracy,recall,duration,f1,auc
0.8490546961884542,0.8727272727272727,0.8426799007444169,1191.124749660492,0.8457532051282052,0.034441687344913166
