precision,accuracy,recall,duration,f1,auc
0.5684487291849255,0.588495575221239,0.47005886287337706,1544.6432077884674,0.4753106390117067,0.6919320549960322
