precision,accuracy,recall,duration,f1,auc
0.5522916431288367,0.759090909090909,0.5892220773576705,8.285974025726318,0.5594806224601051,0.8756721519433385
