precision,accuracy,recall,duration,f1,auc
0.9473684210526316,0.9178082191780822,0.8636363636363636,44.715882539749146,0.8932748538011697,0.029065161418102597
