precision,accuracy,recall,duration,f1,auc
0.5746421267893661,0.7954545454545454,0.6256410256410256,129.53067135810852,0.5914279602512494,0.8792058681889191
