precision,accuracy,recall,duration,f1,auc
0.4825041459369818,0.6181818181818182,0.49243807040417203,73.36829829216003,0.4861164021164021,0.700726476150205
