precision,accuracy,recall,duration,f1,auc
0.8253119429590018,0.8090909090909091,0.6992555831265509,1548.8845913410187,0.7243107769423559,0.17270471464019851
