precision,accuracy,recall,duration,f1,auc
0.5528706266411184,0.7625570776255708,0.6061476837338907,180.63471841812134,0.5735977447263537,0.8610046174701348
