precision,accuracy,recall,duration,f1,auc
0.5123128447596533,0.588495575221239,0.5255839511031681,18.87220788002014,0.510345585552317,0.7194889446620171
