precision,accuracy,recall,duration,f1,auc
0.9179724758141437,0.8818181818181818,0.8044665012406949,12.047708749771118,0.838436334877415,0.013995037220843685
