precision,accuracy,recall,duration,f1,auc
0.7468253968253968,0.8053097345132744,0.6992369547872054,1762.5949020385742,0.715306152506709,0.8709183640551509
