val_loss,val_acc,loss,acc,lr
7.6579186894774995,0.5248868778280543,7.531189572739314,0.5301204819277109,0.0010000000474974513
7.6579186894774995,0.5248868778280543,7.525014451469284,0.5331325301204819,0.0010000000474974513
7.6579186894774995,0.5248868778280543,7.525014450033027,0.5331325301204819,0.0010000000474974513
7.6579186894774995,0.5248868778280543,7.525014453264604,0.5331325301204819,0.0010000000474974513
7.6579186894774995,0.5248868778280543,7.525014451110219,0.5331325301204819,0.0010000000474974513
7.6579186894774995,0.5248868778280543,7.525014449673963,0.5331325301204819,0.0010000000474974513
7.6579186894774995,0.5248868778280543,7.525014450392091,0.5331325301204819,0.0010000000474974513
7.6579186894774995,0.5248868778280543,7.525014453982732,0.5331325301204819,0.0010000000474974513
7.6579186894774995,0.5248868778280543,7.525014450392091,0.5331325301204819,0.0010000000474974513
7.6579186894774995,0.5248868778280543,7.525014453264604,0.5331325301204819,0.0010000000474974513
7.6579186894774995,0.5248868778280543,7.525014451110219,0.5331325301204819,0.0010000000474974513
7.6579186894774995,0.5248868778280543,7.525014450033027,0.5331325301204819,0.0005000000237487257
7.6579186894774995,0.5248868778280543,7.525014450033027,0.5331325301204819,0.0005000000237487257
7.6579186894774995,0.5248868778280543,7.525014451828348,0.5331325301204819,0.0005000000237487257
7.6579186894774995,0.5248868778280543,7.525014451828348,0.5331325301204819,0.0005000000237487257
7.6579186894774995,0.5248868778280543,7.525014449314899,0.5331325301204819,0.0005000000237487257
