precision,accuracy,recall,duration,f1,auc
0.7752380952380953,0.8,0.715136476426799,15.14123010635376,0.7333333333333334,0.0743424317617866
