precision,accuracy,recall,duration,f1,auc
0.7825516171380833,0.8090909090909091,0.7349875930521093,21.09010124206543,0.7513722957701001,0.10431761786600496
