precision,accuracy,recall,duration,f1,auc
0.8736842105263158,0.8938053097345132,0.9225806451612903,20.65092706680298,0.8857528014154521,0.005542935029532042
