precision,accuracy,recall,duration,f1,auc
0.7676105315449577,0.7964601769911505,0.7447523852794184,68.02715182304382,0.7538825757575758,0.09822807814629714
