precision,accuracy,recall,duration,f1,auc
0.49898989898989904,0.7045454545454546,0.5464387464387465,73.1864058971405,0.5132387706855792,0.7473268971244679
