precision,accuracy,recall,duration,f1,auc
0.7749384236453203,0.8045454545454546,0.73988603988604,242.45012640953064,0.7532979236470707,0.9217856442552798
