val_loss,val_acc,loss,acc,lr
2.188998817012127,0.45248868778280543,0.48096218108233196,0.8132530120481928,9.999999747378752e-05
0.6596675803780498,0.7104072398190046,0.317693280488118,0.8825301204819277,9.999999747378752e-05
0.7450506677607287,0.751131221719457,0.3327890145704599,0.8810240963855421,9.999999747378752e-05
0.683080152673765,0.7285067873303167,0.33567672412483446,0.8674698795180723,9.999999747378752e-05
1.4891574718465843,0.7058823529411765,0.26005636837266116,0.9036144578313253,9.999999747378752e-05
1.101063421227118,0.7239819004524887,0.2418452396663467,0.9171686746987951,9.999999747378752e-05
0.8569374040889012,0.7375565610859729,0.2027129773723792,0.9337349397590361,9.999999747378752e-05
0.4856452964979585,0.8144796380090498,0.17222187710162926,0.9427710843373494,4.999999873689376e-05
1.082297210865075,0.7149321266968326,0.17644506336627416,0.947289156626506,4.999999873689376e-05
0.5707928475591904,0.7963800904977375,0.15861258950331306,0.9503012048192772,4.999999873689376e-05
1.3253052213543857,0.6425339366515838,0.14466002190777336,0.963855421686747,4.999999873689376e-05
0.7760429056233865,0.7737556561085973,0.21157058488285865,0.9352409638554217,4.999999873689376e-05
1.6988470496495867,0.7330316742081447,0.1470974410059357,0.9578313253012049,4.999999873689376e-05
1.4340865852951554,0.7420814479638009,0.19195937374270106,0.9412650602409639,2.499999936844688e-05
0.7612747207823342,0.7375565610859729,0.1392001077947936,0.963855421686747,2.499999936844688e-05
0.8557937716214936,0.755656108597285,0.12737593628993504,0.9623493975903614,2.499999936844688e-05
1.5802682650523106,0.7285067873303167,0.14566848591160791,0.9608433734939759,2.499999936844688e-05
0.988422273675429,0.7285067873303167,0.15858183243502694,0.9518072289156626,2.499999936844688e-05
1.354977530850205,0.7149321266968326,0.1370960244493761,0.963855421686747,1.249999968422344e-05
1.3648230905842311,0.7104072398190046,0.10587728537439582,0.9789156626506024,1.249999968422344e-05
1.2552034548005382,0.7104072398190046,0.11468292318048875,0.9683734939759037,1.249999968422344e-05
1.4273761052623406,0.7149321266968326,0.11444724558190589,0.963855421686747,1.249999968422344e-05
1.1156171225653633,0.7149321266968326,0.13089905157741383,0.9728915662650602,1.249999968422344e-05
