precision,accuracy,recall,duration,f1,auc
0.5657073085644514,0.776255707762557,0.6256530825496344,21.745328903198242,0.591840091332153,0.8961916461916463
