precision,accuracy,recall,duration,f1,auc
0.8658963585434174,0.867579908675799,0.8104575163398693,989.0472536087036,0.8308970365045131,0.039314715785304
