precision,accuracy,recall,duration,f1,auc
0.44939956180492,0.6636363636363637,0.5621468926553672,106.04358577728271,0.48208258884256505,0.8254172686376077
