precision,accuracy,recall,duration,f1,auc
0.5443757631257632,0.4318181818181818,0.4613681478088258,1189.2340168952942,0.41020052143240543,0.7896543218577117
