val_loss,val_acc,loss,acc,lr
4.731917997019009,0.7064220183486238,4.806864041694179,0.6989409984871406,0.009999999776482582
4.731917997019009,0.7064220183486238,4.803728943332782,0.7019667170953101,0.009999999776482582
4.731917997019009,0.7064220183486238,4.803728942791742,0.7019667170953101,0.009999999776482582
4.731917997019009,0.7064220183486238,4.80372894405417,0.7019667170953101,0.009999999776482582
4.731917997019009,0.7064220183486238,4.803728943873823,0.7019667170953101,0.009999999776482582
4.731917997019009,0.7064220183486238,4.803728946398679,0.7019667170953101,0.009999999776482582
4.731917997019009,0.7064220183486238,4.803728945496945,0.7019667170953101,0.009999999776482582
4.731917997019009,0.7064220183486238,4.803728945677292,0.7019667170953101,0.009999999776482582
4.731917997019009,0.7064220183486238,4.803728945857638,0.7019667170953101,0.009999999776482582
4.731917997019009,0.7064220183486238,4.803728942431047,0.7019667170953101,0.009999999776482582
4.731917997019009,0.7064220183486238,4.803728946759374,0.7019667170953101,0.009999999776482582
4.731917997019009,0.7064220183486238,4.803728945316598,0.7019667170953101,0.004999999888241291
4.731917997019009,0.7064220183486238,4.8037289445952105,0.7019667170953101,0.004999999888241291
4.731917997019009,0.7064220183486238,4.803728944955903,0.7019667170953101,0.004999999888241291
4.731917997019009,0.7064220183486238,4.803728942070354,0.7019667170953101,0.004999999888241291
4.731917997019009,0.7064220183486238,4.80372894170966,0.7019667170953101,0.004999999888241291
