val_loss,val_acc,loss,acc,lr
7.541494255765866,0.5321100917431193,7.4087097944613705,0.5299401201173931,0.009999999776482582
7.541494255765866,0.5321100917431193,7.552341167084471,0.5314371253915889,0.009999999776482582
7.541494255765866,0.5321100917431193,7.552341129965411,0.531437125748503,0.009999999776482582
7.541494255765866,0.5321100917431193,7.5523411642291585,0.531437125748503,0.009999999776482582
7.541494255765866,0.5321100917431193,7.552341167084471,0.5314371253915889,0.009999999776482582
7.541494255765866,0.5321100917431193,7.5523411585185345,0.531437125570046,0.009999999776482582
7.541494255765866,0.5321100917431193,7.5523411842163455,0.531437126105417,0.009999999776482582
7.541494255765866,0.5321100917431193,7.552341187071657,0.531437125748503,0.009999999776482582
7.541494255765866,0.5321100917431193,7.552341135676036,0.53143712592696,0.009999999776482582
7.541494255765866,0.5321100917431193,7.552341187071657,0.531437125748503,0.009999999776482582
7.541494255765866,0.5321100917431193,7.5523411642291585,0.531437125748503,0.009999999776482582
7.541494255765866,0.5321100917431193,7.55234115280791,0.531437125748503,0.0009999999310821295
7.541494255765866,0.5321100917431193,7.552341135676036,0.53143712592696,0.0009999999310821295
7.541494255765866,0.5321100917431193,7.55234122704603,0.53143712592696,0.0009999999310821295
7.541494255765866,0.5321100917431193,7.552341201348219,0.5314371253915889,0.0009999999310821295
7.541494255765866,0.5321100917431193,7.5523411642291585,0.531437125748503,0.0009999999310821295
