precision,accuracy,recall,duration,f1,auc
0.760185272710086,0.8,0.7732009925558313,148.38050174713135,0.7658668730650154,0.12724565756823822
