precision,accuracy,recall,duration,f1,auc
0.37594781208963446,0.5530973451327433,0.399856767724994,14.389353036880493,0.3676827728235317,0.7482085212450454
