precision,accuracy,recall,duration,f1,auc
0.8336612761073193,0.8451327433628318,0.7156054359444189,301.7200131416321,0.7122484640739198,0.8523944092098783
