precision,accuracy,recall,duration,f1,auc
0.483065953654189,0.6590909090909091,0.47179487179487184,80.98452973365784,0.4415969666555147,0.7094905857617722
