precision,accuracy,recall,duration,f1,auc
0.7234903674923102,0.680365296803653,0.6229089591158556,891.2320992946625,0.5957760337917297,0.8366034529827632
