precision,accuracy,recall,duration,f1,auc
0.17808219178082194,0.5318181818181819,0.3305084745762712,42.505980253219604,0.23145400593471813,0.48421250455148757
