precision,accuracy,recall,duration,f1,auc
0.8839631782945736,0.8772727272727273,0.8146401985111662,99.76088213920593,0.8392465697816026,0.036327543424317627
