precision,accuracy,recall,duration,f1,auc
0.5215437483478721,0.6454545454545455,0.4587136027813994,5176.852388858795,0.4331501831501831,0.7431369439844016
