precision,accuracy,recall,duration,f1,auc
0.7559055118110236,0.7181818181818181,0.8,605.2275893688202,0.7135416666666666,0.016774193548387096
