precision,accuracy,recall,duration,f1,auc
0.3994708994708995,0.5954545454545455,0.47140373750543246,1477.1281154155731,0.42236221522257217,0.6936966301373081
