precision,accuracy,recall,duration,f1,auc
0.9538095238095238,0.9681818181818181,0.972952853598015,29.891239881515503,0.9625986642380086,0.0021836228287841213
