precision,accuracy,recall,duration,f1,auc
0.7229039479039479,0.6283185840707964,0.529569077313169,27.018266677856445,0.5620979020979021,0.7868247813342109
