precision,accuracy,recall,duration,f1,auc
0.663213596717659,0.7454545454545455,0.6144549407707303,139.99771642684937,0.6225606751922541,0.8001430268636746
