precision,accuracy,recall,duration,f1,auc
0.8836633663366337,0.7863636363636364,0.6384615384615384,14.74860143661499,0.6510411393473052,0.07712158808933002
