precision,accuracy,recall,duration,f1,auc
0.8972868217054264,0.8863636363636364,0.825558312655087,212.68350529670715,0.8511542312792617,0.035235732009925566
