precision,accuracy,recall,duration,f1,auc
0.9042027770012114,0.9272727272727272,0.9305210918114144,1031.2305972576141,0.9155389192820809,0.021637717121588095
