val_loss,val_acc,loss,acc,lr
0.21558673264374728,0.9147982064116696,0.3924529399846616,0.8534743202416919,9.999999974752427e-07
0.2654179927195796,0.8789237668161435,0.30428328092724893,0.8867069486404834,9.999999974752427e-07
0.21066857516377197,0.9013452916134633,0.226146059409009,0.9350453172205438,9.999999974752427e-07
0.22089567590331174,0.901345291747106,0.19428462281350461,0.9365558912386707,9.999999974752427e-07
0.29200946977720776,0.869955157217958,0.1795700505218297,0.9395770392749244,9.999999974752427e-07
0.4103080791546908,0.8475336322869955,0.18434130648584343,0.93202416918429,9.999999974752427e-07
0.36711092310183313,0.8475336322869955,0.13748633782759173,0.959214501510574,9.999999974752427e-07
0.42831614563132026,0.8475336322869955,0.17349509800871513,0.9425981873111783,9.999999974752427e-07
0.5084051198235127,0.8475336322869955,0.1581643116955851,0.9410876132930514,9.999999974752427e-07
0.39882273376856714,0.8609865470852018,0.13551939763072485,0.9652567975830816,9.999999974752427e-07
0.22675321921938407,0.9013452914798207,0.1371782532811525,0.9546827794561934,9.999999974752427e-07
0.37166568418475404,0.8609865470852018,0.12309711344900268,0.9561933534743202,9.999999974752427e-07
0.36789191014557704,0.874439461883408,0.11766173254158292,0.959214501510574,9.999999974752427e-07
0.30412858804487414,0.874439461883408,0.14034851017517805,0.9486404833836858,1.0000000116860974e-07
0.27645406775793985,0.8878923766816144,0.1234986753318335,0.9637462235649547,1.0000000116860974e-07
0.3167713788374102,0.8834080717488789,0.11801359958361463,0.9652567975830816,1.0000000116860974e-07
0.36774368584340944,0.874439461883408,0.11954702874448635,0.9561933534743202,1.0000000116860974e-07
0.33399686858828237,0.8834080717488789,0.10877175672750729,0.972809667673716,1.0000000116860974e-07
