precision,accuracy,recall,duration,f1,auc
0.7950771798080934,0.8230088495575221,0.8213539300318038,16.122138738632202,0.8042273042273043,0.10467969104952295
