precision,accuracy,recall,duration,f1,auc
0.5215285819559954,0.7363636363636363,0.58005698005698,57.609639167785645,0.5433588612980583,0.6476683160893687
