precision,accuracy,recall,duration,f1,auc
0.8657384219840395,0.7831858407079646,0.6703001640934322,15.26546859741211,0.6941970085958694,0.8497066534187566
