val_loss,val_acc,loss,acc,lr
7.6579186894774995,0.5248868778280543,7.489045661077449,0.5316265060240963,9.999999747378752e-05
7.6579186894774995,0.5248868778280543,7.525014450033027,0.5331325301204819,9.999999747378752e-05
7.6579186894774995,0.5248868778280543,7.525014453264604,0.5331325301204819,9.999999747378752e-05
7.6579186894774995,0.5248868778280543,7.525014451828348,0.5331325301204819,9.999999747378752e-05
7.6579186894774995,0.5248868778280543,7.525014453264604,0.5331325301204819,9.999999747378752e-05
7.6579186894774995,0.5248868778280543,7.525014448596771,0.5331325301204819,9.999999747378752e-05
7.6579186894774995,0.5248868778280543,7.525014447878642,0.5331325301204819,9.999999747378752e-06
7.6579186894774995,0.5248868778280543,7.525014450392091,0.5331325301204819,9.999999747378752e-06
7.6579186894774995,0.5248868778280543,7.525014452187412,0.5331325301204819,9.999999747378752e-06
7.6579186894774995,0.5248868778280543,7.525014453982732,0.5331325301204819,9.999999747378752e-06
7.6579186894774995,0.5248868778280543,7.525014454341797,0.5331325301204819,9.999999747378752e-06
7.6579186894774995,0.5248868778280543,7.525014448237706,0.5331325301204819,9.999999974752427e-07
7.6579186894774995,0.5248868778280543,7.52501445290554,0.5331325301204819,9.999999974752427e-07
7.6579186894774995,0.5248868778280543,7.525014453264604,0.5331325301204819,9.999999974752427e-07
7.6579186894774995,0.5248868778280543,7.525014452187412,0.5331325301204819,9.999999974752427e-07
7.6579186894774995,0.5248868778280543,7.525014451828348,0.5331325301204819,9.999999974752427e-07
