precision,accuracy,recall,duration,f1,auc
0.8968039003250271,0.9227272727272727,0.936228287841191,222.29539227485657,0.911939911939912,0.03325062034739454
