precision,accuracy,recall,duration,f1,auc
0.5822784810126582,0.8181818181818182,0.6512820512820513,12.678145408630371,0.6104834721746738,0.9414261719346465
