precision,accuracy,recall,duration,f1,auc
0.8742028985507245,0.8141592920353983,0.7179765107671529,43.096359968185425,0.7422545662100456,0.8878707425496635
