precision,accuracy,recall,duration,f1,auc
0.5691056910569106,0.7808219178082192,0.6111111111111112,4847.566034555435,0.5792207792207792,0.7652368277368278
