precision,accuracy,recall,duration,f1,auc
0.9379310344827586,0.8805309734513275,0.7696992767415303,251.36892557144165,0.7985852230762918,0.8730765260366598
