precision,accuracy,recall,duration,f1,auc
0.5271661830801616,0.6636363636363637,0.48433048433048437,437.0236246585846,0.4610566448801743,0.7156481769842093
