precision,accuracy,recall,duration,f1,auc
0.9090909090909092,0.8447488584474886,0.7424242424242424,143.45940613746643,0.776530612244898,0.006139829669241431
