precision,accuracy,recall,duration,f1,auc
0.9157608695652174,0.8584474885844748,0.7651515151515151,218.63205313682556,0.8005405881834474,0.044068132303426426
