precision,accuracy,recall,duration,f1,auc
0.976080008248273,0.9727272727272728,0.9583126550868486,1774.0283267498016,0.9666363360630877,0.002977667493796527
