precision,accuracy,recall,duration,f1,auc
0.7308531746031747,0.7990867579908676,0.6807920773438014,21.13246178627014,0.6837339743589744,0.8918748293748294
