precision,accuracy,recall,duration,f1,auc
0.4744363929146538,0.6460176991150443,0.5152781093339699,240.97985076904297,0.4933894230769231,0.7491074865746624
