precision,accuracy,recall,duration,f1,auc
0.8102106227106227,0.8318181818181818,0.7689826302729529,221.3290994167328,0.7846048000846763,0.10699751861042184
