precision,accuracy,recall,duration,f1,auc
0.34292035398230086,0.6858407079646017,0.5,7.78554105758667,0.4068241469816273,0.5
