precision,accuracy,recall,duration,f1,auc
0.6522843567251462,0.6529680365296804,0.6036812674743709,342.64491176605225,0.5689515596087761,0.8678178570419949
