precision,accuracy,recall,duration,f1,auc
0.8152505446623094,0.8454545454545455,0.8590570719602978,47.03462195396423,0.8280459770114943,0.06461538461538463
