precision,accuracy,recall,duration,f1,auc
0.5804972295129776,0.5909090909090909,0.5230469335732494,123.90151691436768,0.5418512228653288,0.6938936756750521
