precision,accuracy,recall,duration,f1,auc
0.9346590909090908,0.8949771689497716,0.8257575757575757,390.46633100509644,0.8595410055492039,0.0196078431372549
