precision,accuracy,recall,duration,f1,auc
0.1791692822766269,0.26548672566371684,0.38091612739500064,806.6514866352081,0.2367273382591458,0.45811316209979375
