precision,accuracy,recall,duration,f1,auc
0.43166023166023165,0.6409090909090909,0.4512820512820513,47.26893663406372,0.41295929592959296,0.6033639898046678
