precision,accuracy,recall,duration,f1,auc
0.5586202056356809,0.7863636363636364,0.6176879617557584,187.90415835380554,0.5806451612903226,0.6760051446492125
