precision,accuracy,recall,duration,f1,auc
0.9206906643254317,0.9363636363636364,0.9280397022332506,6.0293285846710205,0.9242424242424243,0.010620347394540947
