precision,accuracy,recall,duration,f1,auc
0.7641625615763546,0.7920353982300885,0.7338936846887778,72.38871455192566,0.7450740394076847,0.09050431621990004
