val_loss,val_acc,loss,acc,lr
5.032346470863032,0.687782807182942,4.341734386352171,0.6716867469879518,0.0010000000474974513
5.032346470863032,0.687782807182942,4.806299479610948,0.7018072281975344,0.0010000000474974513
5.032346470863032,0.687782807182942,4.8062995485512605,0.7018072281975344,0.0010000000474974513
5.032346470863032,0.687782807182942,4.806299531316182,0.7018072289156626,0.0010000000474974513
5.032346470863032,0.687782807182942,4.806299545678748,0.7018072296337909,0.0010000000474974513
5.032346470863032,0.687782807182942,4.806299628981625,0.7018072281975344,0.0010000000474974513
5.032346470863032,0.687782807182942,4.806299611746547,0.7018072289156626,0.0010000000474974513
5.032346470863032,0.687782807182942,4.806299640471677,0.7018072281975344,0.0010000000474974513
5.032346470863032,0.687782807182942,4.806299623236598,0.7018072289156626,0.0010000000474974513
5.032346470863032,0.687782807182942,4.806299617491573,0.7018072281975344,0.0010000000474974513
5.032346470863032,0.687782807182942,4.806299554296286,0.7018072289156626,0.0010000000474974513
5.032346470863032,0.687782807182942,4.8062995255711565,0.7018072296337909,0.0005000000237487257
5.032346470863032,0.687782807182942,4.806299571531365,0.7018072296337909,0.0005000000237487257
5.032346470863032,0.687782807182942,4.806299594511469,0.7018072281975344,0.0005000000237487257
5.032346470863032,0.687782807182942,4.80629957727639,0.7018072289156626,0.0005000000237487257
5.032346470863032,0.687782807182942,4.806299560041313,0.7018072289156626,0.0005000000237487257
