precision,accuracy,recall,duration,f1,auc
0.6250544662309369,0.668141592920354,0.5056669225922031,1061.5843715667725,0.48203846153846164,0.8544229954471062
