precision,accuracy,recall,duration,f1,auc
0.8555045871559632,0.7136363636363636,0.5153846153846153,377.2098648548126,0.44540034412388463,0.024913151364764265
