precision,accuracy,recall,duration,f1,auc
0.4996798855119949,0.7272727272727273,0.5487179487179487,147.9979817867279,0.5133115274060859,0.650044633942939
