precision,accuracy,recall,duration,f1,auc
0.5411439938294158,0.7272727272727273,0.562962962962963,10.15879225730896,0.5410981559579922,0.7700531736968984
