precision,accuracy,recall,duration,f1,auc
0.33095238095238094,0.6150442477876106,0.4483870967741935,17.02011799812317,0.3808219178082191,0.3364834166288051
