precision,accuracy,recall,duration,f1,auc
0.5674603174603174,0.7727272727272727,0.6,1158.660562992096,0.5713545713545714,0.6877115707624183
