val_loss,val_acc,loss,acc,lr
11.31224130053039,0.2981651376146789,11.246360009658837,0.3008982035928144,0.009999999776482582
11.31224130053039,0.2981651376146789,11.268189459146853,0.3008982035928144,0.009999999776482582
11.31224130053039,0.2981651376146789,11.268189458433026,0.3008982035928144,0.009999999776482582
11.31224130053039,0.2981651376146789,11.268189459146853,0.3008982035928144,0.009999999776482582
11.31224130053039,0.2981651376146789,11.26818945700537,0.3008982035928144,0.009999999776482582
11.31224130053039,0.2981651376146789,11.268189462002166,0.3008982035928144,0.009999999776482582
11.31224130053039,0.2981651376146789,11.268189461288339,0.3008982035928144,0.0009999999310821295
11.31224130053039,0.2981651376146789,11.26818945700537,0.3008982035928144,0.0009999999310821295
11.31224130053039,0.2981651376146789,11.268189458789939,0.3008982035928144,0.0009999999310821295
11.31224130053039,0.2981651376146789,11.268189457719197,0.3008982035928144,0.0009999999310821295
11.31224130053039,0.2981651376146789,11.268189460931424,0.3008982035928144,0.0009999999310821295
11.31224130053039,0.2981651376146789,11.2681894552208,0.3008982035928144,9.99999901978299e-05
11.31224130053039,0.2981651376146789,11.268189457719197,0.3008982035928144,9.99999901978299e-05
11.31224130053039,0.2981651376146789,11.268189456291541,0.3008982035928144,9.99999901978299e-05
11.31224130053039,0.2981651376146789,11.26818946057451,0.3008982035928144,9.99999901978299e-05
11.31224130053039,0.2981651376146789,11.268189458076112,0.3008982035928144,9.99999901978299e-05
