precision,accuracy,recall,duration,f1,auc
0.7172690763052209,0.7566371681415929,0.696637891867333,857.6272764205933,0.7044065539463984,0.15129486597001363
