precision,accuracy,recall,duration,f1,auc
0.5003377237419792,0.759090909090909,0.6214689265536723,55.73867201805115,0.5512252122211913,0.7203254754102212
