precision,accuracy,recall,duration,f1,auc
0.6831108183549953,0.6545454545454545,0.649947518368571,190.60084986686707,0.625604536803563,0.8850312006182453
