val_loss,val_acc,loss,acc,lr
10.620597220342095,0.2935779786438023,0.28409730515663995,0.8744326770395807,0.0010000000474974513
2.066908901985448,0.6192660662559194,0.20255720342612302,0.9152798823978464,0.0010000000474974513
11.386177590133949,0.2935779786438023,0.11531787478391774,0.9652042498927614,0.0010000000474974513
11.386177590133949,0.2935779786438023,0.14003170303064827,0.9455370619870531,0.0010000000474974513
11.386177590133949,0.2935779786438023,0.08413868580075508,0.9682299670581558,0.0010000000474974513
11.386177590133949,0.2935779786438023,0.05699847941815222,0.9818457056642841,0.0010000000474974513
11.386177590133949,0.2935779786438023,0.03822478515613097,0.9924357106934517,0.0010000000474974513
11.386177590133949,0.2935779786438023,0.038188469141113054,0.9894099890193853,0.0010000000474974513
11.386177590133949,0.2935779786438023,0.03167750230749418,0.9939485671119863,0.0010000000474974513
11.386177590133949,0.2935779786438023,0.09865823295108309,0.9606656718001604,0.0010000000474974513
11.386177590133949,0.2935779786438023,0.086856405184507,0.9727685406420847,0.0010000000474974513
11.386177590133949,0.2935779786438023,0.05103550483324704,0.9803328418515274,0.0010000000474974513
11.386177590133949,0.2935779786438023,0.0354721756389931,0.9894099890193853,0.00010000000474974513
11.386177590133949,0.2935779786438023,0.026467046107245828,0.995461426416071,0.00010000000474974513
11.386177590133949,0.2935779786438023,0.028113493932560425,0.9939485671119863,0.00010000000474974513
11.386177590133949,0.2935779786438023,0.034290070925894194,0.9909228468806949,0.00010000000474974513
11.386177590133949,0.2935779786438023,0.029630395230159458,0.9939485671119863,0.00010000000474974513
