precision,accuracy,recall,duration,f1,auc
0.5747924322852865,0.8090909090909091,0.643328987396784,57.17134642601013,0.6028186694054547,0.9001744247506959
