precision,accuracy,recall,duration,f1,auc
0.3493150684931507,0.6986301369863014,0.5,202.63746166229248,0.41129032258064513,0.40037631214101804
