precision,accuracy,recall,duration,f1,auc
0.7270471464019852,0.7727272727272727,0.7270471464019852,29.222957372665405,0.7270471464019852,0.2457071960297767
