precision,accuracy,recall,duration,f1,auc
0.9429411764705882,0.9227272727272727,0.8736972704714641,527.6713519096375,0.8999331103678929,0.005955334987593059
