precision,accuracy,recall,duration,f1,auc
0.3472222222222222,0.684931506849315,0.49019607843137253,135.09594178199768,0.40650406504065045,0.17800554565260449
