precision,accuracy,recall,duration,f1,auc
0.8509174311926606,0.7031963470319634,0.5075757575757576,206.32699942588806,0.4273242949672124,0.04327589621707268
