precision,accuracy,recall,duration,f1,auc
0.5158788644418711,0.7318181818181818,0.5749287749287749,408.8679711818695,0.5379825172120368,0.6935228439277022
