precision,accuracy,recall,duration,f1,auc
0.35750156936597616,0.3495575221238938,0.33498409813721036,36.77025651931763,0.33164343050274614,0.6158109950022717
