precision,accuracy,recall,duration,f1,auc
0.9629734848484849,0.9601769911504425,0.9442526124488868,1337.2167434692383,0.9528675703858186,0.004089050431621994
