precision,accuracy,recall,duration,f1,auc
0.8903061224489797,0.8036529680365296,0.6742424242424243,78.57411408424377,0.6968223817649142,0.010001980590215873
