precision,accuracy,recall,duration,f1,auc
0.6098012542456986,0.6272727272727273,0.617764309289733,48.32400727272034,0.5894495926224371,0.8223780494966936
