precision,accuracy,recall,duration,f1,auc
0.938415159345392,0.915929203539823,0.8700136301681054,1347.5506162643433,0.8949480122324159,0.01172194457064971
