precision,accuracy,recall,duration,f1,auc
0.7943527457697499,0.8141592920353983,0.7576556110858701,566.7382473945618,0.7711226851851851,0.13039527487505678
