precision,accuracy,recall,duration,f1,auc
0.76875,0.8045454545454546,0.7987593052109181,356.09591007232666,0.7788427819988311,0.11057071960297767
