precision,accuracy,recall,duration,f1,auc
0.777028646769747,0.8227272727272728,0.7917356730916053,217.67338871955872,0.7796442075249489,0.8807521993962671
