precision,accuracy,recall,duration,f1,auc
0.35536842105263156,0.5454545454545454,0.4357235984354628,43.43079590797424,0.3889917695473251,0.6826529593478745
