precision,accuracy,recall,duration,f1,auc
0.7934485896269337,0.8272727272727273,0.788089330024814,81.54416084289551,0.7906650641025642,0.10868486352357322
