precision,accuracy,recall,duration,f1,auc
0.9642857142857143,0.9772727272727273,0.9838709677419355,591.7541537284851,0.9732847601700061,0.0014888337468982652
