precision,accuracy,recall,duration,f1,auc
0.6179314210545074,0.42727272727272725,0.43370919811597775,1139.9006071090698,0.43132513173412973,0.6146766388291812
