precision,accuracy,recall,duration,f1,auc
0.9897319400272604,0.9911504424778761,0.9897319400272604,1859.155261039734,0.9897319400272604,0.001272149023171286
