val_loss,val_acc,loss,acc,lr
4.770378095686703,0.7040358739048911,4.516936863477136,0.6963746147933684,0.009999999776482582
4.770378095686703,0.7040358739048911,4.8938629238266955,0.6963746311801438,0.009999999776482582
4.770378095686703,0.7040358739048911,4.893862900056868,0.6963746252376868,0.009999999776482582
4.770378095686703,0.7040358739048911,4.893862993695585,0.6963746237970911,0.009999999776482582
4.770378095686703,0.7040358739048911,4.893862971366352,0.6963746192952297,0.009999999776482582
4.770378095686703,0.7040358739048911,4.8938628305481275,0.6963746088509113,0.009999999776482582
4.770378095686703,0.7040358739048911,4.893862901857612,0.6963746207358253,0.009999999776482582
4.770378095686703,0.7040358739048911,4.8938628067783,0.6963746326207394,0.009999999776482582
4.770378095686703,0.7040358739048911,4.893862947596524,0.6963746133527727,0.009999999776482582
4.770378095686703,0.7040358739048911,4.893862901857612,0.6963746326207394,0.009999999776482582
4.770378095686703,0.7040358739048911,4.893862711698987,0.6963746147933684,0.009999999776482582
4.770378095686703,0.7040358739048911,4.893862735468815,0.6963746207358253,0.0009999999310821295
4.770378095686703,0.7040358739048911,4.8938628067783,0.6963746088509113,0.0009999999310821295
4.770378095686703,0.7040358739048911,4.893862759238644,0.6963746207358253,0.0009999999310821295
4.770378095686703,0.7040358739048911,4.893862878087784,0.6963746207358253,0.0009999999310821295
4.770378095686703,0.7040358739048911,4.893862947596524,0.6963746192952297,0.0009999999310821295
