precision,accuracy,recall,duration,f1,auc
0.8587962962962963,0.7227272727272728,0.5307692307692308,694.8551301956177,0.47576077190515254,0.03712158808933002
