val_loss,val_acc,loss,acc,lr
4.0667340950282655,0.7293577981651376,1.9419014103231294,0.8023952095808383,0.009999999776482582
1.0500538087127547,0.8669724770642202,1.2381445780574691,0.8547904191616766,0.009999999776482582
1.7187446585911672,0.8715596330275229,1.0178853966796655,0.8817365269461078,0.009999999776482582
6.347637043682187,0.5091743119266054,0.6485389591183226,0.8937125748502994,0.009999999776482582
2.3179456039627624,0.8211009174311926,0.3096396539479188,0.9131736526946108,0.009999999776482582
0.7021318617691411,0.8211009174311926,0.17373788193602,0.9491017964071856,0.009999999776482582
1.0658500400482853,0.9036697247706422,0.2238513991474424,0.9236526946107785,0.009999999776482582
0.0694470057954594,0.9678899082568807,0.25977478966946177,0.9221556886227545,0.009999999776482582
1.112634011980144,0.926605504587156,0.14221331698668027,0.9550898203592815,0.009999999776482582
0.7446605386836038,0.9311926605504587,0.14837104245034533,0.9520958083832335,0.009999999776482582
0.7471858550365232,0.9174311926605505,0.16357162964727023,0.9476047904191617,0.009999999776482582
0.13907149057858012,0.9587155963302753,0.11574368215048876,0.9595808383233533,0.009999999776482582
1.0984712373327736,0.8165137614678899,0.11522556781904471,0.9565868263473054,0.009999999776482582
1.1945187932399097,0.9220183486238532,0.09254607300697866,0.9670658682634731,0.009999999776482582
0.9204017833169497,0.9174311926605505,0.12337626514788703,0.9505988023952096,0.009999999776482582
1.2450681199352267,0.8853211009174312,0.096501701033397,0.9625748502994012,0.009999999776482582
0.3997749458517371,0.9036697247706422,0.07708399543277479,0.9700598802395209,0.009999999776482582
0.874495727032247,0.8440366972477065,0.04444932143604399,0.9805389221556886,0.009999999776482582
1.0176371217746476,0.9220183486238532,0.04047841877071934,0.9790419161676647,0.0009999999310821295
1.0368400101490571,0.9220183486238532,0.02623114405038039,0.9955089820359282,0.0009999999310821295
1.0344777599446484,0.9220183486238532,0.03295643180789777,0.9865269461077845,0.0009999999310821295
0.9717862773655173,0.9311926605504587,0.014448197830771567,0.9955089820359282,0.0009999999310821295
0.9527262592232256,0.9311926605504587,0.023732820725173492,0.9940119760479041,0.0009999999310821295
