precision,accuracy,recall,duration,f1,auc
0.8795518207282913,0.8672566371681416,0.8078146297137665,86.07279992103577,0.8315946348733234,0.02935029532030895
