precision,accuracy,recall,duration,f1,auc
0.8137962962962962,0.7818181818181819,0.6764282501124607,48.29396295547485,0.7065549482381384,0.7927800269905533
