val_loss,val_acc,loss,acc,lr
0.31356044099965225,0.8899082569490879,0.6619138992475179,0.68712574814608,0.0010000000474974513
0.40613017497806375,0.8211009174311926,0.3845060583717095,0.842814371257485,0.0010000000474974513
0.5843793103522664,0.7064220183486238,0.36753464441099565,0.8323353289844033,0.0010000000474974513
0.22202817193411906,0.8807339449541285,0.27986264086055185,0.8877245508982036,0.0010000000474974513
0.1478545471103093,0.963302752293578,0.24410396180823893,0.8967065871832613,0.0010000000474974513
0.14073096270408106,0.9678899082568807,0.19737856005301732,0.9191616770036206,0.0010000000474974513
0.16668570679911507,0.926605504587156,0.17698846735104828,0.9356287425149701,0.0010000000474974513
0.14799937515288863,0.9495412833100065,0.17080477000532035,0.9296407182059602,0.0010000000474974513
0.18059362520660283,0.9128440366972477,0.20204071415041736,0.9206586829916446,0.0010000000474974513
0.18084734439456818,0.8990825688073395,0.18111145880051002,0.9311377249078122,0.0010000000474974513
0.14388368281732322,0.9495412844036697,0.11216418949251403,0.9610778443113772,0.0010000000474974513
0.15420503158190654,0.9220183486238532,0.09772375502629195,0.9610778443113772,0.00020000000949949026
0.2533076800461517,0.8715596330275229,0.08533534313925727,0.9670658686203871,0.00020000000949949026
0.17159700887961263,0.926605504587156,0.0864300551841002,0.9670658686203871,0.00020000000949949026
0.23326587875815827,0.8761467889908257,0.08653031684413641,0.9700598802395209,0.00020000000949949026
0.1931408366392401,0.9174311926605505,0.0805367158870854,0.9640718559305111,0.00020000000949949026
0.21238786530779213,0.8899082568807339,0.07802319245602557,0.9685628746084111,4.0000002627493814e-05
0.18638961797862083,0.9220183486238532,0.05850289294685789,0.9835329341317365,4.0000002627493814e-05
0.19709921123966181,0.9036697247706422,0.07922564399523471,0.9715568865844589,4.0000002627493814e-05
0.2410813277713322,0.8761467889908257,0.0748729990226423,0.9715568862275449,4.0000002627493814e-05
0.2335419442807431,0.8807339449541285,0.0787661637397048,0.9745508982035929,4.0000002627493814e-05
