precision,accuracy,recall,duration,f1,auc
0.9936305732484076,0.990909090909091,0.9846153846153847,44.8702666759491,0.9889823717948718,0.00119106699751861
