precision,accuracy,recall,duration,f1,auc
0.8715170278637772,0.8954545454545455,0.8811414392059553,88.49302101135254,0.8760745511988441,0.020049627791563277
