precision,accuracy,recall,duration,f1,auc
0.5675054112554112,0.7990867579908676,0.637843956809474,817.8510451316833,0.5969610636277304,0.7647396612913854
