precision,accuracy,recall,duration,f1,auc
0.5144094370613708,0.6681818181818182,0.49356801390699695,1349.8291556835175,0.47417316982534374,0.7031648989276108
