precision,accuracy,recall,duration,f1,auc
0.4889015728056824,0.5272727272727272,0.46765632028789933,809.4559166431427,0.4741440055694321,0.6507543513616388
