val_loss,val_acc,loss,acc,lr
0.9826277435095602,0.5248868778280543,1.0381503277514355,0.5120481927710844,0.0010000000474974513
1.0711074048037983,0.5610859730192439,1.0540764260004802,0.5813253012048193,0.0010000000474974513
0.922781746851373,0.5656108598970719,0.9215229778404695,0.572289156626506,0.0010000000474974513
1.3669320210072788,0.5248868778280543,0.8766009498791523,0.608433734939759,0.0010000000474974513
0.8656252347506009,0.6425339368201489,0.8508850429431501,0.6385542168674698,0.0010000000474974513
1.1418339062600114,0.4343891404400584,0.6635739070823393,0.7183734939759037,0.0010000000474974513
1.1514508594754596,0.5294117647058824,0.7350025019013738,0.661144578313253,0.0010000000474974513
1.0704854484057533,0.6108597286753525,0.642653152167079,0.7168674698795181,0.0010000000474974513
1.2328326867986048,0.5837104074083842,0.6413417508803219,0.7274096385542169,0.0010000000474974513
1.605466799296405,0.5882352942862122,0.6591162688760872,0.7003012048192772,0.0010000000474974513
1.3179236040935258,0.5927601811640403,0.5999629407762045,0.7379518072289156,0.0010000000474974513
1.725850422980424,0.6199095024310086,0.566113385091345,0.7680722891566265,0.0010000000474974513
1.6063061105719518,0.5972850680418683,0.5834870575422264,0.7439759036144579,0.0010000000474974513
1.7202968907572025,0.5837104074083842,0.5261651327811092,0.766566265060241,0.0010000000474974513
1.148570636818312,0.6108597286753525,0.5244476644389601,0.7680722891566265,0.0010000000474974513
1.020333389351271,0.6289592761866647,0.4357125087674842,0.8268072289156626,0.00020000000949949026
1.144290901956515,0.6334841630644927,0.39478098556219815,0.8313253012048193,0.00020000000949949026
1.2913973568791177,0.5882352942862122,0.3832000775868634,0.8418674698795181,0.00020000000949949026
1.2821255202207091,0.6108597286753525,0.3438282293009471,0.858433734939759,0.00020000000949949026
1.6099429179100968,0.5837104074083842,0.3203349714896765,0.8569277108433735,0.00020000000949949026
