precision,accuracy,recall,duration,f1,auc
0.7612479308131482,0.817351598173516,0.7273174428346842,40.84068560600281,0.7356984478935699,0.9279714667645703
