precision,accuracy,recall,duration,f1,auc
0.55132119170439,0.5681818181818182,0.474584493228561,52.07927489280701,0.5040899291856099,0.6995266452893572
