precision,accuracy,recall,duration,f1,auc
0.7970201238390093,0.8318181818181818,0.8047146401985112,815.5610857009888,0.8006416693198795,0.15325062034739456
