precision,accuracy,recall,duration,f1,auc
0.8490546961884542,0.8727272727272727,0.8426799007444169,24.248440504074097,0.8457532051282052,0.08516129032258066
