precision,accuracy,recall,duration,f1,auc
0.9493670886075949,0.9646017699115044,0.9741935483870967,320.51388597488403,0.9600883002207506,0.001272149023171286
