precision,accuracy,recall,duration,f1,auc
0.6833737920268813,0.5772727272727273,0.6832082408353596,1236.8399438858032,0.586340566983807,0.8402457216016538
