precision,accuracy,recall,duration,f1,auc
0.5811965811965812,0.8053097345132744,0.6375427707487865,2204.149701833725,0.6034063260340633,0.8066286326909388
