precision,accuracy,recall,duration,f1,auc
0.9006737443854634,0.9136363636363637,0.8895781637717122,1109.947067975998,0.8948454126940203,0.026799007444168736
