precision,accuracy,recall,duration,f1,auc
0.9874213836477987,0.9818181818181818,0.9692307692307692,82.53198575973511,0.9777575573753918,0.0010918114143920606
