val_loss,val_acc,loss,acc,lr
5.032346470863032,0.687782807182942,4.362030845090567,0.7018072289156626,0.0010000000474974513
5.032346470863032,0.687782807182942,4.806299583021417,0.7018072296337909,0.0010000000474974513
5.032346470863032,0.687782807182942,4.806299531316182,0.7018072289156626,0.0010000000474974513
5.032346470863032,0.687782807182942,4.806299594511469,0.7018072281975344,0.0010000000474974513
5.032346470863032,0.687782807182942,4.806299531316182,0.7018072289156626,0.0010000000474974513
5.032346470863032,0.687782807182942,4.806299617491573,0.7018072281975344,0.0010000000474974513
5.032346470863032,0.687782807182942,4.806299628981625,0.7018072289156626,0.0010000000474974513
5.032346470863032,0.687782807182942,4.806299617491573,0.7018072296337909,0.0010000000474974513
5.032346470863032,0.687782807182942,4.806299537061209,0.7018072289156626,0.0010000000474974513
5.032346470863032,0.687782807182942,4.806299502591052,0.7018072281975344,0.0010000000474974513
5.032346470863032,0.687782807182942,4.806299594511469,0.7018072281975344,0.0010000000474974513
5.032346470863032,0.687782807182942,4.806299606001521,0.7018072289156626,0.0005000000237487257
5.032346470863032,0.687782807182942,4.806299689304398,0.7018072281975344,0.0005000000237487257
5.032346470863032,0.687782807182942,4.806299528443669,0.7018072281975344,0.0005000000237487257
5.032346470863032,0.687782807182942,4.806299531316182,0.7018072289156626,0.0005000000237487257
5.032346470863032,0.687782807182942,4.806299594511469,0.7018072296337909,0.0005000000237487257
