precision,accuracy,recall,duration,f1,auc
0.5136679627665842,0.7772727272727272,0.623554976097349,516.5865435600281,0.5631023242630385,0.9225689183316302
