val_loss,val_acc,loss,acc,lr
4.770378093013853,0.7040358744394619,4.872362921425224,0.6963746223564955,0.009999999776482582
4.770378093013853,0.7040358744394619,4.893862856838999,0.6963746223564955,0.009999999776482582
4.770378093013853,0.7040358744394619,4.893862858639743,0.6963746223564955,0.009999999776482582
4.770378093013853,0.7040358744394619,4.893862858639744,0.6963746223564955,0.009999999776482582
4.770378093013853,0.7040358744394619,4.893862858639744,0.6963746223564955,0.009999999776482582
4.770378093013853,0.7040358744394619,4.893862858639743,0.6963746223564955,0.009999999776482582
4.770378093013853,0.7040358744394619,4.893862858639744,0.6963746223564955,0.004999999888241291
4.770378093013853,0.7040358744394619,4.893862860080339,0.6963746223564955,0.004999999888241291
4.770378093013853,0.7040358744394619,4.893862858999893,0.6963746223564955,0.004999999888241291
4.770378093013853,0.7040358744394619,4.893862860080339,0.6963746223564955,0.004999999888241291
4.770378093013853,0.7040358744394619,4.893862861520935,0.6963746223564955,0.004999999888241291
4.770378093013853,0.7040358744394619,4.893862858279594,0.6963746223564955,0.0024999999441206455
4.770378093013853,0.7040358744394619,4.893862858639743,0.6963746223564955,0.0024999999441206455
4.770378093013853,0.7040358744394619,4.893862861520935,0.6963746223564955,0.0024999999441206455
4.770378093013853,0.7040358744394619,4.893862858999892,0.6963746223564955,0.0024999999441206455
4.770378093013853,0.7040358744394619,4.893862858279594,0.6963746223564955,0.0024999999441206455
