val_loss,val_acc,loss,acc,lr
4.731917997019009,0.7064220183486238,4.8051290063922965,0.7019667170953101,0.0010000000474974513
4.731917997019009,0.7064220183486238,4.803728946759373,0.7019667170953101,0.0010000000474974513
4.731917997019009,0.7064220183486238,4.803728943873822,0.7019667170953101,0.0010000000474974513
4.731917997019009,0.7064220183486238,4.803728944955904,0.7019667170953101,0.0010000000474974513
4.731917997019009,0.7064220183486238,4.803728945316598,0.7019667170953101,0.0010000000474974513
4.731917997019009,0.7064220183486238,4.803728945677292,0.7019667170953101,0.0010000000474974513
4.731917997019009,0.7064220183486238,4.803728945316598,0.7019667170953101,0.00010000000474974513
4.731917997019009,0.7064220183486238,4.803728946759374,0.7019667170953101,0.00010000000474974513
4.731917997019009,0.7064220183486238,4.803728944234518,0.7019667170953101,0.00010000000474974513
4.731917997019009,0.7064220183486238,4.803728943332782,0.7019667170953101,0.00010000000474974513
4.731917997019009,0.7064220183486238,4.803728943693476,0.7019667170953101,0.00010000000474974513
4.731917997019009,0.7064220183486238,4.803728942070355,0.7019667170953101,1.0000000656873453e-05
4.731917997019009,0.7064220183486238,4.803728944234517,0.7019667170953101,1.0000000656873453e-05
4.731917997019009,0.7064220183486238,4.803728942431048,0.7019667170953101,1.0000000656873453e-05
4.731917997019009,0.7064220183486238,4.803728944775558,0.7019667170953101,1.0000000656873453e-05
4.731917997019009,0.7064220183486238,4.80372894459521,0.7019667170953101,1.0000000656873453e-05
