precision,accuracy,recall,duration,f1,auc
0.47685185185185186,0.6954545454545454,0.498014888337469,67.2221691608429,0.4241962576663151,0.1929528535980149
