precision,accuracy,recall,duration,f1,auc
0.7136752136752137,0.7545454545454545,0.7237746220797069,289.1651277542114,0.7143734643734644,0.9063779555304979
