precision,accuracy,recall,duration,f1,auc
0.7946180018558615,0.8272727272727273,0.7836228287841192,160.86748147010803,0.7886967950662218,0.08327543424317618
