precision,accuracy,recall,duration,f1,auc
0.8072368421052633,0.7876106194690266,0.6711077274457556,314.3407025337219,0.7032722490288642,0.8429041956733531
