precision,accuracy,recall,duration,f1,auc
0.7005569227964634,0.740909090909091,0.7378589802318616,209.8598186969757,0.7079365079365081,0.8653282356672186
