precision,accuracy,recall,duration,f1,auc
0.8984375,0.821917808219178,0.7045454545454546,300.25546050071716,0.7338008415147266,0.023172905525846704
