precision,accuracy,recall,duration,f1,auc
0.6567164179104478,0.771689497716895,0.6578106319485629,14.662061929702759,0.6504231007626594,0.8749599913393017
