precision,accuracy,recall,duration,f1,auc
0.8963963963963963,0.915929203539823,0.9158109950022717,24.737558364868164,0.9048884754247236,0.03253066787823718
