precision,accuracy,recall,duration,f1,auc
0.4502673185236012,0.6863636363636364,0.5532377227292482,43.05659079551697,0.49512335054503737,0.776305836475328
