precision,accuracy,recall,duration,f1,auc
0.17727272727272728,0.5318181818181819,0.3333333333333333,177.14214658737183,0.23145400593471813,0.683061120915372
