precision,accuracy,recall,duration,f1,auc
0.925,0.8767123287671232,0.7954545454545454,500.817489862442,0.8308880308880309,0.0843731431966726
