precision,accuracy,recall,duration,f1,auc
0.480045378350463,0.65,0.5455240665766982,237.74716544151306,0.49976656238054423,0.815896167110742
