precision,accuracy,recall,duration,f1,auc
0.9782608695652174,0.9863013698630136,0.9901960784313726,35.60846567153931,0.9839383938393839,0.002079619726678543
