precision,accuracy,recall,duration,f1,auc
0.9575757575757575,0.9454545454545454,0.9121588089330025,963.1777691841125,0.9312500000000001,0.01290322580645162
