val_loss,val_acc,loss,acc,lr
1.353128748594135,0.8642533936651584,0.536892753936846,0.7831325301204819,0.0010000000474974513
0.8437873822094046,0.9230769230769231,0.35644267429299625,0.8539156626506024,0.0010000000474974513
1.6530828705992773,0.8371040723981901,0.2704760095017614,0.9051204819277109,0.0010000000474974513
1.0355356413721477,0.8914027149321267,0.16223441170481545,0.9307228915662651,0.0010000000474974513
0.9936728183521888,0.9049773755656109,0.10424127123213067,0.9668674698795181,0.0010000000474974513
1.4910693610111483,0.7873303167420814,0.09269908699702299,0.9728915662650602,0.0010000000474974513
1.2846644908919658,0.8823529411764706,0.0625176749163184,0.9789156626506024,0.0010000000474974513
1.324863618158159,0.8823529411764706,0.06345290840791754,0.983433734939759,0.0010000000474974513
1.001671636056652,0.8280542986425339,0.053843405891163994,0.9864457831325302,0.0010000000474974513
1.1473961395786887,0.9049773755656109,0.05805338729041101,0.983433734939759,0.0010000000474974513
1.3637402849617826,0.8868778280542986,0.022442277607739078,0.9954819277108434,0.0010000000474974513
1.3441230103649469,0.8778280542986425,0.04756856501443596,0.9879518072289156,0.0010000000474974513
1.3157747250646399,0.8778280542986425,0.01798170762651465,0.9939759036144579,0.00010000000474974513
1.317894670373812,0.8778280542986425,0.01620610010617252,0.9939759036144579,0.00010000000474974513
1.2952284911322474,0.8778280542986425,0.009355014334090242,0.9984939759036144,0.00010000000474974513
1.2925402146469895,0.8778280542986425,0.00917789321328288,0.9969879518072289,0.00010000000474974513
1.2666912692453625,0.8823529411764706,0.008906480654707276,0.9969879518072289,0.00010000000474974513
