precision,accuracy,recall,duration,f1,auc
0.3598067238328569,0.55,0.41551499348109516,2575.225579023361,0.38295484803529994,0.6394470089385343
