precision,accuracy,recall,duration,f1,auc
0.47491745236106137,0.7,0.517948717948718,42.04238748550415,0.4827293146360711,0.6924045949469679
