precision,accuracy,recall,duration,f1,auc
0.8721278721278721,0.9,0.9066997518610422,52.60109806060791,0.8856224595897533,0.047741935483870956
