val_loss,val_acc,loss,acc,lr
1.3486041565824822,0.7330316742081447,0.41707461555577824,0.8509036144578314,0.0010000000474974513
0.4750201255214223,0.9230769230769231,0.2755819235939577,0.8990963855421686,0.0010000000474974513
0.42010556419335665,0.9095022624434389,0.22866606003645504,0.9201807228915663,0.0010000000474974513
0.4550278725097106,0.8235294117647058,0.18899856914460367,0.927710843373494,0.0010000000474974513
1.4699003838759817,0.7873303167420814,0.15401665968589023,0.9457831325301205,0.0010000000474974513
0.13449697622560403,0.9411764705882353,0.14803305692204236,0.9457831325301205,0.0010000000474974513
0.5092223233661252,0.918552036199095,0.1759634748338273,0.9337349397590361,0.0010000000474974513
1.2949732672139218,0.8914027149321267,0.13591234503230706,0.9442771084337349,0.0010000000474974513
0.7197766313367432,0.8506787330316742,0.11237325954294121,0.9563253012048193,0.0010000000474974513
0.49365863379204966,0.9095022624434389,0.09833590471408757,0.9623493975903614,0.0010000000474974513
0.22572669352215516,0.9321266968325792,0.07829477012742848,0.9713855421686747,0.0010000000474974513
0.51139504523991,0.9140271493212669,0.05233312150845581,0.9804216867469879,0.0005000000237487257
0.3940147408505034,0.9230769230769231,0.06381027831979824,0.983433734939759,0.0005000000237487257
0.6779746089838693,0.918552036199095,0.06226866189430746,0.9789156626506024,0.0005000000237487257
0.4771632567677187,0.8642533936651584,0.05159366606536226,0.9789156626506024,0.0005000000237487257
0.4212694074121677,0.9004524886877828,0.039763757212455515,0.9864457831325302,0.0005000000237487257
0.8398788022039775,0.9049773755656109,0.03638530569926854,0.9879518072289156,0.0002500000118743628
0.8536569272302912,0.8959276018099548,0.03435532936107694,0.9879518072289156,0.0002500000118743628
0.5903465414426129,0.9049773755656109,0.029186613824960485,0.9939759036144579,0.0002500000118743628
0.39483778160881977,0.9140271493212669,0.028768514522231402,0.9894578313253012,0.0002500000118743628
0.48509414919507254,0.9140271493212669,0.021969248204274105,0.9969879518072289,0.0002500000118743628
