precision,accuracy,recall,duration,f1,auc
0.6912670149809813,0.7181818181818181,0.7260380328176939,30.12177300453186,0.6898520436751321,0.9108613176409787
