precision,accuracy,recall,duration,f1,auc
0.7933254500065694,0.8090909090909091,0.7215880893300248,125.63586258888245,0.7423025435073627,0.12109181141439207
