precision,accuracy,recall,duration,f1,auc
0.8939494680851063,0.8409090909090909,0.7352357320099255,18.96106481552124,0.7685672207027141,0.021240694789081895
