precision,accuracy,recall,duration,f1,auc
0.7146924934968414,0.7945205479452054,0.6757415722932963,63.10830211639404,0.6766981075370765,0.8651149189942293
