precision,accuracy,recall,duration,f1,auc
0.6974174236886986,0.7545454545454545,0.6019343229869546,282.94922065734863,0.5724539450816823,0.7519643124906282
