precision,accuracy,recall,duration,f1,auc
0.5196078431372549,0.7136363636363636,0.5498575498575499,32.01589512825012,0.5210321668434075,0.7052798828102471
