val_loss,val_acc,loss,acc,lr
4.77037799304911,0.7040358727021068,4.661530422660159,0.6903323264640624,0.009999999776482582
4.77037799304911,0.7040358727021068,4.893862809299343,0.6963746219963466,0.009999999776482582
4.77037799304911,0.7040358727021068,4.89386282658649,0.6963746214561232,0.009999999776482582
4.77037799304911,0.7040358727021068,4.893862840992447,0.6963746230767933,0.009999999776482582
4.77037799304911,0.7040358727021068,4.89386285972019,0.6963746223564955,0.009999999776482582
4.77037799304911,0.7040358727021068,4.893862844593936,0.6963746227166444,0.009999999776482582
4.77037799304911,0.7040358727021068,4.89386278697011,0.6963746227166444,0.0009999999310821295
4.77037799304911,0.7040358727021068,4.893862830908277,0.6963746225365699,0.0009999999310821295
4.77037799304911,0.7040358727021068,4.893862835950362,0.6963746216361977,0.0009999999310821295
4.77037799304911,0.7040358727021068,4.893862836670659,0.6963746225365699,0.0009999999310821295
4.77037799304911,0.7040358727021068,4.893862823705299,0.6963746228967188,0.0009999999310821295
4.77037799304911,0.7040358727021068,4.89386278048743,0.6963746214561232,9.99999901978299e-05
4.77037799304911,0.7040358727021068,4.893862784809216,0.6963746225365699,9.99999901978299e-05
4.77037799304911,0.7040358727021068,4.893862810739938,0.6963746228066816,9.99999901978299e-05
4.77037799304911,0.7040358727021068,4.893862821544405,0.6963746227166444,9.99999901978299e-05
4.77037799304911,0.7040358727021068,4.893862829467682,0.6963746230767933,9.99999901978299e-05
