precision,accuracy,recall,duration,f1,auc
0.6770541700187719,0.7389380530973452,0.6624740042023403,19.379335403442383,0.661334675333458,0.8144733418068343
