precision,accuracy,recall,duration,f1,auc
0.7110219181907023,0.7671232876712328,0.7097607011400114,376.9281075000763,0.7103492147056243,0.8645153774464119
