precision,accuracy,recall,duration,f1,auc
0.7846932006633499,0.8227272727272728,0.7471205233917099,949.518926858902,0.7600347901717764,0.9368277012344809
