precision,accuracy,recall,duration,f1,auc
0.7161616161616161,0.6681818181818182,0.7296404618438518,292.64941024780273,0.6753801881943726,0.8940372575965796
