precision,accuracy,recall,duration,f1,auc
0.9924242424242424,0.9954545454545455,0.9967741935483871,334.8960123062134,0.9945650831295239,9.925558312655113e-05
