precision,accuracy,recall,duration,f1,auc
0.5743145743145743,0.8181818181818182,0.6558887440243373,1097.4412770271301,0.6100134710372699,0.7062469901452952
