val_loss,val_acc,loss,acc,lr
0.6564714362585892,0.7488789237668162,1.001008104341628,0.525679758308157,9.999999747378752e-06
0.5818587225055815,0.7847533632286996,0.7948190165610471,0.6631419939577039,9.999999747378752e-06
0.7204914482283268,0.7174887892376681,0.6986907498173843,0.702416918429003,9.999999747378752e-06
2.492193453100927,0.7085201793721974,0.6088827859464009,0.7734138972809668,9.999999747378752e-06
1.1788932894431723,0.7802690582959642,0.49687282801844923,0.8474320241691843,9.999999747378752e-06
0.8042402785906209,0.672645739910314,0.434986405980596,0.8610271903323263,9.999999747378752e-06
0.9096455689511291,0.7174887892376681,0.42712166588584644,0.8489425981873112,9.999999747378752e-06
1.7870006866563837,0.6457399103139013,0.35598528517685896,0.8716012084592145,9.999999747378752e-06
1.638347061241266,0.7443946188340808,0.2980079010151484,0.904833836858006,9.999999747378752e-06
0.8340095708338803,0.6816143497757847,0.2956718193659745,0.9138972809667674,9.999999747378752e-06
0.9560550729446703,0.757847533632287,0.3659538779621578,0.8580060422960725,9.999999747378752e-06
1.0063698673061583,0.757847533632287,0.35130280242765777,0.8746223564954683,9.999999747378752e-06
1.2085230076800266,0.7847533632286996,0.30522637651372264,0.8942598187311178,4.999999873689376e-06
1.3204439916465451,0.6098654708520179,0.2854955759788568,0.8987915407854985,4.999999873689376e-06
1.3369529213030162,0.6412556053811659,0.29522570263555,0.8851963746223565,4.999999873689376e-06
1.1651552562286063,0.7623318385650224,0.30589654228545926,0.8836858006042296,4.999999873689376e-06
1.4149037508722493,0.6457399103139013,0.2745609104835915,0.8987915407854985,4.999999873689376e-06
