precision,accuracy,recall,duration,f1,auc
0.5504375720203059,0.8090909090909091,0.650239026510213,7.871698617935181,0.5961893279260518,0.8134530227750566
