val_loss,val_acc,loss,acc,lr
11.085748788997599,0.31221719672776993,10.406604307243622,0.32379518090242365,0.0010000000474974513
11.085748788997599,0.31221719672776993,11.311795878123087,0.29819277144340145,0.0010000000474974513
11.085748788997599,0.31221719672776993,11.31179588961314,0.2981927707252732,0.0010000000474974513
11.085748788997599,0.31221719672776993,11.311795786202673,0.2981927709048053,0.0010000000474974513
11.085748788997599,0.31221719672776993,11.311795763222568,0.2981927712638694,0.0010000000474974513
11.085748788997599,0.31221719672776993,11.311796038983816,0.29819277144340145,0.0010000000474974513
11.085748788997599,0.31221719672776993,11.311795855142984,0.29819277108433734,0.0010000000474974513
11.085748788997599,0.31221719672776993,11.311795924083295,0.2981927707252732,0.0010000000474974513
11.085748788997599,0.31221719672776993,11.311795901103192,0.29819277108433734,0.0010000000474974513
11.085748788997599,0.31221719672776993,11.311795786202673,0.29819277108433734,0.0010000000474974513
11.085748788997599,0.31221719672776993,11.311795901103192,0.2981927712638694,0.0010000000474974513
11.085748788997599,0.31221719672776993,11.311795809182776,0.29819277108433734,0.00010000000474974513
11.085748788997599,0.31221719672776993,11.311795797692724,0.2981927709048053,0.00010000000474974513
11.085748788997599,0.31221719672776993,11.31179583216288,0.29819277108433734,0.00010000000474974513
11.085748788997599,0.31221719672776993,11.311795740242465,0.2981927707252732,0.00010000000474974513
11.085748788997599,0.31221719672776993,11.311795878123087,0.29819277144340145,0.00010000000474974513
