precision,accuracy,recall,duration,f1,auc
0.7571350295406899,0.8,0.7767598106581156,756.6291546821594,0.7633518292813308,0.899855526974171
