precision,accuracy,recall,duration,f1,auc
0.5518518518518518,0.7181818181818181,0.5384615384615384,679.9979822635651,0.5179503568765315,0.653054488647709
