precision,accuracy,recall,duration,f1,auc
0.9006737443854634,0.9136363636363637,0.8895781637717122,7.096790552139282,0.8948454126940203,0.04774193548387098
