val_loss,val_acc,loss,acc,lr
0.5796320201045247,0.6696832596716298,0.5752840487353773,0.7093373501157186,0.0010000000474974513
0.4532846646610968,0.8280543002607595,0.4182312413152442,0.8162650609590921,0.0010000000474974513
0.3662450399873483,0.8190045283930334,0.3146027269133602,0.884036143860185,0.0010000000474974513
0.2618669352380399,0.9592760180995475,0.24603669291519256,0.9051204826458391,0.0010000000474974513
0.1967674832268538,0.9592760186389561,0.21350669295313845,0.9201807228915663,0.0010000000474974513
0.21162738924112795,0.9095022597463962,0.15462657504053,0.9503012048192772,0.0010000000474974513
0.20452624883047596,0.9185520349854258,0.12740101831325565,0.9578313253012049,0.0010000000474974513
0.16599922617096707,0.9366515823618858,0.11371696498020585,0.9668674698795181,0.0010000000474974513
0.21557206394176137,0.9140271481075978,0.09518598863877446,0.9713855421686747,0.0010000000474974513
0.2141567368178346,0.9140271481075978,0.0833775893033269,0.9743975903614458,0.0010000000474974513
0.19750648588616385,0.9140271481075978,0.07291047104510916,0.9804216860288597,0.0010000000474974513
0.2388670033189506,0.9049773758353151,0.07112228768282985,0.9819277108433735,0.0010000000474974513
0.23131531503944916,0.9095022612297696,0.06494477862514646,0.9879518072289156,0.0010000000474974513
0.21470557079056268,0.9095022597463962,0.05350394910538053,0.9894578313253012,0.00020000000949949026
0.23109604135088252,0.9095022612297696,0.05092383174966258,0.9924698795180723,0.00020000000949949026
0.24461516623313612,0.9004524889574871,0.04904531956796186,0.9924698795180723,0.00020000000949949026
0.2283868130245899,0.9095022612297696,0.04832021436508162,0.9924698795180723,0.00020000000949949026
0.2563560819464032,0.9049773758353151,0.04591539488678955,0.9924698795180723,0.00020000000949949026
0.24307101445769833,0.9049773743519416,0.04503299150032451,0.9924698795180723,4.0000002627493814e-05
0.23966172822999737,0.9049773743519416,0.04590311334524528,0.9924698795180723,4.0000002627493814e-05
0.25019048120641063,0.9049773743519416,0.04511138419789004,0.9924698795180723,4.0000002627493814e-05
0.2433512165670481,0.9049773743519416,0.04468155688191035,0.9939759036144579,4.0000002627493814e-05
0.25314519085765425,0.9004524889574871,0.04409388452768326,0.9924698795180723,4.0000002627493814e-05
