precision,accuracy,recall,duration,f1,auc
0.9353932584269663,0.8982300884955752,0.8380281690140845,2346.9573533535004,0.8688268100032805,0.006633348477964562
