precision,accuracy,recall,duration,f1,auc
0.6714037270881996,0.6545454545454545,0.6817576376898411,1005.1670353412628,0.6459032126262578,0.8489822286432456
