precision,accuracy,recall,duration,f1,auc
0.830470500373413,0.7488584474885844,0.5876411170528818,775.6405675411224,0.575297062868023,0.2681719152307387
