val_loss,val_acc,loss,acc,lr
0.9305959581794225,0.627802688177391,1.78633287089829,0.4441087604289329,0.0010000000474974513
0.9877283476927889,0.5964125536482431,0.9059334770070102,0.6314199395770392,0.0010000000474974513
0.9948853981334532,0.5739910301873502,0.8497718070208846,0.6601208464616736,0.0010000000474974513
0.7534570790192472,0.7130044818993642,0.9195934719549566,0.60574018198918,0.0010000000474974513
1.4566005596665523,0.4663677105989157,0.806520364075629,0.675226586102719,0.0010000000474974513
0.8960132620259785,0.6188340783119202,0.8749944315576121,0.6178247726935995,0.0010000000474974513
0.7346309615892145,0.7354260065630412,0.7239096584276851,0.7039274917268321,0.0010000000474974513
0.7269509538941319,0.7488789213612476,0.8193345062682276,0.6661631412736598,0.0010000000474974513
0.7260554478307476,0.7309417018975912,0.6938941818169597,0.7129909369160401,0.0010000000474974513
1.0515522261906098,0.4618834063343938,0.6663556595943485,0.7250755290610552,0.0010000000474974513
0.7655983393502342,0.6726457391084577,0.8976377297384142,0.6042296065304574,0.0010000000474974513
0.7548343835924773,0.7309417016303058,0.6930633767133753,0.6918429004821892,0.0010000000474974513
0.9018914587294574,0.5874439437827722,0.6094058440531128,0.7613293053160262,0.0010000000474974513
1.045545379677161,0.5784753339173013,0.5907424095894275,0.7477341387927352,0.0010000000474974513
0.8880122402858307,0.5964125536482431,0.58745877935447,0.7643504540725777,0.0010000000474974513
0.911538408476141,0.6816143473702161,0.5126784413242628,0.8021148034453032,0.0010000000474974513
0.8538331055320432,0.7085201769666287,0.6076429839220652,0.7583081569196234,0.0010000000474974513
0.7455800873281709,0.6726457385738869,0.5238341141683458,0.783987915047706,0.0010000000474974513
1.059021523180564,0.5964125536482431,0.4676056181916297,0.7930513596966907,0.0010000000474974513
0.7726651456858545,0.7219730920321203,0.431512008170707,0.8247734137172065,0.00020000000949949026
0.8176100002810559,0.7264573966975704,0.3726250628330196,0.8474320239891099,0.00020000000949949026
0.8305342106541176,0.7085201769666287,0.35419674672388957,0.8640483392689523,0.00020000000949949026
0.770731545884513,0.7040358763104597,0.34697607879912384,0.8670694862247594,0.00020000000949949026
0.8587879327380604,0.6726457375047453,0.3468170350591942,0.864048338728729,0.00020000000949949026
