precision,accuracy,recall,duration,f1,auc
0.465184074629352,0.6863636363636364,0.5025641025641026,66.03084945678711,0.4676045908922621,0.7171018476103223
