precision,accuracy,recall,duration,f1,auc
0.4761104889884285,0.55,0.4915254237288136,252.6761131286621,0.4649765501739826,0.7576365152636338
