precision,accuracy,recall,duration,f1,auc
0.48165340406719714,0.7136363636363636,0.5932203389830509,61.923927307128906,0.5156869576759079,0.7108337150710032
