precision,accuracy,recall,duration,f1,auc
0.5769230769230769,0.6090909090909091,0.5467536362273204,891.1089777946472,0.5573435909698463,0.7070665651637311
