precision,accuracy,recall,duration,f1,auc
0.95995670995671,0.9681818181818181,0.9640198511166254,11.885117292404175,0.9619555819066676,0.008833746898263023
