precision,accuracy,recall,duration,f1,auc
0.856425702811245,0.8681818181818182,0.81712158808933,34.376604080200195,0.8329799209403388,0.0741439205955335
