precision,accuracy,recall,duration,f1,auc
0.8646480623658344,0.8727272727272727,0.820347394540943,33.17556810379028,0.8378776713338247,0.08158808933002482
