precision,accuracy,recall,duration,f1,auc
0.5530510832836414,0.6940639269406392,0.5739289446185998,25.151833534240723,0.5627875577712,0.8560682547751514
