precision,accuracy,recall,duration,f1,auc
0.537962962962963,0.6061946902654868,0.5253688876271831,64.08320641517639,0.5281593177005707,0.7408925994507278
