val_loss,val_acc,loss,acc,lr
4.77037799304911,0.7040358727021068,4.709687528293299,0.6842900309317782,0.009999999776482582
4.77037799304911,0.7040358727021068,4.893862817942916,0.6963746230767933,0.009999999776482582
4.77037799304911,0.7040358727021068,4.893862834509766,0.696374622176421,0.009999999776482582
4.77037799304911,0.7040358727021068,4.893862855398403,0.6963746219963466,0.009999999776482582
4.77037799304911,0.7040358727021068,4.893862824425597,0.6963746216361977,0.009999999776482582
4.77037799304911,0.7040358727021068,4.89386285972019,0.6963746223564955,0.009999999776482582
4.77037799304911,0.7040358727021068,4.893862789131004,0.6963746228967188,0.0009999999310821295
4.77037799304911,0.7040358727021068,4.893862784809216,0.6963746225365699,0.0009999999310821295
4.77037799304911,0.7040358727021068,4.893862900056868,0.6963746225365699,0.0009999999310821295
4.77037799304911,0.7040358727021068,4.893862849636021,0.6963746214561232,0.0009999999310821295
4.77037799304911,0.7040358727021068,4.893862879168231,0.6963746227166444,0.0009999999310821295
4.77037799304911,0.7040358727021068,4.8938628129008315,0.6963746216361977,9.99999901978299e-05
4.77037799304911,0.7040358727021068,4.893862801015917,0.6963746232568677,9.99999901978299e-05
4.77037799304911,0.7040358727021068,4.893862836670659,0.6963746223564955,9.99999901978299e-05
4.77037799304911,0.7040358727021068,4.893862907259846,0.6963746214561232,9.99999901978299e-05
4.77037799304911,0.7040358727021068,4.89386281001964,0.6963746227166444,9.99999901978299e-05
