val_loss,val_acc,loss,acc,lr
4.770378095686703,0.7040358739048911,4.52356715396812,0.6555891195452825,0.009999999776482582
4.770378095686703,0.7040358739048911,4.8938628305481275,0.6963746266782824,0.009999999776482582
4.770378095686703,0.7040358739048911,4.893862901857612,0.6963746207358253,0.009999999776482582
4.770378095686703,0.7040358739048911,4.893862898616272,0.6963746297395481,0.009999999776482582
4.770378095686703,0.7040358739048911,4.893862925627441,0.6963746207358253,0.009999999776482582
4.770378095686703,0.7040358739048911,4.893862874846444,0.6963746237970911,0.009999999776482582
4.770378095686703,0.7040358739048911,4.893862828747383,0.6963746133527727,0.009999999776482582
4.770378095686703,0.7040358739048911,4.893862901857612,0.6963746147933684,0.009999999776482582
4.770378095686703,0.7040358739048911,4.893862827306788,0.6963746119121771,0.009999999776482582
4.770378095686703,0.7040358739048911,4.8938627574378994,0.6963746192952297,0.009999999776482582
4.770378095686703,0.7040358739048911,4.893862804977555,0.6963746192952297,0.009999999776482582
4.770378095686703,0.7040358739048911,4.8938629238266955,0.6963746311801438,0.004999999888241291
4.770378095686703,0.7040358739048911,4.893862901857612,0.6963746147933684,0.004999999888241291
4.770378095686703,0.7040358739048911,4.89386287628704,0.6963746192952297,0.004999999888241291
4.770378095686703,0.7040358739048911,4.89386287628704,0.6963746252376868,0.004999999888241291
4.770378095686703,0.7040358739048911,4.893863065005069,0.6963746237970911,0.004999999888241291
