precision,accuracy,recall,duration,f1,auc
0.5097406091916908,0.7272727272727273,0.5625380269448067,1015.6452596187592,0.5280127569375571,0.7890670331348297
