precision,accuracy,recall,duration,f1,auc
0.5658163265306123,0.5442477876106194,0.6223141260142931,245.19681000709534,0.533357625109247,0.7810245193868971
