precision,accuracy,recall,duration,f1,auc
0.4217703942474585,0.6318181818181818,0.5327635327635328,479.3276209831238,0.46031107535532306,0.7424432217954485
