precision,accuracy,recall,duration,f1,auc
0.8708133971291866,0.7545454545454545,0.5846153846153846,168.4084665775299,0.5705610179294389,0.10630272952853598
