val_loss,val_acc,loss,acc,lr
11.38617751576485,0.29357798165137616,11.31495288343545,0.2980332829046899,0.0010000000474974513
11.38617751576485,0.29357798165137616,11.314366525132067,0.2980332829046899,0.0010000000474974513
11.38617751576485,0.29357798165137616,11.314366523508946,0.2980332829046899,0.0010000000474974513
11.38617751576485,0.29357798165137616,11.314366526394496,0.2980332829046899,0.0010000000474974513
11.38617751576485,0.29357798165137616,11.314366522426864,0.2980332829046899,0.0010000000474974513
11.38617751576485,0.29357798165137616,11.314366521164438,0.2980332829046899,0.0010000000474974513
11.38617751576485,0.29357798165137616,11.314366522066171,0.2980332829046899,0.0010000000474974513
11.38617751576485,0.29357798165137616,11.314366522066171,0.2980332829046899,0.0010000000474974513
11.38617751576485,0.29357798165137616,11.31436652098409,0.2980332829046899,0.0010000000474974513
11.38617751576485,0.29357798165137616,11.314366521705477,0.2980332829046899,0.0010000000474974513
11.38617751576485,0.29357798165137616,11.31436652441068,0.2980332829046899,0.0010000000474974513
11.38617751576485,0.29357798165137616,11.314366524230334,0.2980332829046899,0.0005000000237487257
11.38617751576485,0.29357798165137616,11.314366522426864,0.2980332829046899,0.0005000000237487257
11.38617751576485,0.29357798165137616,11.31436652386964,0.2980332829046899,0.0005000000237487257
11.38617751576485,0.29357798165137616,11.314366525673108,0.2980332829046899,0.0005000000237487257
11.38617751576485,0.29357798165137616,11.31436652098409,0.2980332829046899,0.0005000000237487257
