val_loss,val_acc,loss,acc,lr
4.770378095686703,0.7040358739048911,4.597957436591837,0.6752265898842826,0.009999999776482582
4.770378095686703,0.7040358739048911,4.893862783008472,0.6963746147933684,0.009999999776482582
4.770378095686703,0.7040358739048911,4.893863044476581,0.6963746147933684,0.009999999776482582
4.770378095686703,0.7040358739048911,4.893862852517212,0.6963746252376868,0.009999999776482582
4.770378095686703,0.7040358739048911,4.893862852517212,0.6963746192952297,0.009999999776482582
4.770378095686703,0.7040358739048911,4.893862874846444,0.6963746237970911,0.009999999776482582
4.770378095686703,0.7040358739048911,4.893862898616272,0.69637460596972,0.009999999776482582
4.770378095686703,0.7040358739048911,4.893862901857612,0.6963746147933684,0.009999999776482582
4.770378095686703,0.7040358739048911,4.893862901857612,0.6963746266782824,0.009999999776482582
4.770378095686703,0.7040358739048911,4.893862947596524,0.6963746192952297,0.009999999776482582
4.770378095686703,0.7040358739048911,4.893862828747383,0.6963746252376868,0.009999999776482582
4.770378095686703,0.7040358739048911,4.893862804977555,0.6963746252376868,0.0009999999310821295
4.770378095686703,0.7040358739048911,4.893862874846444,0.6963746178546341,0.0009999999310821295
4.770378095686703,0.7040358739048911,4.893862735468815,0.6963746207358253,0.0009999999310821295
4.770378095686703,0.7040358739048911,4.893862828747383,0.6963746192952297,0.0009999999310821295
4.770378095686703,0.7040358739048911,4.893862949397269,0.6963746207358253,0.0009999999310821295
