val_loss,val_acc,loss,acc,lr
4.77037799304911,0.7040358727021068,4.662292395473607,0.6812688827154499,0.0010000000474974513
4.77037799304911,0.7040358727021068,4.8938628935741875,0.6963746216361977,0.0010000000474974513
4.77037799304911,0.7040358727021068,4.89386282658649,0.6963746214561232,0.0010000000474974513
4.77037799304911,0.7040358727021068,4.893862761759686,0.6963746225365699,0.0010000000474974513
4.77037799304911,0.7040358727021068,4.89386277688594,0.696374622176421,0.0010000000474974513
4.77037799304911,0.7040358727021068,4.893862842433042,0.6963746225365699,0.0010000000474974513
4.77037799304911,0.7040358727021068,4.893862821544405,0.6963746227166444,0.00020000000949949026
4.77037799304911,0.7040358727021068,4.893862835950362,0.6963746216361977,0.00020000000949949026
4.77037799304911,0.7040358727021068,4.893862796333981,0.6963746225365699,0.00020000000949949026
4.77037799304911,0.7040358727021068,4.893862819383512,0.6963746225365699,0.00020000000949949026
4.77037799304911,0.7040358727021068,4.893862794893386,0.6963746230767933,0.00020000000949949026
4.77037799304911,0.7040358727021068,4.893862820824108,0.6963746219963466,4.0000002627493814e-05
4.77037799304911,0.7040358727021068,4.893862871244955,0.6963746225365699,4.0000002627493814e-05
4.77037799304911,0.7040358727021068,4.893862796333981,0.6963746225365699,4.0000002627493814e-05
4.77037799304911,0.7040358727021068,4.893862879168231,0.6963746227166444,4.0000002627493814e-05
4.77037799304911,0.7040358727021068,4.893862820824108,0.6963746219963466,4.0000002627493814e-05
