val_loss,val_acc,loss,acc,lr
4.731917984988717,0.7064220187587475,4.714831456113691,0.6989409990281813,0.0010000000474974513
4.731917984988717,0.7064220187587475,4.803728947300413,0.7019667172756571,0.0010000000474974513
4.731917984988717,0.7064220187587475,4.803728951989432,0.7019667179970446,0.0010000000474974513
4.731917984988717,0.7064220187587475,4.8037289094275675,0.7019667178166976,0.0010000000474974513
4.731917984988717,0.7064220187587475,4.803728953432207,0.7019667175461773,0.0010000000474974513
4.731917984988717,0.7064220187587475,4.803728930347806,0.7019667175461773,0.0010000000474974513
4.731917984988717,0.7064220187587475,4.803728874800966,0.7019667178166976,0.0005000000237487257
4.731917984988717,0.7064220187587475,4.803728924576706,0.7019667176363508,0.0005000000237487257
4.731917984988717,0.7064220187587475,4.803728857487665,0.7019667177265242,0.0005000000237487257
4.731917984988717,0.7064220187587475,4.803728918805605,0.7019667175461773,0.0005000000237487257
4.731917984988717,0.7064220187587475,4.8037289822877085,0.7019667179970446,0.0005000000237487257
4.731917984988717,0.7064220187587475,4.803728895721204,0.7019667175461773,0.0002500000118743628
4.731917984988717,0.7064220187587475,4.8037289267408685,0.7019667177265242,0.0002500000118743628
4.731917984988717,0.7064220187587475,4.803728941890006,0.7019667175461773,0.0002500000118743628
4.731917984988717,0.7064220187587475,4.803728811318863,0.7019667177265242,0.0002500000118743628
4.731917984988717,0.7064220187587475,4.8037289267408685,0.7019667177265242,0.0002500000118743628
