precision,accuracy,recall,duration,f1,auc
0.1765601217656012,0.5296803652968036,0.3333333333333333,1415.1753783226013,0.2308457711442786,0.7977956404680543
