precision,accuracy,recall,duration,f1,auc
0.5807017543859649,0.6045454545454545,0.5835101072389208,237.50378036499023,0.5490081939941828,0.8921015539659608
