val_loss,val_acc,loss,acc,lr
4.77037799304911,0.7040358727021068,4.916729481918934,0.6706948631479661,0.009999999776482582
4.77037799304911,0.7040358727021068,4.893862825145894,0.6963746223564955,0.009999999776482582
4.77037799304911,0.7040358727021068,4.893862852517212,0.6963746230767933,0.009999999776482582
4.77037799304911,0.7040358727021068,4.89386276392058,0.6963746227166444,0.009999999776482582
4.77037799304911,0.7040358727021068,4.893862784809216,0.6963746225365699,0.009999999776482582
4.77037799304911,0.7040358727021068,4.893862842433042,0.6963746225365699,0.009999999776482582
4.77037799304911,0.7040358727021068,4.893862841712744,0.6963746216361977,0.004999999888241291
4.77037799304911,0.7040358727021068,4.893862806418151,0.6963746230767933,0.004999999888241291
4.77037799304911,0.7040358727021068,4.893862771843856,0.6963746230767933,0.004999999888241291
4.77037799304911,0.7040358727021068,4.893862877007337,0.6963746225365699,0.004999999888241291
4.77037799304911,0.7040358727021068,4.8938628078587465,0.6963746225365699,0.004999999888241291
4.77037799304911,0.7040358727021068,4.89386285972019,0.6963746223564955,0.0024999999441206455
4.77037799304911,0.7040358727021068,4.893862849636021,0.6963746214561232,0.0024999999441206455
4.77037799304911,0.7040358727021068,4.893862857559296,0.696374622176421,0.0024999999441206455
4.77037799304911,0.7040358727021068,4.893862809299343,0.6963746219963466,0.0024999999441206455
4.77037799304911,0.7040358727021068,4.893862774725047,0.6963746219963466,0.0024999999441206455
