precision,accuracy,recall,duration,f1,auc
0.7279403457236471,0.7727272727272727,0.7002481389578163,18.764028072357178,0.710495841667544,0.16962779156327545
