precision,accuracy,recall,duration,f1,auc
0.7240794573643411,0.7681818181818182,0.6836228287841192,187.12691521644592,0.696354631809694,0.2402977667493797
