precision,accuracy,recall,duration,f1,auc
0.8321244358478401,0.8539823008849557,0.874466151749205,18.10562038421631,0.8425087108013938,0.07760109041344843
