precision,accuracy,recall,duration,f1,auc
0.8538812785388128,0.7090909090909091,0.5076923076923077,1925.4913220405579,0.4295900178253119,0.3740942928039702
