val_loss,val_acc,loss,acc,lr
9.699011466082405,0.3484162917503944,0.5005241402660507,0.8689759036144579,0.009999999776482582
5.828087083894203,0.6244343912979057,0.08958438353007098,0.9653614450650043,0.009999999776482582
4.003681683432463,0.6651583726589496,0.06140023043536278,0.9743975896433176,0.009999999776482582
3.72591268962325,0.6696832595367777,0.029839537992893933,0.9894578313253012,0.009999999776482582
3.74748748459967,0.6742081464146057,0.018007925296404277,0.9924698787999441,0.009999999776482582
1.2578884983494272,0.7466063351113332,0.042106398774019206,0.9864457831325302,0.009999999776482582
0.7892608043834635,0.859728508540408,0.028771839429994662,0.9939759028963295,0.009999999776482582
4.66404588621666,0.5610859744689044,0.05144184686423066,0.9774096385542169,0.009999999776482582
2.9761098197143,0.6289592759506735,0.10430621467979558,0.9623493975903614,0.009999999776482582
3.9557986243783887,0.7285067890833945,0.06970730390265045,0.983433734939759,0.009999999776482582
2.1674230905140313,0.7285067890833945,0.040933362720253684,0.9849397597542728,0.009999999776482582
2.7431702759470875,0.7058823546942543,0.035577134678072955,0.9864457824144018,0.009999999776482582
1.948680966957662,0.7420814497168787,0.017265037381011678,0.9939759036144579,0.001999999862164259
1.6505069663164489,0.8235294135177836,0.006918336060360994,0.9969879518072289,0.001999999862164259
1.5016147163106608,0.859728508540408,0.005735062689699951,0.9984939759036144,0.001999999862164259
1.4770030403593426,0.8778280560517203,0.0061122336963483365,0.9984939759036144,0.001999999862164259
1.470460403830443,0.8733031691738923,0.007877215627175532,0.9969879518072289,0.001999999862164259
1.470747214373104,0.8733031691738923,0.0033020001823147087,1.0,0.0003999999607913196
1.466856936546534,0.8687782822960642,0.0025996234150833437,1.0,0.0003999999607913196
1.454961234135345,0.8687782822960642,0.010448068042330623,0.9954819277108434,0.0003999999607913196
1.4497729713332679,0.8687782822960642,0.003946668200980464,0.9984939759036144,0.0003999999607913196
1.4490987244250444,0.8687782822960642,0.0064651242331798045,0.9969879518072289,0.0003999999607913196
