precision,accuracy,recall,duration,f1,auc
0.512937595129376,0.5409090909090909,0.3384615384615384,182.03012323379517,0.24353325540269158,0.6774545732172851
