val_loss,val_acc,loss,acc,lr
0.5374735422900172,0.7130044843049327,0.5330994887294366,0.7220543806646526,9.999999974752427e-07
0.5804863956865475,0.757847533632287,0.2805564846742189,0.9018126888217523,9.999999974752427e-07
0.5408141532408558,0.7713004484304933,0.25318392082553615,0.9003021148036254,9.999999974752427e-07
0.46266466955852176,0.7982062780269058,0.21968428635255088,0.9274924471299094,9.999999974752427e-07
0.5956645333486131,0.7488789237668162,0.2368246874015137,0.9138972809667674,9.999999974752427e-07
0.6423658966376538,0.7533632286995515,0.17738698749856466,0.9425981873111783,9.999999974752427e-07
0.5296562032184648,0.7937219730941704,0.16062929228038225,0.9531722054380665,9.999999974752427e-07
0.6856048766485033,0.7713004484304933,0.13661977761281582,0.9637462235649547,9.999999974752427e-07
0.7088441464556383,0.7399103139013453,0.1622806410797593,0.9441087613293051,9.999999974752427e-07
0.7660733586890885,0.7533632286995515,0.14617340269518223,0.9561933534743202,9.999999974752427e-07
0.7163484701315097,0.7488789237668162,0.14578429472230353,0.9486404833836858,9.999999974752427e-07
0.7133674166181068,0.757847533632287,0.12635569741493627,0.9607250755287009,9.999999974752427e-07
1.0057398393643775,0.7488789237668162,0.13643458976024858,0.9577039274924471,9.999999974752427e-07
0.6564673317929183,0.8026905829596412,0.12586842269673268,0.9652567975830816,9.999999974752427e-07
0.7077687631848301,0.7982062780269058,0.10443964841412634,0.9712990936555891,1.0000000116860974e-07
0.723337809208817,0.7892376681614349,0.113250468050065,0.9652567975830816,1.0000000116860974e-07
0.7170373015020892,0.7892376681614349,0.09626530590284267,0.9788519637462235,1.0000000116860974e-07
0.7152972161638941,0.7892376681614349,0.12765859532538587,0.9637462235649547,1.0000000116860974e-07
0.6722931413877399,0.7802690582959642,0.09880808871126877,0.9758308157099698,1.0000000116860974e-07
