precision,accuracy,recall,duration,f1,auc
0.7048611111111112,0.7909090909090909,0.6969002901206292,25.512799978256226,0.6943857946042146,0.8832317323842748
