precision,accuracy,recall,duration,f1,auc
0.9454022988505747,0.9136363636363637,0.8538461538461539,386.11099910736084,0.8855390344752047,0.01885856079404466
