precision,accuracy,recall,duration,f1,auc
0.9012345679012346,0.9272727272727272,0.9483870967741935,394.02386689186096,0.9179945950983133,0.007543424317617869
