precision,accuracy,recall,duration,f1,auc
0.8564520402755696,0.7964601769911505,0.7177496187999889,28.847830533981323,0.7481127806324145,0.8580355241849632
