precision,accuracy,recall,duration,f1,auc
0.4876905687425909,0.7272727272727273,0.6016949152542374,65.71678638458252,0.5249271743653766,0.7024545732172851
