val_loss,val_acc,loss,acc,lr
7.6579186894774995,0.5248868778280543,7.527890432311828,0.5316265060240963,0.009999999776482582
7.6579186894774995,0.5248868778280543,7.525014451828348,0.5331325301204819,0.009999999776482582
7.6579186894774995,0.5248868778280543,7.5250144525464755,0.5331325301204819,0.009999999776482582
7.6579186894774995,0.5248868778280543,7.525014451828348,0.5331325301204819,0.009999999776482582
7.6579186894774995,0.5248868778280543,7.5250144525464755,0.5331325301204819,0.009999999776482582
7.6579186894774995,0.5248868778280543,7.525014449673963,0.5331325301204819,0.009999999776482582
7.6579186894774995,0.5248868778280543,7.5250144550599245,0.5331325301204819,0.004999999888241291
7.6579186894774995,0.5248868778280543,7.525014448237706,0.5331325301204819,0.004999999888241291
7.6579186894774995,0.5248868778280543,7.525014453264604,0.5331325301204819,0.004999999888241291
7.6579186894774995,0.5248868778280543,7.525014449673963,0.5331325301204819,0.004999999888241291
7.6579186894774995,0.5248868778280543,7.525014448237706,0.5331325301204819,0.004999999888241291
7.6579186894774995,0.5248868778280543,7.525014449673963,0.5331325301204819,0.0024999999441206455
7.6579186894774995,0.5248868778280543,7.525014451469284,0.5331325301204819,0.0024999999441206455
7.6579186894774995,0.5248868778280543,7.52501445290554,0.5331325301204819,0.0024999999441206455
7.6579186894774995,0.5248868778280543,7.52501445290554,0.5331325301204819,0.0024999999441206455
7.6579186894774995,0.5248868778280543,7.525014453623668,0.5331325301204819,0.0024999999441206455
