val_loss,val_acc,loss,acc,lr
4.731917993738022,0.7064220183486238,4.745049545065566,0.7019667170953101,0.009999999776482582
4.731917993738022,0.7064220183486238,4.803728918985953,0.7019667170953101,0.009999999776482582
4.731917993738022,0.7064220183486238,4.803728912313118,0.7019667170953101,0.009999999776482582
4.731917993738022,0.7064220183486238,4.803728910329302,0.7019667170953101,0.009999999776482582
4.731917993738022,0.7064220183486238,4.803728914477281,0.7019667170953101,0.009999999776482582
4.731917993738022,0.7064220183486238,4.803728914657629,0.7019667170953101,0.009999999776482582
4.731917993738022,0.7064220183486238,4.803728920248381,0.7019667170953101,0.009999999776482582
4.731917993738022,0.7064220183486238,4.803728909427569,0.7019667170953101,0.009999999776482582
4.731917993738022,0.7064220183486238,4.803728917543179,0.7019667170953101,0.009999999776482582
4.731917993738022,0.7064220183486238,4.803728913214853,0.7019667170953101,0.009999999776482582
4.731917993738022,0.7064220183486238,4.803728907984793,0.7019667170953101,0.009999999776482582
4.731917993738022,0.7064220183486238,4.803728914477281,0.7019667170953101,0.004999999888241291
4.731917993738022,0.7064220183486238,4.80372891447728,0.7019667170953101,0.004999999888241291
4.731917993738022,0.7064220183486238,4.803728913034507,0.7019667170953101,0.004999999888241291
4.731917993738022,0.7064220183486238,4.803728915198668,0.7019667170953101,0.004999999888241291
4.731917993738022,0.7064220183486238,4.803728914657628,0.7019667170953101,0.004999999888241291
