precision,accuracy,recall,duration,f1,auc
0.8802597402597403,0.863013698630137,0.7899584076054664,237.57914233207703,0.8179046563192904,0.08308575955634778
