precision,accuracy,recall,duration,f1,auc
0.6148424117848578,0.7181818181818181,0.5959964012595591,16.916927337646484,0.5995267884472429,0.8005063612351062
