precision,accuracy,recall,duration,f1,auc
0.7719907407407407,0.7681818181818182,0.8265508684863523,1352.3406071662903,0.7589740284848874,0.06729528535980149
