precision,accuracy,recall,duration,f1,auc
0.3686283491866742,0.4557522123893805,0.38631422064222254,1075.755978345871,0.36051014695082495,0.6449388036879085
