val_loss,val_acc,loss,acc,lr
4.805854147727336,0.7018348793371008,4.507798030704795,0.6811377122373639,0.0010000000474974513
4.805854147727336,0.7018348793371008,4.849906068362162,0.6991017964071856,0.0010000000474974513
4.805854147727336,0.7018348793371008,4.849906069789818,0.6991018037239235,0.0010000000474974513
4.805854147727336,0.7018348793371008,4.849906044805835,0.6991017964071856,0.0010000000474974513
4.805854147727336,0.7018348793371008,4.849906069789818,0.6991017978348418,0.0010000000474974513
4.805854147727336,0.7018348793371008,4.8499059048955315,0.6991018037239235,0.0010000000474974513
4.805854147727336,0.7018348793371008,4.849906074072787,0.6991018006901542,0.0005000000237487257
4.805854147727336,0.7018348793371008,4.849906022677165,0.6991017978348418,0.0005000000237487257
4.805854147727336,0.7018348793371008,4.849905997693182,0.6991018022962673,0.0005000000237487257
4.805854147727336,0.7018348793371008,4.8499058342265515,0.6991017919457602,0.0005000000237487257
4.805854147727336,0.7018348793371008,4.849905997693182,0.699101790518104,0.0005000000237487257
4.805854147727336,0.7018348793371008,4.849906069789818,0.6991017978348418,0.0002500000118743628
4.805854147727336,0.7018348793371008,4.849906066934506,0.6991017890904478,0.0002500000118743628
4.805854147727336,0.7018348793371008,4.8499060462334915,0.6991017919457602,0.0002500000118743628
4.805854147727336,0.7018348793371008,4.849905972709199,0.6991017890904478,0.0002500000118743628
4.805854147727336,0.7018348793371008,4.849906071217474,0.6991017933734163,0.0002500000118743628
