precision,accuracy,recall,duration,f1,auc
0.7101302924848786,0.7579908675799086,0.6353375318892561,54.55328869819641,0.6491614255765198,0.8308204364238847
