precision,accuracy,recall,duration,f1,auc
0.5350133809099019,0.7363636363636363,0.58005698005698,16.252745866775513,0.5521845145301195,0.7865698928451965
