precision,accuracy,recall,duration,f1,auc
0.5456671699677296,0.8227272727272728,0.6610169491525424,68.5309784412384,0.5977115647708899,0.8312484583671025
