precision,accuracy,recall,duration,f1,auc
0.9094017094017094,0.867579908675799,0.7846108140225787,17.833295583724976,0.8183612183612183,0.022281639928698745
