precision,accuracy,recall,duration,f1,auc
0.5479876160990712,0.8045454545454546,0.6358974358974359,1224.432296514511,0.5870973730622854,0.9107585421144743
