precision,accuracy,recall,duration,f1,auc
0.34722222222222227,0.5,0.43741851368970014,3593.3542046546936,0.36411873901401276,0.6593097008351245
