precision,accuracy,recall,duration,f1,auc
0.8018390804597701,0.8363636363636363,0.8258064516129032,14.028358459472656,0.8114285714285714,0.08416873449131516
