precision,accuracy,recall,duration,f1,auc
0.6022297808012094,0.6954545454545454,0.6198773741146623,81.27991485595703,0.5951293564323705,0.8263962789386518
