precision,accuracy,recall,duration,f1,auc
0.6811878597592883,0.7318181818181818,0.6972820277905023,1198.4970388412476,0.6833472048827854,0.8804338889084651
