precision,accuracy,recall,duration,f1,auc
0.5382905982905983,0.7681818181818182,0.6063885267275099,22.839680433273315,0.5682740145426712,0.7461186088304732
