precision,accuracy,recall,duration,f1,auc
0.7850274725274725,0.8136363636363636,0.7471464019851117,966.4505429267883,0.7613188325262628,0.2533002481389578
