precision,accuracy,recall,duration,f1,auc
0.577639751552795,0.8045454545454546,0.6358974358974359,51.212733030319214,0.5991636798088411,0.8588146164417351
