precision,accuracy,recall,duration,f1,auc
0.7363888888888889,0.7272727272727273,0.7624828218048557,334.2245035171509,0.7204184704184704,0.9037950597272632
