precision,accuracy,recall,duration,f1,auc
0.8376136363636364,0.8362831858407079,0.7699681962744207,1216.666713476181,0.791216199345834,0.0865970013630168
