precision,accuracy,recall,duration,f1,auc
0.5105680998041034,0.7272727272727273,0.5743589743589744,492.34862065315247,0.5360018403496664,0.7697388606295489
