precision,accuracy,recall,duration,f1,auc
0.5544611643106855,0.5818181818181818,0.5417456569998943,44.32315421104431,0.5254289348763613,0.7739396502108367
