precision,accuracy,recall,duration,f1,auc
0.7634502923976608,0.7863636363636364,0.7930218353947168,374.775164604187,0.7649355468434894,0.9275732055393072
