precision,accuracy,recall,duration,f1,auc
0.7043010752688171,0.6545454545454545,0.49140326767445414,977.4696729183197,0.4997354497354498,0.8518664035613188
