precision,accuracy,recall,duration,f1,auc
0.7288732394366197,0.65,0.7516129032258064,280.00442838668823,0.6487736103336028,0.09528535980148885
