precision,accuracy,recall,duration,f1,auc
0.8362459632357471,0.8008849557522124,0.7595493559924211,23.45834493637085,0.7826023391812865,0.8578484189608563
