precision,accuracy,recall,duration,f1,auc
0.4904761904761905,0.6371681415929203,0.5419922190034389,18.28551721572876,0.4840414139409292,0.7541340576671205
