precision,accuracy,recall,duration,f1,auc
0.8697916666666667,0.8893805309734514,0.9193548387096775,195.04192399978638,0.8812900514759954,0.020354384370740577
