precision,accuracy,recall,duration,f1,auc
0.34292035398230086,0.6858407079646017,0.5,439.3511517047882,0.4068241469816273,0.4355293048614266
