precision,accuracy,recall,duration,f1,auc
0.8941040843214756,0.915929203539823,0.934893230349841,29.439481496810913,0.9078283641359177,0.01862789641072241
