val_loss,val_acc,loss,acc,lr
0.5506057974395402,0.7064220187587475,0.8049690194101088,0.6414523457434823,0.009999999776482582
0.464613263760138,0.7935779800108813,0.4869759743314648,0.7322239035376983,0.009999999776482582
0.3965486777484964,0.9128440366972477,0.436200210393467,0.7836611199667523,0.009999999776482582
0.590115661262919,0.6284403669724771,0.3527990098078925,0.863842662812722,0.009999999776482582
0.29925712423587064,0.9036697247706422,0.3313891813722573,0.8744326778511416,0.009999999776482582
0.33907068548125957,0.8899082568807339,0.26884188966293016,0.8956127081985011,0.009999999776482582
0.3114103251094118,0.8853211014642628,0.23709221432230657,0.921331316277768,0.009999999776482582
0.2915316754524861,0.8623853221945806,0.22046465391741218,0.9183055977597719,0.009999999776482582
0.3781725965918751,0.844036697794538,0.17014783246614568,0.942511346715301,0.009999999776482582
0.2997475628732541,0.8715596302933649,0.13667571914358326,0.9515885022692889,0.009999999776482582
0.3622953056468876,0.8532110058933223,0.10018517161506749,0.9591527987897126,0.009999999776482582
0.3748546828507283,0.8577981651376146,0.07379812755130243,0.9773071107092495,0.009999999776482582
0.5541565155080699,0.7752293583449967,0.04049652509120787,0.989409984871407,0.009999999776482582
0.44364929486305343,0.8256880706603374,0.041296499706635674,0.9909228441754917,0.009999999776482582
0.6162349172961821,0.7752293545171756,0.02663633058273125,0.9924357035697499,0.009999999776482582
0.5839424340755021,0.8256880733944955,0.02494183721502682,0.9924357035697499,0.009999999776482582
0.5590148326180396,0.7889908224070837,0.0216423002904374,0.9984871406959153,0.009999999776482582
0.5884541158282429,0.8302752271704718,0.01081756011050324,1.0,0.009999999776482582
0.639575519898069,0.802752290296992,0.006117994034784013,1.0,0.001999999862164259
0.6199105161865917,0.8119266065982503,0.004512485081496199,1.0,0.001999999862164259
0.6380159860357232,0.8073394462602947,0.004049418144683253,1.0,0.001999999862164259
0.6353556083156429,0.8119266060514188,0.0037854165472822904,1.0,0.001999999862164259
0.6454137511756441,0.807339450088116,0.0035712020441751686,1.0,0.001999999862164259
