precision,accuracy,recall,duration,f1,auc
0.9174737691686844,0.8812785388127854,0.8073380867498514,146.66341376304626,0.8402356902356902,0.04020598138245197
