precision,accuracy,recall,duration,f1,auc
0.824239417989418,0.7545454545454545,0.6511171090118458,1745.497205734253,0.6909939285272461,0.919615442287507
