precision,accuracy,recall,duration,f1,auc
0.576797385620915,0.6727272727272727,0.5369770580296896,1195.6301622390747,0.5087666225499464,0.8032806786855371
