precision,accuracy,recall,duration,f1,auc
0.1765601217656012,0.5296803652968036,0.3333333333333333,1542.375420331955,0.2308457711442786,0.7907964782964783
