precision,accuracy,recall,duration,f1,auc
0.3522727272727273,0.7045454545454546,0.5,813.3811094760895,0.41333333333333333,0.13349875930521093
