precision,accuracy,recall,duration,f1,auc
0.6475084104289319,0.6818181818181818,0.6725184115014624,64.39782691001892,0.6420689655172414,0.907148478334919
