precision,accuracy,recall,duration,f1,auc
0.8209929078014184,0.7389380530973452,0.6383116226754327,27.040790557861328,0.6575259941625434,0.8481286251637171
