precision,accuracy,recall,duration,f1,auc
0.6738828543308863,0.6818181818181818,0.7149558946169116,263.82401967048645,0.6573850165955429,0.9096714706884198
