precision,accuracy,recall,duration,f1,auc
0.9211956521739131,0.8681818181818182,0.7769230769230769,11.527990341186523,0.8136627822074243,0.06411910669975186
