precision,accuracy,recall,duration,f1,auc
0.8836633663366337,0.7863636363636364,0.6384615384615384,78.23591780662537,0.6510411393473052,0.10491315136476428
