val_loss,val_acc,loss,acc,lr
0.4944001549509316,0.7375565628390507,0.5692969531898039,0.7078313253012049,9.999999747378752e-05
0.51411282584678,0.6561085989032935,0.40981519868574945,0.8177710843373494,9.999999747378752e-05
0.3864182727369248,0.8733031655328846,0.3508886192218367,0.8569277101252453,9.999999747378752e-05
0.3600355757577387,0.8552036234156578,0.3113471664578082,0.864457830607173,9.999999747378752e-05
0.32279043863801393,0.8597285048994003,0.28570963424372386,0.8810240963855421,9.999999747378752e-05
0.3098471660959235,0.8325791852506577,0.25814122266798134,0.8945783132530121,9.999999747378752e-05
0.29491031412625207,0.8280542978334211,0.22491200501660266,0.9262048199952367,9.999999747378752e-05
0.30437203945077923,0.8552036185609809,0.20327949218721275,0.9352409638554217,9.999999747378752e-05
0.3386011560578152,0.85520362166258,0.18295056776828075,0.9457831325301205,9.999999747378752e-05
0.34310022562877085,0.8325791841718406,0.16233841069491514,0.9608433727758476,9.999999747378752e-05
0.3209137661694402,0.8416289610290959,0.1488560088068606,0.9563253004866911,9.999999747378752e-05
0.35894109113184036,0.8099547478947704,0.13824467702084278,0.9638554209686188,9.999999747378752e-05
0.3833174453331874,0.8099547528842995,0.11961673209107065,0.9713855414505465,9.999999747378752e-05
0.3830326471932873,0.8009049771058613,0.10770849775837128,0.9728915669831885,9.999999747378752e-05
0.435866465665636,0.7782805427167211,0.0915114936160754,0.9819277101252453,9.999999747378752e-05
0.43561332527868346,0.7782805402893825,0.08005410468721964,0.9849397583180163,9.999999747378752e-05
0.4735290006275091,0.7828054266278021,0.07742225989160767,0.9804216867469879,9.999999747378752e-05
0.4642392364562367,0.7692307695004735,0.07090369127241962,0.9894578313253012,1.9999999494757503e-05
0.4645751110568845,0.7692307695004735,0.0655174448368061,0.9909638547035585,1.9999999494757503e-05
0.46642693701912374,0.7737556578616751,0.06318517011332225,0.9924698795180723,1.9999999494757503e-05
0.4700762400260338,0.7692307695004735,0.06152778567678957,0.9879518065107874,1.9999999494757503e-05
0.47153610503511734,0.7692307709838471,0.060585104781820116,0.9909638554216867,1.9999999494757503e-05
