precision,accuracy,recall,duration,f1,auc
0.5049015401776138,0.5973451327433629,0.46161762144096835,42.412254095077515,0.4554039001244105,0.7612897571718292
