precision,accuracy,recall,duration,f1,auc
0.9147711701836119,0.8767123287671232,0.7997623291740938,30.938788652420044,0.8330462772115087,0.18310556545850662
