val_loss,val_acc,loss,acc,lr
7.6579186894774995,0.5248868778280543,7.531030787760953,0.5301204819277109,0.0010000000474974513
7.6579186894774995,0.5248868778280543,7.52501445290554,0.5331325301204819,0.0010000000474974513
7.6579186894774995,0.5248868778280543,7.525014450033027,0.5331325301204819,0.0010000000474974513
7.6579186894774995,0.5248868778280543,7.525014449673963,0.5331325301204819,0.0010000000474974513
7.6579186894774995,0.5248868778280543,7.525014450392091,0.5331325301204819,0.0010000000474974513
7.6579186894774995,0.5248868778280543,7.525014451828348,0.5331325301204819,0.0010000000474974513
7.6579186894774995,0.5248868778280543,7.52501445290554,0.5331325301204819,0.00020000000949949026
7.6579186894774995,0.5248868778280543,7.525014450751155,0.5331325301204819,0.00020000000949949026
7.6579186894774995,0.5248868778280543,7.525014451828348,0.5331325301204819,0.00020000000949949026
7.6579186894774995,0.5248868778280543,7.5250144525464755,0.5331325301204819,0.00020000000949949026
7.6579186894774995,0.5248868778280543,7.525014452187412,0.5331325301204819,0.00020000000949949026
7.6579186894774995,0.5248868778280543,7.525014451469284,0.5331325301204819,4.0000002627493814e-05
7.6579186894774995,0.5248868778280543,7.525014450392091,0.5331325301204819,4.0000002627493814e-05
7.6579186894774995,0.5248868778280543,7.525014453264604,0.5331325301204819,4.0000002627493814e-05
7.6579186894774995,0.5248868778280543,7.525014449314899,0.5331325301204819,4.0000002627493814e-05
7.6579186894774995,0.5248868778280543,7.525014448596771,0.5331325301204819,4.0000002627493814e-05
