precision,accuracy,recall,duration,f1,auc
0.8743961352657005,0.7699115044247787,0.6338028169014085,864.2848978042603,0.6392879066912216,0.13130395274875056
