precision,accuracy,recall,duration,f1,auc
0.8659383468834688,0.8893805309734514,0.8926397092230804,111.45869374275208,0.8764946335278816,0.028805088596092685
