precision,accuracy,recall,duration,f1,auc
0.9201756652027899,0.9380530973451328,0.9433893684688778,457.6924829483032,0.9301545253863135,0.010722398909586556
