precision,accuracy,recall,duration,f1,auc
0.5003035822707954,0.6575342465753424,0.48345524207593177,35.51150321960449,0.45887161999693965,0.6852147994389375
