precision,accuracy,recall,duration,f1,auc
0.6468396746622553,0.6272727272727273,0.6725700929090759,1840.2964751720428,0.6154364154364154,0.8571619859755453
