val_loss,val_acc,loss,acc,lr
1.5708387716427672,0.7847533632286996,0.26236307232716655,0.8942598187311178,9.999999747378752e-06
0.5171155509127494,0.8744394620170508,0.17385891324269312,0.947129909365559,9.999999747378752e-06
1.5688686136243843,0.7847533632286996,0.12239052162553518,0.9682779456193353,9.999999747378752e-06
0.12930501330050354,0.9506726457399103,0.09276973026357253,0.9758308157099698,9.999999747378752e-06
0.36775403682027563,0.8834080717488789,0.06557193237463761,0.9833836858006042,9.999999747378752e-06
0.09720464035290476,0.9641255605381166,0.06805514648494809,0.9788519637462235,9.999999747378752e-06
0.34454059020273736,0.9192825112107623,0.04590235639917819,0.9848942598187311,9.999999747378752e-06
0.5327220703882475,0.8789237668161435,0.04089496520508272,0.9954682779456193,9.999999747378752e-06
0.043433614905273414,0.9910313901345291,0.03779845123229903,0.9924471299093656,9.999999747378752e-06
0.14757054300927272,0.9282511210762332,0.031349383422955755,0.9924471299093656,9.999999747378752e-06
0.12459540424813052,0.9506726457399103,0.037066960038358396,0.9909365558912386,9.999999747378752e-06
0.4490967716580013,0.8654708520179372,0.039430522568294574,0.9894259818731118,9.999999747378752e-06
0.3907050742161109,0.8878923766816144,0.02957754169648451,0.9924471299093656,9.999999747378752e-06
0.3286523142102353,0.8923766816143498,0.03816727193779723,0.9954682779456193,9.999999747378752e-06
0.6847246177283505,0.852017937219731,0.02106624529021722,0.9969788519637462,9.999999747378752e-06
1.009053258537118,0.7668161434977578,0.03175696234432966,0.9894259818731118,9.999999747378752e-06
0.2613019037735374,0.9103139013452914,0.01028518307153234,1.0,9.999999747378752e-06
0.44872226807327015,0.8878923766816144,0.021040834719007428,0.9954682779456193,9.999999747378752e-06
0.2304177193402528,0.8834080717488789,0.019207002882412394,0.9954682779456193,9.999999747378752e-06
0.2874110594213033,0.8699551569506726,0.016523255671169104,0.9954682779456193,9.999999974752427e-07
0.32000195977581514,0.8789237668161435,0.01004725424105054,1.0,9.999999974752427e-07
0.3725230600378763,0.8699551569506726,0.01116457881852267,0.9984894259818731,9.999999974752427e-07
0.277021108383294,0.8834080717488789,0.01293856428038917,0.9969788519637462,9.999999974752427e-07
0.33564561923809394,0.8789237668161435,0.010472441617409302,0.9984894259818731,9.999999974752427e-07
