precision,accuracy,recall,duration,f1,auc
0.7388157658143633,0.8082191780821918,0.725924200062131,21.373421669006348,0.7279100529100528,0.89293388215802
