precision,accuracy,recall,duration,f1,auc
0.6114171374764595,0.6363636363636364,0.6265689418231791,1259.0728785991669,0.6097352024922119,0.8113881156254038
