precision,accuracy,recall,duration,f1,auc
0.9047619047619048,0.8356164383561644,0.7272727272727273,185.80848860740662,0.7598684210526316,0.07803525450584275
