precision,accuracy,recall,duration,f1,auc
0.5402930402930403,0.5818181818181818,0.39886039886039887,1148.9138488769531,0.3769509476031215,0.6579397210976159
