precision,accuracy,recall,duration,f1,auc
0.8671296296296296,0.8407079646017699,0.7120590392254275,728.6488733291626,0.7237377965005055,0.8862486262820471
