precision,accuracy,recall,duration,f1,auc
0.8192952543336175,0.8,0.7037786774628879,220.38345670700073,0.7217388336117904,0.9199124537181218
