precision,accuracy,recall,duration,f1,auc
0.8966131907308378,0.8454545454545455,0.7429280397022333,20.088897705078125,0.7768230099057167,0.017468982630272956
