precision,accuracy,recall,duration,f1,auc
0.5240328776914143,0.672566371681416,0.5023076310973184,1084.2937922477722,0.4832539682539682,0.6232098653917704
