precision,accuracy,recall,duration,f1,auc
0.8224047015255808,0.6894977168949772,0.5271211650521995,60.516708850860596,0.5067378591406052,0.751339113408079
