precision,accuracy,recall,duration,f1,auc
0.7672157510988096,0.8036529680365296,0.7123659709866607,1648.095053911209,0.7312171494741895,0.8843990934508176
