precision,accuracy,recall,duration,f1,auc
0.8133049116262545,0.8454545454545455,0.8501240694789083,80.16095519065857,0.8257385145839158,0.07712158808933002
