precision,accuracy,recall,duration,f1,auc
0.37395212168351916,0.5772727272727273,0.45754985754985755,1382.3731000423431,0.4108771929824561,0.7130731167168415
