precision,accuracy,recall,duration,f1,auc
0.9585798816568047,0.9363636363636364,0.8923076923076922,113.56903862953186,0.9180502341421882,0.00416873449131514
