precision,accuracy,recall,duration,f1,auc
0.5373180076628352,0.7909090909090909,0.6415954415954416,9.41980767250061,0.5846601235914213,0.8168194977911577
