precision,accuracy,recall,duration,f1,auc
0.9100975975975976,0.9318181818181818,0.9337468982630273,391.2668309211731,0.92050299920503,0.014987593052109182
