precision,accuracy,recall,duration,f1,auc
0.9175804093567251,0.9409090909090909,0.9535980148883375,192.62231373786926,0.9321615787850756,0.014789081885856084
