precision,accuracy,recall,duration,f1,auc
0.7387612387612387,0.7227272727272728,0.7658421132997404,932.9576437473297,0.7189149015235973,0.898741440266864
