precision,accuracy,recall,duration,f1,auc
0.6778656126482213,0.7318181818181818,0.6764262306635187,3422.0761454105377,0.6756729078697491,0.6655097078825892
