precision,accuracy,recall,duration,f1,auc
0.7174954674954676,0.7671232876712328,0.7155007672249053,2199.0308768749237,0.7164641298041263,0.8784160335884476
