precision,accuracy,recall,duration,f1,auc
0.6972441587076598,0.7566371681415929,0.677513393077967,1824.4443073272705,0.6790009004161318,0.7976494637392225
