precision,accuracy,recall,duration,f1,auc
0.545945945945946,0.6954545454545454,0.5128205128205128,745.7276964187622,0.492959295929593,0.8135616711887899
