precision,accuracy,recall,duration,f1,auc
0.9640718562874251,0.9454545454545454,0.9076923076923077,781.3974659442902,0.9305190020002105,0.01240694789081886
