precision,accuracy,recall,duration,f1,auc
0.7483857751556867,0.8272727272727273,0.7404806370908066,667.1121616363525,0.7374909812409812,0.9016291389172745
