precision,accuracy,recall,duration,f1,auc
0.4039501268895509,0.6090909090909091,0.5052151238591917,41.2022385597229,0.44143644551993005,0.7774140502954062
