precision,accuracy,recall,duration,f1,auc
0.5455098058035001,0.8045454545454546,0.6358974358974359,129.61418676376343,0.5859734783332409,0.8252422565981888
