precision,accuracy,recall,duration,f1,auc
0.7260682072552506,0.7454545454545455,0.7924603873756416,58.15835881233215,0.7359468398346953,0.9472879006777312
