precision,accuracy,recall,duration,f1,auc
0.7840909090909092,0.8045454545454546,0.718362282878412,74.32237720489502,0.7377976107985256,0.16287841191066998
