val_loss,val_acc,loss,acc,lr
4.914934953766555,0.6950672628366359,4.691598202886898,0.6797583074368019,0.009999999776482582
4.914934953766555,0.6950672628366359,4.845167651277294,0.6993957694923769,0.009999999776482582
4.914934953766555,0.6950672628366359,4.845167672886229,0.6993957703927492,0.009999999776482582
4.914934953766555,0.6950672628366359,4.845167691613972,0.6993957700326003,0.009999999776482582
4.914934953766555,0.6950672628366359,4.845167762923457,0.6993957702126747,0.009999999776482582
4.914934953766555,0.6950672628366359,4.845167693774866,0.6993957702126747,0.009999999776482582
4.914934953766555,0.6950672628366359,4.845167655599082,0.6993957705728236,0.009999999776482582
4.914934953766555,0.6950672628366359,4.84516768585159,0.6993957694923769,0.009999999776482582
4.914934953766555,0.6950672628366359,4.8451676829703985,0.6993957711130471,0.009999999776482582
4.914934953766555,0.6950672628366359,4.845167670725336,0.6993957702126747,0.009999999776482582
4.914934953766555,0.6950672628366359,4.845167677208016,0.6993957711130471,0.009999999776482582
4.914934953766555,0.6950672628366359,4.845167660641166,0.6993957696724514,0.0009999999310821295
4.914934953766555,0.6950672628366359,4.845167688732781,0.6993957711130471,0.0009999999310821295
4.914934953766555,0.6950672628366359,4.845167659200571,0.6993957702126747,0.0009999999310821295
4.914934953766555,0.6950672628366359,4.8451676628020595,0.6993957694923769,0.0009999999310821295
4.914934953766555,0.6950672628366359,4.8451677247476725,0.6993957705728236,0.0009999999310821295
