precision,accuracy,recall,duration,f1,auc
0.9125,0.8141592920353983,0.6992767415302626,712.0763850212097,0.7412531909955907,0.9222072394667286
