precision,accuracy,recall,duration,f1,auc
0.8188845786248384,0.7433628318584071,0.6394138229898555,63.99994397163391,0.6302532892491052,0.8233640659040516
