val_loss,val_acc,loss,acc,lr
7.657918576201705,0.5248868778280543,7.18498672347471,0.5331325301204819,0.009999999776482582
7.657918576201705,0.5248868778280543,7.52501449814762,0.533132530479546,0.009999999776482582
7.657918576201705,0.5248868778280543,7.525014457932437,0.5331325294023537,0.009999999776482582
7.657918576201705,0.5248868778280543,7.525014492402594,0.5331325294023537,0.009999999776482582
7.657918576201705,0.5248868778280543,7.525014578577983,0.5331325301204819,0.009999999776482582
7.657918576201705,0.5248868778280543,7.525014480912541,0.5331325308386102,0.009999999776482582
7.657918576201705,0.5248868778280543,7.525014492402594,0.5331325294023537,0.0009999999310821295
7.657918576201705,0.5248868778280543,7.525014544107828,0.5331325301204819,0.0009999999310821295
7.657918576201705,0.5248868778280543,7.525014515382698,0.5331325308386102,0.0009999999310821295
7.657918576201705,0.5248868778280543,7.525014567087932,0.533132530479546,0.0009999999310821295
7.657918576201705,0.5248868778280543,7.52501446942249,0.5331325301204819,0.0009999999310821295
7.657918576201705,0.5248868778280543,7.525014446442386,0.5331325308386102,9.99999901978299e-05
7.657918576201705,0.5248868778280543,7.525014561342906,0.5331325294023537,9.99999901978299e-05
7.657918576201705,0.5248868778280543,7.525014561342906,0.5331325301204819,9.99999901978299e-05
7.657918576201705,0.5248868778280543,7.525014561342906,0.5331325301204819,9.99999901978299e-05
7.657918576201705,0.5248868778280543,7.525014492402594,0.5331325301204819,9.99999901978299e-05
