precision,accuracy,recall,duration,f1,auc
0.7119560695565355,0.7272727272727273,0.7528535980148883,945.7764182090759,0.7097880573388444,0.15746898263027298
