precision,accuracy,recall,duration,f1,auc
0.49104599104599106,0.7090909090909091,0.5584045584045584,72.31933951377869,0.5192689255189256,0.7553998408249422
