precision,accuracy,recall,duration,f1,auc
0.48506860371267146,0.6090909090909091,0.5071225071225071,82.41384220123291,0.4957184134489099,0.7588117235890515
