precision,accuracy,recall,duration,f1,auc
0.8994845360824743,0.8227272727272728,0.7,59.414870500564575,0.7298403602128531,0.09607940446650126
