precision,accuracy,recall,duration,f1,auc
0.7512626262626263,0.8181818181818182,0.7239143967957528,2033.082228899002,0.7309679332401408,0.7170202144778416
