precision,accuracy,recall,duration,f1,auc
0.8660287081339713,0.7442922374429224,0.5757575757575758,136.5316264629364,0.5542308810700786,0.22618340265399092
