precision,accuracy,recall,duration,f1,auc
0.9232183908045977,0.9454545454545454,0.9568238213399505,348.14856815338135,0.9371428571428572,0.011612903225806458
