precision,accuracy,recall,duration,f1,auc
0.7195991390906645,0.7,0.7249292317088928,222.94608783721924,0.6810919937019643,0.9140549937160106
