precision,accuracy,recall,duration,f1,auc
0.3515981735159817,0.7,0.4967741935483871,51.894530057907104,0.4117647058823529,0.45081885856079407
