precision,accuracy,recall,duration,f1,auc
0.34292035398230086,0.6858407079646017,0.5,159.49018740653992,0.4068241469816273,0.33012267151294866
