val_loss,val_acc,loss,acc,lr
7.541494334509616,0.5321100917431193,7.381993639254999,0.5074850310108618,0.009999999776482582
7.541494334509616,0.5321100917431193,7.552341149952597,0.5314371268192452,0.009999999776482582
7.541494334509616,0.5321100917431193,7.552341204203532,0.5314371252131319,0.009999999776482582
7.541494334509616,0.5321100917431193,7.552341232756655,0.531437125748503,0.009999999776482582
7.541494334509616,0.5321100917431193,7.552341112833537,0.5314371252131319,0.009999999776482582
7.541494334509616,0.5321100917431193,7.552341192782282,0.5314371253915889,0.009999999776482582
7.541494334509616,0.5321100917431193,7.552341112833537,0.531437126105417,0.009999999776482582
7.541494334509616,0.5321100917431193,7.552341118544161,0.531437125748503,0.009999999776482582
7.541494334509616,0.5321100917431193,7.552341192782282,0.5314371250346749,0.009999999776482582
7.541494334509616,0.5321100917431193,7.5523411642291585,0.531437125748503,0.009999999776482582
7.541494334509616,0.5321100917431193,7.552341089991039,0.531437126105417,0.009999999776482582
7.541494334509616,0.5321100917431193,7.552341204203532,0.5314371252131319,0.001999999862164259
7.541494334509616,0.5321100917431193,7.552341149952597,0.5314371268192452,0.001999999862164259
7.541494334509616,0.5321100917431193,7.552341169939783,0.531437125748503,0.001999999862164259
7.541494334509616,0.5321100917431193,7.552341169939783,0.5314371253915889,0.001999999862164259
7.541494334509616,0.5321100917431193,7.552341192782282,0.5314371253915889,0.001999999862164259
