val_loss,val_acc,loss,acc,lr
5.937861659620842,0.6018099547511312,0.4617199575074763,0.8810240963855421,0.0010000000474974513
3.9761408742496553,0.6968325793203725,0.18875694094826775,0.9442771084337349,0.0010000000474974513
1.0201540091541381,0.8144796380090498,0.08255756042082618,0.9713855421686747,0.0010000000474974513
7.0404820030155335,0.5429864253393665,0.11765523346732525,0.9713855421686747,0.0010000000474974513
8.606177951415741,0.334841628959276,0.07906569152187495,0.9653614457831325,0.0010000000474974513
2.1082970834715415,0.6018099547511312,0.07516787574175955,0.9743975903614458,0.0010000000474974513
5.050877094841923,0.5113122171945701,0.12025543806442558,0.9563253012048193,0.0010000000474974513
3.9242433719576204,0.583710407239819,0.058480291056568316,0.9789156626506024,0.0010000000474974513
0.04065207408940814,0.9864253393665159,0.039632134812531014,0.9819277108433735,0.0010000000474974513
0.9457936465179605,0.9004524886877828,0.053359270476469274,0.9849397590361446,0.0010000000474974513
1.457841753578954,0.7104072398190046,0.09978973815059472,0.9683734939759037,0.0010000000474974513
0.9212801533478302,0.7963800904977375,0.06838907461192376,0.9759036144578314,0.0010000000474974513
0.049119116665568945,0.9864253393665159,0.025400424909811734,0.9939759036144579,0.0010000000474974513
0.36877164255225287,0.918552036199095,0.027514209484685036,0.9924698795180723,0.0010000000474974513
1.232633297727747,0.7375565610859729,0.07322953628771159,0.9668674698795181,0.0010000000474974513
1.8872649389409615,0.7194570135746606,0.07964268889559453,0.9804216867469879,0.0010000000474974513
0.4964569812953093,0.8823529411764706,0.08893568543039446,0.9819277108433735,0.0010000000474974513
0.9773520387470668,0.7239819004524887,0.03280623385337576,0.9894578313253012,0.0010000000474974513
0.16563983487665948,0.9502262443438914,0.06800489856550758,0.9774096385542169,0.0010000000474974513
0.10371804216912206,0.9683257918552036,0.0532556353663863,0.9774096385542169,0.00020000000949949026
0.13965437654648927,0.9502262443438914,0.020688872300913964,0.9879518072289156,0.00020000000949949026
0.24871972762588365,0.9321266968325792,0.01193373993865829,0.9969879518072289,0.00020000000949949026
0.5735078141641002,0.9049773755656109,0.007447048714108958,0.9969879518072289,0.00020000000949949026
0.4454365038048027,0.9095022624434389,0.008251937974580825,0.9984939759036144,0.00020000000949949026
