precision,accuracy,recall,duration,f1,auc
0.652073732718894,0.3105022831050228,0.5065359477124183,42.28360438346863,0.24611877350963185,0.4737571796395326
