precision,accuracy,recall,duration,f1,auc
0.5746421267893661,0.7954545454545454,0.6256410256410256,12.333220720291138,0.5914279602512494,0.8150363531719463
