val_loss,val_acc,loss,acc,lr
4.914935000274217,0.695067264573991,4.8467743259902445,0.6978851963746223,0.0010000000474974513
4.914935000274217,0.695067264573991,4.8451677071003765,0.6993957703927492,0.0010000000474974513
4.914935000274217,0.695067264573991,4.845167707460525,0.6993957703927492,0.0010000000474974513
4.914935000274217,0.695067264573991,4.845167707820675,0.6993957703927492,0.0010000000474974513
4.914935000274217,0.695067264573991,4.845167706380078,0.6993957703927492,0.0010000000474974513
4.914935000274217,0.695067264573991,4.845167707820674,0.6993957703927492,0.0010000000474974513
4.914935000274217,0.695067264573991,4.845167707820674,0.6993957703927492,0.00020000000949949026
4.914935000274217,0.695067264573991,4.845167708180823,0.6993957703927492,0.00020000000949949026
4.914935000274217,0.695067264573991,4.845167708901121,0.6993957703927492,0.00020000000949949026
4.914935000274217,0.695067264573991,4.845167707460525,0.6993957703927492,0.00020000000949949026
4.914935000274217,0.695067264573991,4.845167707820674,0.6993957703927492,0.00020000000949949026
4.914935000274217,0.695067264573991,4.845167708180823,0.6993957703927492,4.0000002627493814e-05
4.914935000274217,0.695067264573991,4.845167708901121,0.6993957703927492,4.0000002627493814e-05
4.914935000274217,0.695067264573991,4.845167710701865,0.6993957703927492,4.0000002627493814e-05
4.914935000274217,0.695067264573991,4.84516770601993,0.6993957703927492,4.0000002627493814e-05
4.914935000274217,0.695067264573991,4.845167706380078,0.6993957703927492,4.0000002627493814e-05
