precision,accuracy,recall,duration,f1,auc
0.8119367211196202,0.8584070796460177,0.7764243116355791,1004.0792419910431,0.7898249898249897,0.8730114693351743
