precision,accuracy,recall,duration,f1,auc
0.6151822546831677,0.7545454545454545,0.598740440845704,19.69144344329834,0.5885643070787637,0.7793343483626884
