precision,accuracy,recall,duration,f1,auc
0.8947769729317576,0.8584070796460177,0.7822807814629713,28.018426656723022,0.8123118447005087,0.08777828259881873
