val_loss,val_acc,loss,acc,lr
4.9149351547651765,0.6950672549517165,4.40379483894279,0.670694870621056,0.0010000000474974513
4.9149351547651765,0.6950672549517165,4.845167839995324,0.6993957703927492,0.0010000000474974513
4.9149351547651765,0.6950672549517165,4.845167673606527,0.6993957763352063,0.0010000000474974513
4.9149351547651765,0.6950672549517165,4.845167792455667,0.6993957763352063,0.0010000000474974513
4.9149351547651765,0.6950672549517165,4.845167746716756,0.6993957718333449,0.0010000000474974513
4.9149351547651765,0.6950672549517165,4.845167554757386,0.6993957585078352,0.0010000000474974513
4.9149351547651765,0.6950672549517165,4.845167841796068,0.6993957658908878,0.0010000000474974513
4.9149351547651765,0.6950672549517165,4.845167722946927,0.6993957658908878,0.0010000000474974513
4.9149351547651765,0.6950672549517165,4.8451676022970425,0.6993957585078352,0.0010000000474974513
4.9149351547651765,0.6950672549517165,4.845167746716756,0.6993957658908878,0.0010000000474974513
4.9149351547651765,0.6950672549517165,4.845167697376355,0.6993957703927492,0.0010000000474974513
4.9149351547651765,0.6950672549517165,4.8451677449160115,0.6993957703927492,0.00020000000949949026
4.9149351547651765,0.6950672549517165,4.845167673606527,0.6993957644502922,0.00020000000949949026
4.9149351547651765,0.6950672549517165,4.845167841796068,0.6993957658908878,0.00020000000949949026
4.9149351547651765,0.6950672549517165,4.845167746716756,0.6993957658908878,0.00020000000949949026
4.9149351547651765,0.6950672549517165,4.84516762606687,0.6993957644502922,0.00020000000949949026
