precision,accuracy,recall,duration,f1,auc
0.9454545454545454,0.9363636363636364,0.9012406947890819,355.19727849960327,0.9197916666666667,0.005558312655086846
