precision,accuracy,recall,duration,f1,auc
0.6425217974513748,0.7090909090909091,0.5210918114143921,35.839832067489624,0.46859903381642515,0.3876923076923077
