precision,accuracy,recall,duration,f1,auc
0.6288638262322472,0.7818181818181819,0.6325639851063579,11.281222820281982,0.5817619900710358,0.7885179181789351
