val_loss,val_acc,loss,acc,lr
0.18517620182769387,0.9327354261426113,0.3262043356377733,0.8534743202416919,9.999999747378752e-05
0.14038966509626677,0.9372197310753467,0.21457316492912093,0.9108761329305136,9.999999747378752e-05
0.10115920099297805,0.9596412556053812,0.20804655985495926,0.9229607250755287,9.999999747378752e-05
0.1556042989832349,0.9237668162771404,0.17584841355703928,0.9380664652567976,9.999999747378752e-05
0.1290946404847259,0.9551569506726457,0.16095694503957952,0.9425981873111783,9.999999747378752e-05
0.12863729990082098,0.9551569506726457,0.14790983578567238,0.9395770392749244,9.999999747378752e-05
0.1356971471741366,0.9551569506726457,0.14303412503953966,0.9546827794561934,9.999999747378752e-05
0.10311703415227216,0.9551569506726457,0.13319803021701893,0.9546827794561934,9.999999747378752e-05
0.13556918754692832,0.9551569506726457,0.12007657455117231,0.9622356495468278,9.999999747378752e-06
0.13342223145830842,0.9551569506726457,0.1167233776205481,0.9682779456193353,9.999999747378752e-06
0.13818885611298337,0.9551569506726457,0.13962243505531297,0.9652567975830816,9.999999747378752e-06
0.12114246120045097,0.9551569506726457,0.10833127152883755,0.972809667673716,9.999999747378752e-06
0.12129743950193177,0.9551569506726457,0.09572326522207962,0.9758308157099698,9.999999747378752e-06
0.11610126675404012,0.9551569506726457,0.10388279818786235,0.9682779456193353,9.999999974752427e-07
0.11147666614727164,0.9551569506726457,0.09619548892056473,0.972809667673716,9.999999974752427e-07
0.11988947644318214,0.9551569506726457,0.09365523811654831,0.9833836858006042,9.999999974752427e-07
0.12220695610002644,0.9551569506726457,0.10081916235195997,0.974320241691843,9.999999974752427e-07
0.12610735909865653,0.9551569506726457,0.11788333536004732,0.9667673716012085,9.999999974752427e-07
