precision,accuracy,recall,duration,f1,auc
0.4689814814814815,0.6909090909090909,0.5584045584045584,9.114796876907349,0.509669768290458,0.7609081052400889
