val_loss,val_acc,loss,acc,lr
1.0103306020546823,0.5248868778280543,1.7316867515265224,0.44578313181199225,0.009999999776482582
0.9707129681272204,0.5339366515837104,0.9663382273122488,0.561746987233679,0.009999999776482582
1.1079442641314339,0.3846153867730188,0.9035923107560858,0.5933734939759037,0.009999999776482582
0.8841003724352806,0.6108597306644216,0.7499345361468304,0.6957831318119923,0.009999999776482582
0.989927315199537,0.6334841591200677,0.5615189721785396,0.7786144578313253,0.009999999776482582
0.7814743977326614,0.7239818972160373,0.4609187622386289,0.8222891573446343,0.009999999776482582
1.0312710844014026,0.6742081439872672,0.37403507799987334,0.858433734939759,0.009999999776482582
0.9393905012855702,0.6923076914985795,0.33243224060679055,0.8780120474746428,0.009999999776482582
0.8960007652977473,0.6832579177429233,0.27580898282039595,0.8975903614457831,0.009999999776482582
1.0448180304932917,0.6877828046207515,0.261672602001443,0.8975903614457831,0.009999999776482582
1.0230224814889657,0.6968325783764076,0.225402504923832,0.9246987958988512,0.009999999776482582
0.9382747471062846,0.6968325783764076,0.17158582232084618,0.9503012048192772,0.001999999862164259
0.9964380922360657,0.692307693925918,0.1635419295494815,0.9578313245830765,0.001999999862164259
1.1009485867228443,0.6742081464146057,0.1553924331463963,0.9623493975903614,0.001999999862164259
1.0073143311215742,0.6968325783764076,0.1469946284610105,0.9608433742121042,0.001999999862164259
0.972744413360751,0.6968325783764076,0.14427257212529698,0.9683734946940319,0.001999999862164259
1.0276598118549019,0.701357467681574,0.13820886809423746,0.9623493968722332,0.0003999999607913196
0.9965660825574021,0.7013574652542356,0.135567508278841,0.9743975903614458,0.0003999999607913196
0.9963691506989941,0.7013574652542356,0.13494507375969944,0.9743975903614458,0.0003999999607913196
1.013220305626209,0.7013574652542356,0.13354665292314735,0.9713855414505465,0.0003999999607913196
1.0035815713632161,0.6968325783764076,0.1328725427927741,0.9743975896433176,0.0003999999607913196
