precision,accuracy,recall,duration,f1,auc
0.7579096045197741,0.7772727272727272,0.7781587323960206,2628.3296854496,0.7563012717829231,0.82239566815838
