precision,accuracy,recall,duration,f1,auc
0.9421519851721782,0.9545454545454546,0.9498759305210918,380.3279414176941,0.9458874458874459,0.0033746898263027295
