precision,accuracy,recall,duration,f1,auc
0.5035743464052288,0.6460176991150443,0.4703986631654333,1431.5428190231323,0.44413722478238604,0.803426606362868
