precision,accuracy,recall,duration,f1,auc
0.5350503760465446,0.75,0.5908831908831909,9.350854396820068,0.5548853337995746,0.8159838287368651
