precision,accuracy,recall,duration,f1,auc
0.87,0.8954545454545455,0.8856079404466501,318.63783502578735,0.8771098967820279,0.02253101736972704
