precision,accuracy,recall,duration,f1,auc
0.5765199161425576,0.8036529680365296,0.6363636363636364,4742.732801914215,0.5986724386724386,0.7786432592467074
