precision,accuracy,recall,duration,f1,auc
0.6296751296751296,0.5363636363636364,0.625286303252405,948.2818064689636,0.5603937270603937,0.7806699789750636
