precision,accuracy,recall,duration,f1,auc
0.7573042143221841,0.7681818181818182,0.7908981856350277,193.58733534812927,0.7484785980534469,0.8722983494238555
