precision,accuracy,recall,duration,f1,auc
0.4568253968253968,0.6954545454545454,0.5381573229030856,63.083279609680176,0.49332964805601626,0.6877550301279115
