precision,accuracy,recall,duration,f1,auc
0.8731707317073171,0.7625570776255708,0.6060606060606061,64.81092023849487,0.6023743016759777,0.07268766092295505
