precision,accuracy,recall,duration,f1,auc
0.7699717214563451,0.8045454545454546,0.8032258064516129,343.2441830635071,0.7803626570081958,0.11454094292803971
