precision,accuracy,recall,duration,f1,auc
0.6814866950001354,0.6727272727272727,0.6809416704153546,395.9429268836975,0.6479200462419125,0.8809860779496407
