precision,accuracy,recall,duration,f1,auc
0.5245098039215687,0.6045454545454545,0.4153846153846154,51.66670823097229,0.3746778970039614,0.7151856465621648
