precision,accuracy,recall,duration,f1,auc
0.34292035398230086,0.6858407079646017,0.5,58.378793716430664,0.4068241469816273,0.3076783280327124
