precision,accuracy,recall,duration,f1,auc
0.9522727272727273,0.9513274336283186,0.9339845524761472,146.0998682975769,0.9423936971382226,0.009541117673784651
