precision,accuracy,recall,duration,f1,auc
0.5761063961239553,0.8227272727272728,0.6610169491525424,183.48967361450195,0.6136456819113646,0.9245915406932356
