precision,accuracy,recall,duration,f1,auc
0.5834927346555253,0.7363636363636363,0.6115009746588694,1196.2442381381989,0.5844747450724778,0.8280373023288004
