precision,accuracy,recall,duration,f1,auc
0.6955141476880607,0.7654867256637168,0.6565565326606148,1459.756370306015,0.6672413128157663,0.8721297090836361
