precision,accuracy,recall,duration,f1,auc
0.6960590061267226,0.7454545454545455,0.720679610510119,1508.7902505397797,0.7034309439810196,0.8185342448054312
