val_loss,val_acc,loss,acc,lr
4.731917990183612,0.7064220303789192,4.44701618650497,0.6626323770827497,0.0010000000474974513
4.731917990183612,0.7064220303789192,4.803729027194082,0.7019667156525351,0.0010000000474974513
4.731917990183612,0.7064220303789192,4.803728977959383,0.7019667082583129,0.0010000000474974513
4.731917990183612,0.7064220303789192,4.803729003388294,0.7019667216039822,0.0010000000474974513
4.731917990183612,0.7064220303789192,4.803729073182537,0.7019667201612071,0.0010000000474974513
4.731917990183612,0.7064220303789192,4.80372890816514,0.7019667156525351,0.0010000000474974513
4.731917990183612,0.7064220303789192,4.803729001765172,0.70196671420976,0.0010000000474974513
4.731917990183612,0.7064220303789192,4.803728979582505,0.7019667216039822,0.0010000000474974513
4.731917990183612,0.7064220303789192,4.803729001765172,0.7019667261126543,0.0010000000474974513
4.731917990183612,0.7064220303789192,4.803728860553562,0.7019667156525351,0.0010000000474974513
4.731917990183612,0.7064220303789192,4.80372902557096,0.7019667261126543,0.0010000000474974513
4.731917990183612,0.7064220303789192,4.80372902557096,0.7019667082583129,0.0005000000237487257
4.731917990183612,0.7064220303789192,4.803728860553562,0.701966709701088,0.0005000000237487257
4.731917990183612,0.7064220303789192,4.8037288827362294,0.70196671420976,0.0005000000237487257
4.731917990183612,0.7064220303789192,4.80372902557096,0.70196671420976,0.0005000000237487257
4.731917990183612,0.7064220303789192,4.803728979582505,0.7019667156525351,0.0005000000237487257
