val_loss,val_acc,loss,acc,lr
0.8180906521365247,0.6771300448430493,0.7750967317837603,0.6858006044096817,9.999999747378752e-05
1.0602064811595353,0.6053811659192825,0.48315569830445004,0.8111782475540645,9.999999747378752e-05
1.1242347870172407,0.5919282511210763,0.4238169364338555,0.8368580060422961,9.999999747378752e-05
1.5270319658544567,0.47085201793721976,0.3948988171682617,0.8413897279166023,9.999999747378752e-05
1.2657316089211024,0.5381165919282511,0.3946524414591199,0.8413897279166023,9.999999747378752e-05
1.605600908732735,0.48878923766816146,0.3526840130728177,0.8610271901522518,9.999999747378752e-05
1.5263443009201187,0.5112107623318386,0.34704413604880385,0.8761329306936696,4.999999873689376e-05
1.447819853042808,0.5515695067264574,0.3300951564420026,0.8700906342610132,4.999999873689376e-05
1.5676026836104457,0.5067264573991032,0.32682494224918573,0.885196374442282,4.999999873689376e-05
1.5262052446202847,0.5112107623318386,0.31687175651331323,0.8942598187311178,4.999999873689376e-05
1.5574336650660219,0.5112107623318386,0.3089407545562237,0.8927492447129909,4.999999873689376e-05
1.5133805969905425,0.5067264573991032,0.2850814285347649,0.9033232628398792,2.499999936844688e-05
1.6006665561231261,0.4977578475336323,0.2851613734784083,0.9048338366779316,2.499999936844688e-05
1.6965721690601299,0.452914798206278,0.2835263916012744,0.9063444108761329,2.499999936844688e-05
1.6171732365817768,0.4663677130044843,0.27327542151029016,0.8972809667673716,2.499999936844688e-05
1.5942299109403328,0.4977578475336323,0.27001355131497196,0.9003021148036254,2.499999936844688e-05
