precision,accuracy,recall,duration,f1,auc
0.8552866052866053,0.8310502283105022,0.7369281045751634,141.8391876220703,0.7651644689175482,0.07902554961378491
