val_loss,val_acc,loss,acc,lr
1.1540075895456572,0.7285067873303167,0.5588930779507002,0.7635542168674698,9.999999747378752e-05
0.8692083785031728,0.7420814479638009,0.3566724418954228,0.8719879518072289,9.999999747378752e-05
1.4231739122280087,0.7375565610859729,0.27592641604974505,0.9006024096385542,9.999999747378752e-05
1.0738791028642718,0.7239819004524887,0.3053314753819302,0.8930722891566265,9.999999747378752e-05
0.9723181140546626,0.7420814479638009,0.21229941126363105,0.9216867469879518,9.999999747378752e-05
1.1590266434380643,0.751131221719457,0.19411593032243427,0.9322289156626506,9.999999747378752e-05
0.845588944194948,0.7737556561085973,0.20607779496517706,0.9412650602409639,9.999999747378752e-05
1.1060416839853018,0.6787330316742082,0.1680431690442948,0.9442771084337349,9.999999747378752e-05
0.981129579835656,0.6742081447963801,0.19897525939888444,0.9322289156626506,9.999999747378752e-05
1.1869954008654688,0.7420814479638009,0.16931899228969208,0.9397590361445783,9.999999747378752e-05
1.4313400543681145,0.7239819004524887,0.1727512354684814,0.9442771084337349,9.999999747378752e-05
0.9954249855293879,0.7013574660633484,0.16333947127337106,0.9442771084337349,9.999999747378752e-05
1.5815618041031776,0.7239819004524887,0.17432595969946404,0.9412650602409639,1.9999999494757503e-05
1.431306104791801,0.7194570135746606,0.09943855895677649,0.9774096385542169,1.9999999494757503e-05
1.6815451048032006,0.7375565610859729,0.0826450603297373,0.9864457831325302,1.9999999494757503e-05
1.4467234241346985,0.7375565610859729,0.09705306413437588,0.9759036144578314,1.9999999494757503e-05
1.5091966925004274,0.7420814479638009,0.09858327779879636,0.9819277108433735,1.9999999494757503e-05
1.460345420553233,0.7330316742081447,0.10588858969066382,0.9789156626506024,3.999999989900971e-06
1.3810971435057566,0.7375565610859729,0.10729528439100776,0.9743975903614458,3.999999989900971e-06
1.3844729011032815,0.7420814479638009,0.10453708027068705,0.9728915662650602,3.999999989900971e-06
1.3771640653585335,0.7420814479638009,0.0946500497331551,0.9789156626506024,3.999999989900971e-06
1.3444528802020266,0.7420814479638009,0.11450458416597446,0.9668674698795181,3.999999989900971e-06
