precision,accuracy,recall,duration,f1,auc
0.8445283789301756,0.8681818181818182,0.8349875930521091,7534.687711954117,0.8395008930592941,0.10124069478908189
