val_loss,val_acc,loss,acc,lr
10.089016584249643,0.3257918552036199,3.5029674263440786,0.6822289156626506,0.009999999776482582
3.957588999014398,0.6334841628959276,3.070281273436563,0.7379518072289156,0.009999999776482582
6.667061389274102,0.5248868778280543,2.152989936929423,0.7003012048192772,0.009999999776482582
1.552381510570082,0.7330316742081447,0.7094270314751978,0.7259036144578314,0.009999999776482582
0.994589860101201,0.6877828054298643,0.5287008089608097,0.7801204819277109,0.009999999776482582
1.2119421184014965,0.7647058823529411,0.5287672107792404,0.7695783132530121,0.009999999776482582
2.4970069291897907,0.5882352941176471,0.4861256702948945,0.7816265060240963,0.009999999776482582
1.039646951131418,0.7420814479638009,0.5226078214325819,0.7575301204819277,0.009999999776482582
1.7313907558239208,0.669683257918552,0.52413601162619,0.7801204819277109,0.009999999776482582
1.6278894190532864,0.6425339366515838,0.4130521003964795,0.8298192771084337,0.009999999776482582
2.7220073535032627,0.7104072398190046,0.4491352491439825,0.8132530120481928,0.009999999776482582
2.068105597304818,0.6108597285067874,0.44544762437489915,0.8343373493975904,0.009999999776482582
2.2554202891569624,0.6968325791855203,0.34927448996690563,0.8629518072289156,0.009999999776482582
1.9195853949814023,0.6108597285067874,0.3567159345923328,0.8463855421686747,0.009999999776482582
1.4599160114414016,0.7330316742081447,0.4018589314045272,0.8343373493975904,0.009999999776482582
1.114950436660805,0.7330316742081447,0.2980858877705163,0.8870481927710844,0.004999999888241291
1.4238108357654986,0.7692307692307693,0.33229208678141775,0.8373493975903614,0.004999999888241291
2.469666383123637,0.6832579185520362,0.30574402993500055,0.8689759036144579,0.004999999888241291
1.512571962681277,0.6968325791855203,0.2806974893312408,0.891566265060241,0.004999999888241291
2.393014849648446,0.7285067873303167,0.31145085921267,0.8674698795180723,0.004999999888241291
