precision,accuracy,recall,duration,f1,auc
0.3384323601654074,0.5088495575221239,0.3884379724675738,78.76987099647522,0.36036790756933174,0.7079443372711456
