precision,accuracy,recall,duration,f1,auc
0.7749607168641441,0.6592920353982301,0.5568229963073601,28.764155626296997,0.5929808378897202,0.7992731929829088
