precision,accuracy,recall,duration,f1,auc
0.8438256658595642,0.8356164383561644,0.7531194295900179,469.4531490802765,0.7787878787878788,0.07016240839770252
