precision,accuracy,recall,duration,f1,auc
0.8464443551627159,0.8672566371681416,0.8917764652430713,14.189062356948853,0.857191001769315,0.07151294865970012
