precision,accuracy,recall,duration,f1,auc
0.7361288265306123,0.7566371681415929,0.7691503861880964,245.74290657043457,0.7401049616325507,0.09922762380736029
