precision,accuracy,recall,duration,f1,auc
0.8904297851074463,0.8772727272727273,0.8101736972704715,100.04158186912537,0.8373449437279226,0.02779156327543425
