precision,accuracy,recall,duration,f1,auc
0.8621495327102804,0.7318181818181818,0.5461538461538462,692.4055578708649,0.5045612427955266,0.041389578163771715
