precision,accuracy,recall,duration,f1,auc
0.7672082819141642,0.771689497716895,0.7684486994831822,175.3027307987213,0.7449831384399772,0.9270753904374595
