val_loss,val_acc,loss,acc,lr
0.30835110243033925,0.8532110091743119,0.4037612002499089,0.8278443113772455,9.999999747378752e-06
0.2244886280712458,0.8944954128440367,0.24107368604954846,0.9176646706586826,9.999999747378752e-06
0.30460569552154443,0.8577981651376146,0.2233900830908093,0.9266467065868264,9.999999747378752e-06
0.26761114378587914,0.8853211009174312,0.2011485837489188,0.9326347305389222,9.999999747378752e-06
0.20876815852307534,0.8532110091743119,0.18189225151777982,0.9341317365269461,9.999999747378752e-06
0.19348155212248974,0.8807339449541285,0.17429660174794898,0.9401197604790419,9.999999747378752e-06
0.20299822025731581,0.8715596330275229,0.18197632268695774,0.937125748502994,9.999999747378752e-06
0.19818944864000682,0.9220183486238532,0.1617985135167391,0.938622754491018,9.999999747378752e-06
0.2585512481493942,0.8486238532110092,0.16359960298405257,0.9461077844311377,9.999999747378752e-06
0.1996196266322465,0.9311926605504587,0.1484831966359369,0.9491017964071856,9.999999747378752e-06
0.23760636786101472,0.8990825688073395,0.12554042509751406,0.9655688622754491,9.999999747378752e-06
0.22424924621176148,0.9128440366972477,0.11259245619311661,0.9670658682634731,4.999999873689376e-06
0.22532597464332282,0.9220183486238532,0.11914276323576797,0.9610778443113772,4.999999873689376e-06
0.224340080942557,0.9311926605504587,0.11825361548404316,0.9580838323353293,4.999999873689376e-06
0.22808727080507338,0.926605504587156,0.13492197703436284,0.9595808383233533,4.999999873689376e-06
0.234523730091254,0.8853211009174312,0.1382921297092013,0.9565868263473054,4.999999873689376e-06
0.23522860350711014,0.926605504587156,0.11797857315775877,0.9700598802395209,2.499999936844688e-06
0.22514821106203248,0.9403669724770642,0.12432323656641617,0.9580838323353293,2.499999936844688e-06
0.22574370117818535,0.9311926605504587,0.11081887631604594,0.9655688622754491,2.499999936844688e-06
0.20457138216376375,0.9311926605504587,0.12807184249764966,0.9610778443113772,2.499999936844688e-06
0.21616980004756617,0.9311926605504587,0.11753732496091795,0.9700598802395209,2.499999936844688e-06
