precision,accuracy,recall,duration,f1,auc
0.8279654359780046,0.7727272727272727,0.6243176178660049,812.8578462600708,0.6321562332798287,0.19374689826302732
