precision,accuracy,recall,duration,f1,auc
0.945333041191937,0.9360730593607306,0.9025549613784909,310.4196877479553,0.920471052085495,0.024658348187759947
