val_loss,val_acc,loss,acc,lr
4.805854147727336,0.7018348793371008,4.474936922510227,0.6961077901417624,0.009999999776482582
4.805854147727336,0.7018348793371008,4.849906064079193,0.6991017921242172,0.009999999776482582
4.805854147727336,0.7018348793371008,4.849906091918489,0.6991017964071856,0.009999999776482582
4.805854147727336,0.7018348793371008,4.849906000548494,0.6991017933734163,0.009999999776482582
4.805854147727336,0.7018348793371008,4.849906094773801,0.6991017933734163,0.009999999776482582
4.805854147727336,0.7018348793371008,4.849906044805835,0.6991017964071856,0.009999999776482582
4.805854147727336,0.7018348793371008,4.849906137603486,0.6991017949795295,0.009999999776482582
4.805854147727336,0.7018348793371008,4.849906093346145,0.6991017919457602,0.009999999776482582
4.805854147727336,0.7018348793371008,4.849906000548494,0.6991017992624979,0.009999999776482582
4.805854147727336,0.7018348793371008,4.849906044805835,0.6991017964071856,0.009999999776482582
4.805854147727336,0.7018348793371008,4.849906091918489,0.6991018022962673,0.009999999776482582
4.805854147727336,0.7018348793371008,4.849905953435841,0.6991018051515796,0.001999999862164259
4.805854147727336,0.7018348793371008,4.849906022677165,0.6991017919457602,0.001999999862164259
4.805854147727336,0.7018348793371008,4.849905922741233,0.6991017862351355,0.001999999862164259
4.805854147727336,0.7018348793371008,4.849905903467875,0.699101790518104,0.001999999862164259
4.805854147727336,0.7018348793371008,4.849906186143795,0.699101790518104,0.001999999862164259
