precision,accuracy,recall,duration,f1,auc
0.9212121212121211,0.9181818181818182,0.8794044665012407,1204.860580444336,0.8968750000000001,0.01647642679900745
