precision,accuracy,recall,duration,f1,auc
0.760558333864704,0.7300884955752213,0.6832835461386427,35.52372169494629,0.7085175361037429,0.8441650053013148
