precision,accuracy,recall,duration,f1,auc
0.8827586206896552,0.821917808219178,0.708853238265003,955.4708461761475,0.7378855301519105,0.05228758169934641
