precision,accuracy,recall,duration,f1,auc
0.7698863636363636,0.7954545454545454,0.7074441687344913,4368.726129293442,0.7256021508356663,0.13568238213399503
