precision,accuracy,recall,duration,f1,auc
0.7059280554326993,0.5681818181818182,0.7254542678271493,26.958585739135742,0.5730628709352114,0.9362644913492372
