precision,accuracy,recall,duration,f1,auc
0.5435528942115768,0.730593607305936,0.5642633228840125,236.4061460494995,0.539701880508509,0.8673954126540334
