precision,accuracy,recall,duration,f1,auc
0.5648240280081076,0.5363636363636364,0.5812713626272948,530.724583864212,0.507404563355129,0.7668945346911448
