precision,accuracy,recall,duration,f1,auc
0.5042451088962717,0.7636363636363637,0.6267806267806267,26.802626371383667,0.5569105691056909,0.7885036391109267
