precision,accuracy,recall,duration,f1,auc
0.6063698630136986,0.6090909090909091,0.5933706848961087,151.83513617515564,0.5744905637936042,0.7967640391369205
