precision,accuracy,recall,duration,f1,auc
0.9100975975975976,0.9318181818181818,0.9337468982630273,1063.9697184562683,0.92050299920503,0.011513647642679899
