precision,accuracy,recall,duration,f1,auc
0.6601574101574101,0.7214611872146118,0.6068033273915627,561.7776272296906,0.6128387190262281,0.292038027332145
