precision,accuracy,recall,duration,f1,auc
0.582970297029703,0.6017699115044248,0.595184007269423,1800.3174295425415,0.5776578073089701,0.3659245797364834
