val_loss,val_acc,loss,acc,lr
4.731917997019009,0.7064220183486238,4.780681262218285,0.7034795763993948,0.0010000000474974513
4.731917997019009,0.7064220183486238,4.803728944955903,0.7019667170953101,0.0010000000474974513
4.731917997019009,0.7064220183486238,4.80372894639868,0.7019667170953101,0.0010000000474974513
4.731917997019009,0.7064220183486238,4.803728943513129,0.7019667170953101,0.0010000000474974513
4.731917997019009,0.7064220183486238,4.803728943513129,0.7019667170953101,0.0010000000474974513
4.731917997019009,0.7064220183486238,4.8037289435131285,0.7019667170953101,0.0010000000474974513
4.731917997019009,0.7064220183486238,4.803728941529314,0.7019667170953101,0.00010000000474974513
4.731917997019009,0.7064220183486238,4.803728948923535,0.7019667170953101,0.00010000000474974513
4.731917997019009,0.7064220183486238,4.8037289445952105,0.7019667170953101,0.00010000000474974513
4.731917997019009,0.7064220183486238,4.803728944414864,0.7019667170953101,0.00010000000474974513
4.731917997019009,0.7064220183486238,4.803728942070355,0.7019667170953101,0.00010000000474974513
4.731917997019009,0.7064220183486238,4.803728946037985,0.7019667170953101,1.0000000656873453e-05
4.731917997019009,0.7064220183486238,4.803728943513129,0.7019667170953101,1.0000000656873453e-05
4.731917997019009,0.7064220183486238,4.803728947120067,0.7019667170953101,1.0000000656873453e-05
4.731917997019009,0.7064220183486238,4.803728943513129,0.7019667170953101,1.0000000656873453e-05
4.731917997019009,0.7064220183486238,4.803728942070355,0.7019667170953101,1.0000000656873453e-05
