precision,accuracy,recall,duration,f1,auc
0.3493150684931507,0.6986301369863014,0.5,212.07841992378235,0.41129032258064513,0.05258467023172905
