precision,accuracy,recall,duration,f1,auc
0.7411814704632385,0.7727272727272727,0.6689826302729529,56.32576823234558,0.6852106227106226,0.19791563275434246
