precision,accuracy,recall,duration,f1,auc
0.4511627906976744,0.6909090909090909,0.49478908188585613,39.36552333831787,0.42239382239382245,0.512059553349876
