precision,accuracy,recall,duration,f1,auc
0.5041463414634146,0.6818181818181818,0.5227727075184703,25.533723831176758,0.5022304450611573,0.6768144285093438
