precision,accuracy,recall,duration,f1,auc
0.5407288976345673,0.7272727272727273,0.5584045584045584,1356.1290907859802,0.5322249589490968,0.8328517711108804
