precision,accuracy,recall,duration,f1,auc
0.9383116883116883,0.95,0.9421836228287841,297.11797881126404,0.9402159144247635,0.005359801488833747
