precision,accuracy,recall,duration,f1,auc
0.7201049094336529,0.7442922374429224,0.5851549041204214,245.52415251731873,0.5779206746739068,0.8506047191392018
