precision,accuracy,recall,duration,f1,auc
0.8230748734345856,0.8545454545454545,0.8610421836228288,6.831006050109863,0.8359891901966267,0.08952853598014889
