precision,accuracy,recall,duration,f1,auc
0.6816391518086432,0.5409090909090909,0.5561072154292493,1523.6945269107819,0.5223968385258708,0.7992001127594349
