precision,accuracy,recall,duration,f1,auc
0.6852851605758583,0.7454545454545455,0.6872041533058483,172.4315869808197,0.6855072463768116,0.7679475433712722
