precision,accuracy,recall,duration,f1,auc
0.6871845512398508,0.6136363636363636,0.6741604707706402,1060.644434928894,0.628641975308642,0.8698110104889766
