precision,accuracy,recall,duration,f1,auc
0.8944444444444444,0.915929203539823,0.9387096774193548,515.9655346870422,0.9083477407099101,0.0030895047705588367
