val_loss,val_acc,loss,acc,lr
7.589237804370078,0.5291479820627802,7.512804910810751,0.5317220543806647,0.009999999776482582
7.589237804370078,0.5291479820627802,7.572096208431209,0.5302114803625377,0.009999999776482582
7.589237804370078,0.5291479820627802,7.572096209151507,0.5302114803625377,0.009999999776482582
7.589237804370078,0.5291479820627802,7.572096210231954,0.5302114803625377,0.009999999776482582
7.589237804370078,0.5291479820627802,7.5720962098718045,0.5302114803625377,0.009999999776482582
7.589237804370078,0.5291479820627802,7.57209621167255,0.5302114803625377,0.009999999776482582
7.589237804370078,0.5291479820627802,7.572096206990613,0.5302114803625377,0.009999999776482582
7.589237804370078,0.5291479820627802,7.57209620807106,0.5302114803625377,0.009999999776482582
7.589237804370078,0.5291479820627802,7.572096209511656,0.5302114803625377,0.009999999776482582
7.589237804370078,0.5291479820627802,7.572096210592103,0.5302114803625377,0.009999999776482582
7.589237804370078,0.5291479820627802,7.572096208431209,0.5302114803625377,0.009999999776482582
7.589237804370078,0.5291479820627802,7.572096207710912,0.5302114803625377,0.0009999999310821295
7.589237804370078,0.5291479820627802,7.572096209511656,0.5302114803625377,0.0009999999310821295
7.589237804370078,0.5291479820627802,7.572096208791359,0.5302114803625377,0.0009999999310821295
7.589237804370078,0.5291479820627802,7.572096206270316,0.5302114803625377,0.0009999999310821295
7.589237804370078,0.5291479820627802,7.5720962073507625,0.5302114803625377,0.0009999999310821295
