precision,accuracy,recall,duration,f1,auc
0.5489183080400387,0.7636363636363637,0.6017094017094017,36.403356313705444,0.5665105386416861,0.7678028074789208
