precision,accuracy,recall,duration,f1,auc
0.8368030629337162,0.7818181818181819,0.6397022332506204,85.43488907814026,0.653133622388648,0.19751861042183622
