val_loss,val_acc,loss,acc,lr
4.9149351547651765,0.6950672549517165,4.50844108121993,0.6510574018126888,0.009999999776482582
4.9149351547651765,0.6950672549517165,4.845167651637444,0.699395777775802,0.009999999776482582
4.9149351547651765,0.6950672549517165,4.845167649836699,0.6993957585078352,0.009999999776482582
4.9149351547651765,0.6950672549517165,4.845167746716756,0.6993957718333449,0.009999999776482582
4.9149351547651765,0.6950672549517165,4.845167841796068,0.6993957658908878,0.009999999776482582
4.9149351547651765,0.6950672549517165,4.845167841796068,0.699395783718259,0.009999999776482582
4.9149351547651765,0.6950672549517165,4.845167721146183,0.6993957644502922,0.009999999776482582
4.9149351547651765,0.6950672549517165,4.845167792455667,0.6993957703927492,0.009999999776482582
4.9149351547651765,0.6950672549517165,4.845167604097787,0.6993957718333449,0.009999999776482582
4.9149351547651765,0.6950672549517165,4.84516769593576,0.6993957689521536,0.009999999776482582
4.9149351547651765,0.6950672549517165,4.845167673606527,0.6993957644502922,0.009999999776482582
4.9149351547651765,0.6950672549517165,4.845167699177099,0.699395783718259,0.004999999888241291
4.9149351547651765,0.6950672549517165,4.845167699177099,0.6993957658908878,0.004999999888241291
4.9149351547651765,0.6950672549517165,4.8451677449160115,0.6993957703927492,0.004999999888241291
4.9149351547651765,0.6950672549517165,4.845167722946927,0.6993957718333449,0.004999999888241291
4.9149351547651765,0.6950672549517165,4.845167721146183,0.6993957644502922,0.004999999888241291
