precision,accuracy,recall,duration,f1,auc
0.5674603174603174,0.7727272727272727,0.6,46.93495512008667,0.5713545713545714,0.8064772073246651
