precision,accuracy,recall,duration,f1,auc
0.5410253650486133,0.7545454545454545,0.5937321937321937,185.71345257759094,0.5586651053864168,0.7721432114144665
