precision,accuracy,recall,duration,f1,auc
0.7677350427350427,0.817351598173516,0.7312759467931883,24.352758407592773,0.7418199810830544,0.9240782710610297
