val_loss,val_acc,loss,acc,lr
3.7890017218546035,0.5458715618203539,0.2225708256023908,0.9101796498198709,0.0010000000474974513
2.5863364038117433,0.6605504598092595,0.039014718980489374,0.9910179712101371,0.0010000000474974513
0.792054255621149,0.8165137581869003,0.04506006030488514,0.9850299470795842,0.0010000000474974513
1.3901673303831608,0.7477064302208227,0.03247166179890137,0.9865269530676082,0.0010000000474974513
1.0846765905345253,0.7981651337868577,0.02177414387983164,0.9955089834635843,0.0010000000474974513
0.8218038639891039,0.7660550546208653,0.026195114277704747,0.9955089863188966,0.0010000000474974513
1.423348336591633,0.8027522853755076,0.03410672468292209,0.9865269516399521,0.0010000000474974513
1.8983372067092756,0.7201834845980373,0.01100883186128392,0.9970059894516082,0.0010000000474974513
6.869431045077262,0.33944954183123527,0.015586652615927383,0.9970059908792644,0.0010000000474974513
7.939195217342552,0.31192660523117133,0.01606409647850554,0.9970059894516082,0.0010000000474974513
5.24582631653602,0.41743119102005566,0.03195009487234948,0.9880239592340891,0.0010000000474974513
11.306325448762387,0.2981651414425001,0.06747014682550362,0.9700598838086614,0.0010000000474974513
11.312241466767198,0.2981651414425001,0.02796456501902845,0.9910179667487116,0.0010000000474974513
10.896559059073072,0.2981651414425001,0.02003824757342366,0.9910179712101371,0.0005000000237487257
5.797468364785571,0.348623863053978,0.012628751279908918,0.9985029954396322,0.0005000000237487257
4.489048069770183,0.3669724784312992,0.0114561684226093,0.9970059908792644,0.0005000000237487257
4.398247666315201,0.3577981707426386,0.004355902217529312,1.0,0.0005000000237487257
3.79604593548206,0.4449541321314803,0.005301540369979345,1.0,0.0005000000237487257
