precision,accuracy,recall,duration,f1,auc
0.8657692307692308,0.7920353982300885,0.6728305315765561,1639.895770072937,0.691534775664295,0.09304861426624261
