val_loss,val_acc,loss,acc,lr
4.77037799304911,0.7040358727021068,4.5233483055206944,0.6752265868230168,0.0010000000474974513
4.77037799304911,0.7040358727021068,4.8938628078587465,0.6963746225365699,0.0010000000474974513
4.77037799304911,0.7040358727021068,4.89386287628704,0.6963746216361977,0.0010000000474974513
4.77037799304911,0.7040358727021068,4.893862774725047,0.6963746219963466,0.0010000000474974513
4.77037799304911,0.7040358727021068,4.893862825145894,0.6963746223564955,0.0010000000474974513
4.77037799304911,0.7040358727021068,4.893862829467682,0.6963746230767933,0.0010000000474974513
4.77037799304911,0.7040358727021068,4.893862852517212,0.6963746230767933,0.00010000000474974513
4.77037799304911,0.7040358727021068,4.893862858999892,0.6963746216361977,0.00010000000474974513
4.77037799304911,0.7040358727021068,4.893862794893386,0.6963746230767933,0.00010000000474974513
4.77037799304911,0.7040358727021068,4.893862783368621,0.6963746230767933,0.00010000000474974513
4.77037799304911,0.7040358727021068,4.893862794893386,0.6963746230767933,0.00010000000474974513
4.77037799304911,0.7040358727021068,4.8938627372695604,0.6963746230767933,1.0000000656873453e-05
4.77037799304911,0.7040358727021068,4.893862838111255,0.6963746214561232,1.0000000656873453e-05
4.77037799304911,0.7040358727021068,4.893862853957807,0.6963746225365699,1.0000000656873453e-05
4.77037799304911,0.7040358727021068,4.893862801376066,0.6963746216361977,1.0000000656873453e-05
4.77037799304911,0.7040358727021068,4.89386280353696,0.6963746214561232,1.0000000656873453e-05
