precision,accuracy,recall,duration,f1,auc
0.9306891025641026,0.9409090909090909,0.9267990074441688,56.74473452568054,0.9287120815573668,0.014392059553349879
