precision,accuracy,recall,duration,f1,auc
0.7804847576211894,0.8045454545454546,0.7228287841191068,21.494359254837036,0.7409567622333579,0.06590570719602977
