precision,accuracy,recall,duration,f1,auc
0.9623373026862365,0.9646017699115044,0.9551113130395275,861.5801393985748,0.9586080586080585,0.0028169014084507083
