precision,accuracy,recall,duration,f1,auc
0.49071546523775816,0.7318181818181818,0.5658119658119658,63.77391004562378,0.5221639294403893,0.6971446532175278
