precision,accuracy,recall,duration,f1,auc
0.8369367614595508,0.7363636363636363,0.5904953193088786,64.55357885360718,0.5559344457798773,0.7760262870432362
