precision,accuracy,recall,duration,f1,auc
0.9017369727047146,0.9181818181818182,0.9017369727047146,1546.1073381900787,0.9017369727047146,0.01359801488833747
