precision,accuracy,recall,duration,f1,auc
0.9505813953488372,0.9227272727272727,0.8692307692307693,1318.4484584331512,0.898784877269898,0.00903225806451613
