precision,accuracy,recall,duration,f1,auc
0.4039501268895509,0.6090909090909091,0.5071225071225071,1292.893072605133,0.4424191792612846,0.760123187653552
