precision,accuracy,recall,duration,f1,auc
0.4339847068819031,0.6409090909090909,0.5411125597566276,51.94553804397583,0.47026455026455033,0.7795852567039008
