precision,accuracy,recall,duration,f1,auc
0.9346590909090908,0.8949771689497716,0.8257575757575757,81.77422189712524,0.8595410055492039,0.022380669439492965
