precision,accuracy,recall,duration,f1,auc
0.9057214587737843,0.8767123287671232,0.8040701128936423,221.03024554252625,0.8351133543403697,0.06189344424638541
