precision,accuracy,recall,duration,f1,auc
0.5252394790657625,0.7363636363636363,0.5777777777777778,57.07337427139282,0.5429742388758783,0.6663448562233988
