precision,accuracy,recall,duration,f1,auc
0.5494949494949495,0.7636363636363637,0.5971509971509972,922.8797142505646,0.5631205673758864,0.955883709932293
