precision,accuracy,recall,duration,f1,auc
0.5853641700474724,0.6415929203539823,0.5460977807599913,165.08468651771545,0.5530727992724027,0.8119458083053214
