precision,accuracy,recall,duration,f1,auc
0.990506329113924,0.9863636363636363,0.976923076923077,595.5132741928101,0.9833966441095822,0.0021836228287841195
