precision,accuracy,recall,duration,f1,auc
0.5337977296181631,0.7863636363636364,0.6199913081269014,149.6485092639923,0.5721340388007055,0.6797978552215841
