precision,accuracy,recall,duration,f1,auc
0.36505263157894735,0.5590909090909091,0.45071225071225074,1471.5592484474182,0.40096418732782374,0.7191010069552579
