precision,accuracy,recall,duration,f1,auc
0.527786369728838,0.75,0.5931623931623932,218.73222494125366,0.5538302277432713,0.749735284957957
