precision,accuracy,recall,duration,f1,auc
0.7253270323950414,0.6106194690265486,0.4985687525673203,13.392319202423096,0.5142264752791068,0.6566699786441969
