precision,accuracy,recall,duration,f1,auc
0.7195263290501387,0.7351598173515982,0.6710440848371882,204.11169910430908,0.6878283965586928,0.8969553409208583
