precision,accuracy,recall,duration,f1,auc
0.6697916666666667,0.6318181818181818,0.4607287449392712,44.184871435165405,0.4525610532745871,0.733898520133338
