precision,accuracy,recall,duration,f1,auc
0.6713040731647787,0.7442922374429224,0.6831219934668211,1089.1766648292542,0.6764789914770706,0.8554763619418791
