precision,accuracy,recall,duration,f1,auc
0.5428571428571428,0.8181818181818182,0.6558887440243373,88.01128959655762,0.593994475630402,0.7918707494978682
