precision,accuracy,recall,duration,f1,auc
0.5663410663410663,0.7990867579908676,0.6356670149773598,505.6228358745575,0.5946572427420581,0.8351425485046174
