precision,accuracy,recall,duration,f1,auc
0.8315304487179487,0.8590909090909091,0.8285359801488834,148.90698838233948,0.8300057329444901,0.08903225806451615
