precision,accuracy,recall,duration,f1,auc
0.5327044025157233,0.75,0.5931623931623932,136.78887963294983,0.5561159420289855,0.7491106958718294
