precision,accuracy,recall,duration,f1,auc
0.8994845360824743,0.8227272727272728,0.7,38.430381536483765,0.7298403602128531,0.030769230769230767
