val_loss,val_acc,loss,acc,lr
5.032346505385181,0.687782807182942,4.618161491600864,0.7003012055374054,0.009999999776482582
5.032346505385181,0.687782807182942,4.806299634726651,0.7018072296337909,0.009999999776482582
5.032346505385181,0.687782807182942,4.80629957727639,0.7018072289156626,0.009999999776482582
5.032346505385181,0.687782807182942,4.806299594511469,0.7018072289156626,0.009999999776482582
5.032346505385181,0.687782807182942,4.806299560041313,0.7018072281975344,0.009999999776482582
5.032346505385181,0.687782807182942,4.80629958589393,0.7018072281975344,0.009999999776482582
5.032346505385181,0.687782807182942,4.806299571531365,0.7018072296337909,0.004999999888241291
5.032346505385181,0.687782807182942,4.806299560041313,0.7018072281975344,0.004999999888241291
5.032346505385181,0.687782807182942,4.806299606001521,0.7018072281975344,0.004999999888241291
5.032346505385181,0.687782807182942,4.806299542806235,0.7018072289156626,0.004999999888241291
5.032346505385181,0.687782807182942,4.8062995485512605,0.7018072296337909,0.004999999888241291
5.032346505385181,0.687782807182942,4.8062995255711565,0.7018072296337909,0.0024999999441206455
5.032346505385181,0.687782807182942,4.8062995255711565,0.7018072296337909,0.0024999999441206455
5.032346505385181,0.687782807182942,4.806299537061209,0.7018072296337909,0.0024999999441206455
5.032346505385181,0.687782807182942,4.806299537061209,0.7018072281975344,0.0024999999441206455
5.032346505385181,0.687782807182942,4.806299565786339,0.7018072289156626,0.0024999999441206455
