precision,accuracy,recall,duration,f1,auc
0.9322033898305084,0.8904109589041096,0.8181818181818181,149.39228653907776,0.8525252525252526,0.01718162012279659
