val_loss,val_acc,loss,acc,lr
4.898835958969712,0.4954128440366973,0.8151361866311229,0.8263473053892215,0.009999999776482582
0.0822694606520859,0.963302752293578,0.3648042852918849,0.8832335329341318,0.009999999776482582
0.6201493481121115,0.7660550458715596,0.29978820650328913,0.9101796407185628,0.009999999776482582
0.18122225009044687,0.9403669724770642,0.18923205550535913,0.9416167664670658,0.009999999776482582
0.8278308432540471,0.8119266055045872,0.13208290459821698,0.9461077844311377,0.009999999776482582
0.25073514260274965,0.8853211009174312,0.11421022636880039,0.9625748502994012,0.009999999776482582
0.5240887653211087,0.9311926605504587,0.061862893360772366,0.9790419161676647,0.009999999776482582
0.4838352654550516,0.9220183486238532,0.046522459207605615,0.9805389221556886,0.0009999999310821295
0.4241164566467998,0.9311926605504587,0.025386486470272862,0.9925149700598802,0.0009999999310821295
0.4527035152633553,0.9311926605504587,0.02812321941844661,0.9910179640718563,0.0009999999310821295
0.4676205288155247,0.9220183486238532,0.04205397667750524,0.9880239520958084,0.0009999999310821295
0.41727058798426137,0.9357798165137615,0.025731908097604575,0.9910179640718563,0.0009999999310821295
0.47344310693206415,0.926605504587156,0.020560470311966946,0.9955089820359282,9.99999901978299e-05
0.46003972959639106,0.9311926605504587,0.03223864875363432,0.9880239520958084,9.99999901978299e-05
0.46324558263887167,0.926605504587156,0.03891592238333741,0.9850299401197605,9.99999901978299e-05
0.4643798203061466,0.926605504587156,0.03045758519051206,0.9925149700598802,9.99999901978299e-05
0.4744751482656559,0.926605504587156,0.040817798238034934,0.9895209580838323,9.99999901978299e-05
