precision,accuracy,recall,duration,f1,auc
0.8198367859384809,0.827433628318584,0.870377101317583,18.122069358825684,0.8196328810853951,0.025897319400272612
