precision,accuracy,recall,duration,f1,auc
0.9936305732484076,0.9911504424778761,0.9859154929577465,1375.1811609268188,0.9896520146520147,0.0001817355747387556
