precision,accuracy,recall,duration,f1,auc
0.5555555555555555,0.7318181818181818,0.5538461538461538,14.189152717590332,0.5320987654320989,0.7109969813359646
