precision,accuracy,recall,duration,f1,auc
0.5739768383067092,0.6727272727272727,0.592533211177279,194.39794921875,0.5780864197530865,0.8499318745081457
