val_loss,val_acc,loss,acc,lr
0.421406475227638,0.7828054298642534,0.3388034294482814,0.8418674698795181,9.999999747378752e-06
0.30016768749748524,0.8823529411764706,0.26248844899798196,0.891566265060241,9.999999747378752e-06
0.5555557974718766,0.9004524886877828,0.22786693706973848,0.9141566265060241,9.999999747378752e-06
0.31073639944392756,0.9004524886877828,0.21311682430152074,0.9171686746987951,9.999999747378752e-06
0.49340140265938076,0.8959276018099548,0.2014250334812306,0.9262048192771084,9.999999747378752e-06
0.4618307135804826,0.9004524886877828,0.1985836109281125,0.9322289156626506,9.999999747378752e-06
0.47164193586375164,0.9004524886877828,0.1706428016614483,0.9382530120481928,9.999999747378752e-06
0.43770909368306826,0.9049773755656109,0.19138288638745266,0.9292168674698795,9.999999747378752e-06
0.3814180267567902,0.8959276018099548,0.16354566282334637,0.9397590361445783,9.999999747378752e-06
0.3819354473890553,0.8914027149321267,0.15760209414187865,0.947289156626506,9.999999747378752e-06
0.40314430831222126,0.8959276018099548,0.16662027810823665,0.9427710843373494,9.999999747378752e-06
0.3607933456493494,0.9004524886877828,0.16567550210214882,0.9397590361445783,9.999999747378752e-06
0.36115882851210734,0.9004524886877828,0.1679796276064253,0.9382530120481928,4.999999873689376e-06
0.3361752987829425,0.9004524886877828,0.14778997391709184,0.9412650602409639,4.999999873689376e-06
0.40947816848393315,0.9004524886877828,0.16798276650012436,0.9457831325301205,4.999999873689376e-06
0.4605090437680279,0.9004524886877828,0.15131045684936534,0.9548192771084337,4.999999873689376e-06
0.5090204574103504,0.9049773755656109,0.14305949258247772,0.9457831325301205,4.999999873689376e-06
