val_loss,val_acc,loss,acc,lr
7.516959351809038,0.5336322869955157,7.577695630468271,0.527190332326284,0.009999999776482582
7.516959351809038,0.5336322869955157,7.596443786361786,0.5287009063444109,0.009999999776482582
7.516959351809038,0.5336322869955157,7.5964437831204465,0.5287009063444109,0.009999999776482582
7.516959351809038,0.5336322869955157,7.596443786001638,0.5287009063444109,0.009999999776482582
7.516959351809038,0.5336322869955157,7.596443786361786,0.5287009063444109,0.009999999776482582
7.516959351809038,0.5336322869955157,7.596443786361786,0.5287009063444109,0.009999999776482582
7.516959351809038,0.5336322869955157,7.596443786721935,0.5287009063444109,0.0009999999310821295
7.516959351809038,0.5336322869955157,7.596443787082085,0.5287009063444109,0.0009999999310821295
7.516959351809038,0.5336322869955157,7.596443783840744,0.5287009063444109,0.0009999999310821295
7.516959351809038,0.5336322869955157,7.59644378528134,0.5287009063444109,0.0009999999310821295
7.516959351809038,0.5336322869955157,7.5964437831204465,0.5287009063444109,0.0009999999310821295
7.516959351809038,0.5336322869955157,7.596443784561042,0.5287009063444109,9.99999901978299e-05
7.516959351809038,0.5336322869955157,7.596443787442233,0.5287009063444109,9.99999901978299e-05
7.516959351809038,0.5336322869955157,7.5964437881625315,0.5287009063444109,9.99999901978299e-05
7.516959351809038,0.5336322869955157,7.5964437831204465,0.5287009063444109,9.99999901978299e-05
7.516959351809038,0.5336322869955157,7.596443785641489,0.5287009063444109,9.99999901978299e-05
