precision,accuracy,recall,duration,f1,auc
0.5616161616161616,0.7727272727272727,0.6074074074074075,35.94274663925171,0.5742316784869976,0.7488373300114191
