precision,accuracy,recall,duration,f1,auc
0.3398902846755607,0.5176991150442478,0.388477759210631,106.07155513763428,0.35826207043076436,0.6454210835328048
