precision,accuracy,recall,duration,f1,auc
0.9042028985507247,0.9223744292237442,0.9142899584076054,1817.0537214279175,0.908984231756509,0.040899187958011486
