precision,accuracy,recall,duration,f1,auc
0.8727272727272727,0.8818181818181818,0.8357320099255583,3993.933308362961,0.8510416666666665,0.1424317617866005
