precision,accuracy,recall,duration,f1,auc
0.8625287356321839,0.8909090909090909,0.8913151364764269,67.0867190361023,0.8742857142857143,0.05161290322580645
