precision,accuracy,recall,duration,f1,auc
0.5689526225083732,0.8136363636363636,0.6530638852672751,10.126959085464478,0.6061351522606134,0.9534004017054866
