val_loss,val_acc,loss,acc,lr
7.516959350739897,0.5336322869955157,7.576758636808828,0.5302114803625377,0.009999999776482582
7.516959350739897,0.5336322869955157,7.596443761871661,0.5287009063444109,0.009999999776482582
7.516959350739897,0.5336322869955157,7.596443763672405,0.5287009063444109,0.009999999776482582
7.516959350739897,0.5336322869955157,7.5964437615115115,0.5287009063444109,0.009999999776482582
7.516959350739897,0.5336322869955157,7.596443762591958,0.5287009063444109,0.009999999776482582
7.516959350739897,0.5336322869955157,7.596443762591958,0.5287009063444109,0.009999999776482582
7.516959350739897,0.5336322869955157,7.596443762591958,0.5287009063444109,0.009999999776482582
7.516959350739897,0.5336322869955157,7.596443761871661,0.5287009063444109,0.009999999776482582
7.516959350739897,0.5336322869955157,7.596443760431065,0.5287009063444109,0.009999999776482582
7.516959350739897,0.5336322869955157,7.596443763672405,0.5287009063444109,0.009999999776482582
7.516959350739897,0.5336322869955157,7.596443762591958,0.5287009063444109,0.009999999776482582
7.516959350739897,0.5336322869955157,7.596443759710767,0.5287009063444109,0.004999999888241291
7.516959350739897,0.5336322869955157,7.596443763312256,0.5287009063444109,0.004999999888241291
7.516959350739897,0.5336322869955157,7.596443762591958,0.5287009063444109,0.004999999888241291
7.516959350739897,0.5336322869955157,7.596443762591958,0.5287009063444109,0.004999999888241291
7.516959350739897,0.5336322869955157,7.59644376547315,0.5287009063444109,0.004999999888241291
