precision,accuracy,recall,duration,f1,auc
0.5680779569892472,0.8036529680365296,0.6407175200278649,831.391505241394,0.5983915223767623,0.7847186920462783
