precision,accuracy,recall,duration,f1,auc
0.6832962425415255,0.7181818181818181,0.7021530004580853,1457.4421615600586,0.6906015037593985,0.8699008656635775
