precision,accuracy,recall,duration,f1,auc
0.6888454011741683,0.7136363636363636,0.7232131740606317,300.7123203277588,0.6861874013488305,0.9175881226728685
