precision,accuracy,recall,duration,f1,auc
0.8909523809523809,0.9136363636363637,0.9074441687344914,19.793701887130737,0.8984820886460231,0.06987593052109181
