val_loss,val_acc,loss,acc,lr
0.6876912404215743,0.7194570135746606,0.48552223264677336,0.7951807228915663,9.999999747378752e-05
1.0590384269368411,0.746606334841629,0.36944900996175156,0.8524096385542169,9.999999747378752e-05
0.8834304034344355,0.7330316742081447,0.3046066870082574,0.8990963855421686,9.999999747378752e-05
1.2806937095212387,0.7058823529411765,0.24320554432560162,0.9262048192771084,9.999999747378752e-05
1.3221756294252573,0.7420814479638009,0.2638517217037369,0.911144578313253,9.999999747378752e-05
1.3265488980710047,0.7828054298642534,0.22736601909083953,0.9322289156626506,9.999999747378752e-05
1.0401474025043644,0.7737556561085973,0.20675281787582908,0.9292168674698795,4.999999873689376e-05
1.1127439486914243,0.746606334841629,0.17971025674368243,0.947289156626506,4.999999873689376e-05
1.2809712546196512,0.7420814479638009,0.18811810140340893,0.9533132530120482,4.999999873689376e-05
1.2889192517563537,0.7420814479638009,0.19208274534847364,0.947289156626506,4.999999873689376e-05
1.323730519730248,0.7420814479638009,0.19083264738837458,0.9382530120481928,4.999999873689376e-05
1.2366351030886564,0.7420814479638009,0.17502231914998898,0.9457831325301205,2.499999936844688e-05
1.1619102725694965,0.7420814479638009,0.18822446328599052,0.9457831325301205,2.499999936844688e-05
1.322407146553514,0.7420814479638009,0.20261983205396009,0.9487951807228916,2.499999936844688e-05
1.3088173504645613,0.7420814479638009,0.1563771208888481,0.9548192771084337,2.499999936844688e-05
1.2393013224587464,0.7420814479638009,0.19904702089457627,0.9442771084337349,2.499999936844688e-05
