precision,accuracy,recall,duration,f1,auc
0.6227133768487152,0.6590909090909091,0.6174084123236666,137.3521852493286,0.6140237618961023,0.851780072119055
