precision,accuracy,recall,duration,f1,auc
0.5264857881136951,0.7181818181818181,0.5476749239461104,161.06975650787354,0.5216559861662089,0.7240535842230758
