precision,accuracy,recall,duration,f1,auc
0.5194408968355329,0.7318181818181818,0.5749287749287749,9.1943039894104,0.5392662528775825,0.80293205070533
