precision,accuracy,recall,duration,f1,auc
0.5975824175824176,0.65,0.5877479826632369,828.9584815502167,0.5906756062005791,0.8106945276436801
