precision,accuracy,recall,duration,f1,auc
0.8743961352657005,0.7699115044247787,0.6338028169014085,4347.061662435532,0.6392879066912216,0.01917310313493867
