precision,accuracy,recall,duration,f1,auc
0.9117499749574276,0.8310502283105022,0.6828960622064071,26.13979148864746,0.6626069891710408,0.9418215237180755
