precision,accuracy,recall,duration,f1,auc
0.818926885995159,0.8227272727272728,0.7848256339781763,27.886874437332153,0.7916617275169906,0.9119618967076595
