precision,accuracy,recall,duration,f1,auc
0.7395729890764647,0.7318181818181818,0.7873449131513648,2003.9570457935333,0.7221687108028852,0.1737965260545906
