precision,accuracy,recall,duration,f1,auc
0.846875,0.8681818181818182,0.8305210918114144,9.426129817962646,0.837968253968254,0.10550868486352358
