precision,accuracy,recall,duration,f1,auc
0.925,0.8767123287671232,0.7954545454545454,408.904123544693,0.8308880308880309,0.021786492374727667
