precision,accuracy,recall,duration,f1,auc
0.41294273419397554,0.6227272727272727,0.5159930465015211,61.99325466156006,0.45108220743429456,0.7269489176268836
