precision,accuracy,recall,duration,f1,auc
0.6045986655479644,0.7181818181818181,0.6331500992517941,282.05685448646545,0.6140416124300089,0.8561900231391757
