precision,accuracy,recall,duration,f1,auc
0.9041666666666667,0.9136363636363637,0.8851116625310174,1239.159040927887,0.8938412698412699,0.022531017369727055
