precision,accuracy,recall,duration,f1,auc
0.9201902748414377,0.8858447488584474,0.814913844325609,117.65597724914551,0.8473271799447868,0.07476728064963357
