precision,accuracy,recall,duration,f1,auc
0.7323717948717949,0.7772727272727272,0.7302729528535981,115.27402186393738,0.7312993843316135,0.13399503722084366
