precision,accuracy,recall,duration,f1,auc
0.34151785714285715,0.6769911504424779,0.4935483870967742,45.70014429092407,0.4036939313984169,0.5053157655611087
