precision,accuracy,recall,duration,f1,auc
0.72992124314985,0.7920353982300885,0.7193862518522343,397.0052545070648,0.7184557438794728,0.8350619060215623
