precision,accuracy,recall,duration,f1,auc
0.3509499759499759,0.5309734513274337,0.40817219702395163,19.937706470489502,0.37592554504319214,0.6592117601009938
