val_loss,val_acc,loss,acc,lr
4.805854147727336,0.7018348793371008,4.409871894085478,0.6991017890904478,0.0010000000474974513
4.805854147727336,0.7018348793371008,4.849906115474815,0.699101790518104,0.0010000000474974513
4.805854147727336,0.7018348793371008,4.849905903467875,0.6991017964071856,0.0010000000474974513
4.805854147727336,0.7018348793371008,4.8499060462334915,0.6991017919457602,0.0010000000474974513
4.805854147727336,0.7018348793371008,4.849905996265526,0.6991017890904478,0.0010000000474974513
4.805854147727336,0.7018348793371008,4.849906024104821,0.6991017933734163,0.0010000000474974513
4.805854147727336,0.7018348793371008,4.849905953435841,0.6991017933734163,0.0010000000474974513
4.805854147727336,0.7018348793371008,4.849906041950523,0.699101799440955,0.0010000000474974513
4.805854147727336,0.7018348793371008,4.849906000548494,0.6991017992624979,0.0010000000474974513
4.805854147727336,0.7018348793371008,4.849905950580529,0.6991017846290223,0.0010000000474974513
4.805854147727336,0.7018348793371008,4.849906094773801,0.6991018051515796,0.0010000000474974513
4.805854147727336,0.7018348793371008,4.849905972709199,0.6991018008686112,0.00020000000949949026
4.805854147727336,0.7018348793371008,4.849906044805835,0.6991017964071856,0.00020000000949949026
4.805854147727336,0.7018348793371008,4.849906024104821,0.6991017992624979,0.00020000000949949026
4.805854147727336,0.7018348793371008,4.8499061169024715,0.6991017919457602,0.00020000000949949026
4.805854147727336,0.7018348793371008,4.849906091918489,0.6991017964071856,0.00020000000949949026
