precision,accuracy,recall,duration,f1,auc
0.554773082942097,0.8318181818181818,0.6666666666666666,209.9590880870819,0.6055944055944056,0.825330937195344
