precision,accuracy,recall,duration,f1,auc
0.5204301075268817,0.7727272727272727,0.6,908.1752390861511,0.5548229548229549,0.7033264033264034
