precision,accuracy,recall,duration,f1,auc
0.692859137233003,0.7534246575342466,0.6910460617357169,42.08980107307434,0.6919133690152379,0.8795374528133149
