precision,accuracy,recall,duration,f1,auc
0.3444976076555024,0.6545454545454545,0.4645161290322581,39.94796395301819,0.3956043956043956,0.4308684863523573
