precision,accuracy,recall,duration,f1,auc
0.39957210098416773,0.6045454545454545,0.49059829059829063,1115.5315041542053,0.4375,0.7309612789369875
