precision,accuracy,recall,duration,f1,auc
0.7698863636363636,0.7954545454545454,0.7074441687344913,62.6367027759552,0.7256021508356663,0.13409429280397023
