precision,accuracy,recall,duration,f1,auc
0.5791666666666667,0.8090909090909091,0.6410256410256411,56.06690955162048,0.6029736211031175,0.88528489375947
