val_loss,val_acc,loss,acc,lr
4.805854237407724,0.701834862658737,4.719997077644942,0.6751497002418884,0.0010000000474974513
4.805854237407724,0.701834862658737,4.849906001976151,0.6991017971210137,0.0010000000474974513
4.805854237407724,0.701834862658737,4.849905954863497,0.6991017956933575,0.0010000000474974513
4.805854237407724,0.701834862658737,4.849905956291153,0.6991017971210137,0.0010000000474974513
4.805854237407724,0.701834862658737,4.849906036239898,0.6991017971210137,0.0010000000474974513
4.805854237407724,0.701834862658737,4.849906017680368,0.6991017974779278,0.0010000000474974513
4.805854237407724,0.701834862658737,4.849906036239898,0.6991017971210137,0.00010000000474974513
4.805854237407724,0.701834862658737,4.849905922027405,0.6991017967640997,0.00010000000474974513
4.805854237407724,0.701834862658737,4.849905967712402,0.6991017971210137,0.00010000000474974513
4.805854237407724,0.701834862658737,4.849905902040219,0.6991017960502716,0.00010000000474974513
4.805854237407724,0.701834862658737,4.849905967712402,0.6991017971210137,0.00010000000474974513
4.805854237407724,0.701834862658737,4.84990598341662,0.6991017974779278,1.0000000656873453e-05
4.805854237407724,0.701834862658737,4.849906016252712,0.6991017974779278,1.0000000656873453e-05
4.805854237407724,0.701834862658737,4.8499060133973995,0.6991017967640997,1.0000000656873453e-05
4.805854237407724,0.701834862658737,4.849905990554901,0.6991017967640997,1.0000000656873453e-05
4.805854237407724,0.701834862658737,4.849905979133652,0.6991017971210137,1.0000000656873453e-05
