precision,accuracy,recall,duration,f1,auc
0.7642180479618904,0.7863636363636364,0.68792922477133,211.2340304851532,0.7115084148029106,0.8634831655074571
