precision,accuracy,recall,duration,f1,auc
0.9083333333333333,0.7990867579908676,0.6867321867321867,289.4238955974579,0.7334700429329585,0.9793696517834448
