precision,accuracy,recall,duration,f1,auc
0.6094613141190598,0.7636363636363637,0.6113252757320554,42.57755947113037,0.5862605778955589,0.8375471299200113
