precision,accuracy,recall,duration,f1,auc
0.7818684583390466,0.7168141592920354,0.6444624380886018,22.730982780456543,0.6791148897030262,0.7935971301929765
