precision,accuracy,recall,duration,f1,auc
0.8580188036517237,0.8454545454545455,0.7607940446650124,92.85872793197632,0.7887244379166196,0.07444168734491316
