precision,accuracy,recall,duration,f1,auc
0.49943977591036415,0.6894977168949772,0.5253396029258098,40.29417705535889,0.49755751494881933,0.715326611878336
