precision,accuracy,recall,duration,f1,auc
0.8908258463662021,0.8818181818181818,0.7874731315409281,39.09173798561096,0.8058862851239477,0.9454144496517379
