precision,accuracy,recall,duration,f1,auc
0.8726190476190476,0.8893805309734514,0.8697410268059973,11.976891994476318,0.8711545916854804,0.03907314856883236
