val_loss,val_acc,loss,acc,lr
4.731917990183612,0.7064220303789192,4.43582917395951,0.6762481097374309,0.0010000000474974513
4.731917990183612,0.7064220303789192,4.803728955776717,0.7019667216039822,0.0010000000474974513
4.731917990183612,0.7064220303789192,4.803729003388294,0.7019667156525351,0.0010000000474974513
4.731917990183612,0.7064220303789192,4.803728955776717,0.7019667156525351,0.0010000000474974513
4.731917990183612,0.7064220303789192,4.803728931970928,0.7019667156525351,0.0010000000474974513
4.731917990183612,0.7064220303789192,4.803728954153595,0.7019667082583129,0.0010000000474974513
4.731917990183612,0.7064220303789192,4.803728836747774,0.701966709701088,0.0010000000474974513
4.731917990183612,0.7064220303789192,4.803729098611448,0.7019667216039822,0.0010000000474974513
4.731917990183612,0.7064220303789192,4.8037288843593515,0.7019667156525351,0.0010000000474974513
4.731917990183612,0.7064220303789192,4.803728931970928,0.7019667216039822,0.0010000000474974513
4.731917990183612,0.7064220303789192,4.8037288843593515,0.7019667216039822,0.0010000000474974513
4.731917990183612,0.7064220303789192,4.803729120794115,0.7019667201612071,0.0005000000237487257
4.731917990183612,0.7064220303789192,4.80372902557096,0.7019667201612071,0.0005000000237487257
4.731917990183612,0.7064220303789192,4.803728860553562,0.701966709701088,0.0005000000237487257
4.731917990183612,0.7064220303789192,4.803729003388294,0.7019667156525351,0.0005000000237487257
4.731917990183612,0.7064220303789192,4.8037288843593515,0.701966709701088,0.0005000000237487257
