precision,accuracy,recall,duration,f1,auc
0.9281767955801106,0.8818181818181818,0.8,14.062955379486084,0.8363095238095237,0.011116625310173708
