precision,accuracy,recall,duration,f1,auc
0.8428484267410442,0.8672566371681416,0.8574284416174467,190.07987666130066,0.8493065433854907,0.048886869604725124
