val_loss,val_acc,loss,acc,lr
1.1873481828536594,0.7155963302752294,0.44080553139220363,0.8456883509833586,0.0010000000474974513
1.2938474892285372,0.4724770642201835,0.3747595797649355,0.8502269288956127,0.0010000000474974513
0.24700857862338568,0.8944954128440367,0.27697499066488407,0.8956127080181543,0.0010000000474974513
0.12655647228139644,0.9311926605504587,0.1493409491841908,0.9364599092284418,0.0010000000474974513
0.7190137029377334,0.7660550458715596,0.15873553738760257,0.9394856278366112,0.0010000000474974513
0.32332342436095773,0.8486238532110092,0.12220181949343674,0.9531013615733737,0.0010000000474974513
0.35453301566187306,0.8394495412844036,0.13740131245702703,0.9470499243570348,0.0010000000474974513
0.00326928124621012,1.0,0.135874421107153,0.9561270801815431,0.0010000000474974513
1.3876651349456273,0.6926605504587156,0.13365473943604325,0.9455370650529501,0.0010000000474974513
0.003327241205999584,1.0,0.11645515107861636,0.9591527987897126,0.0010000000474974513
0.8977932837117507,0.8027522935779816,0.11364047103144057,0.9606656580937972,0.0010000000474974513
4.055770227668486,0.3256880733944954,0.08375941409858693,0.9667170953101362,0.0010000000474974513
4.595628423428322,0.7064220183486238,0.12735385017843187,0.9606656580937972,0.0010000000474974513
0.1087717440295454,0.963302752293578,0.08986280769488032,0.9697428139183056,0.00010000000474974513
0.011620146886186226,0.9954128440366973,0.05448817220585542,0.989409984871407,0.00010000000474974513
0.005869830296097219,1.0,0.05149673906310973,0.9848714069591528,0.00010000000474974513
0.010293131767445354,0.9954128440366973,0.04400840265174085,0.9909228441754917,0.00010000000474974513
0.012756252992163571,0.9954128440366973,0.046717637688995506,0.9878971255673222,0.00010000000474974513
0.010950695704262575,0.9954128440366973,0.051143828344882895,0.9818456883509834,1.0000000656873453e-05
0.01023213086741551,0.9954128440366973,0.04854038413053973,0.9803328290468987,1.0000000656873453e-05
0.009768470130349103,0.9954128440366973,0.04581261865312794,0.9818456883509834,1.0000000656873453e-05
0.009597266066126861,0.9954128440366973,0.038931886292941184,0.989409984871407,1.0000000656873453e-05
0.01095750642682435,0.9954128440366973,0.03860648550937141,0.9878971255673222,1.0000000656873453e-05
