precision,accuracy,recall,duration,f1,auc
0.9057566877776728,0.9272727272727272,0.9260545905707196,475.66901898384094,0.9148606811145511,0.019950372208436727
