precision,accuracy,recall,duration,f1,auc
0.842268498006203,0.8272727272727273,0.7300248138957817,2943.2108998298645,0.7575124724445992,0.08545905707196032
