precision,accuracy,recall,duration,f1,auc
0.7087269626590347,0.6,0.6934517307398664,1398.7302839756012,0.6087800374400016,0.8303322879594067
