precision,accuracy,recall,duration,f1,auc
0.9239341085271318,0.9045454545454545,0.847394540942928,8.4540536403656,0.8749695542745799,0.04496277915632755
