precision,accuracy,recall,duration,f1,auc
0.52046783625731,0.6712328767123288,0.5334378265412748,15.33500599861145,0.5225766103814885,0.6800430916810227
