precision,accuracy,recall,duration,f1,auc
0.6377884734049117,0.6363636363636364,0.6682805360771463,113.08245253562927,0.62141859592349,0.8238768103174884
