precision,accuracy,recall,duration,f1,auc
0.3522727272727273,0.7045454545454546,0.5,160.49229168891907,0.41333333333333333,0.2572704714640199
