precision,accuracy,recall,duration,f1,auc
0.8212560386473431,0.8264840182648402,0.8003591365660331,221.33127117156982,0.7994740609479533,0.9659155628983216
