precision,accuracy,recall,duration,f1,auc
0.5606905990104222,0.7909090909090909,0.6205128205128205,1097.677270412445,0.5830346475507766,0.8694233999318746
