precision,accuracy,recall,duration,f1,auc
0.90625,0.9318181818181818,0.9516129032258065,29.7650043964386,0.9228521332554062,0.021141439205955348
