val_loss,val_acc,loss,acc,lr
4.77037799304911,0.7040358727021068,4.733339665879655,0.6797583090574719,0.0010000000474974513
4.77037799304911,0.7040358727021068,4.893862840992447,0.6963746230767933,0.0010000000474974513
4.77037799304911,0.7040358727021068,4.893862852517212,0.6963746230767933,0.0010000000474974513
4.77037799304911,0.7040358727021068,4.893862869084061,0.696374622176421,0.0010000000474974513
4.77037799304911,0.7040358727021068,4.893862869084061,0.696374622176421,0.0010000000474974513
4.77037799304911,0.7040358727021068,4.893862858279594,0.6963746228967188,0.0010000000474974513
4.77037799304911,0.7040358727021068,4.893862838111255,0.6963746214561232,0.0010000000474974513
4.77037799304911,0.7040358727021068,4.893862788410705,0.696374622176421,0.0010000000474974513
4.77037799304911,0.7040358727021068,4.893862869084061,0.696374622176421,0.0010000000474974513
4.77037799304911,0.7040358727021068,4.893862846754829,0.6963746228967188,0.0010000000474974513
4.77037799304911,0.7040358727021068,4.89386279993547,0.696374622176421,0.0010000000474974513
4.77037799304911,0.7040358727021068,4.893862824425597,0.6963746216361977,0.0005000000237487257
4.77037799304911,0.7040358727021068,4.893862842433042,0.6963746225365699,0.0005000000237487257
4.77037799304911,0.7040358727021068,4.893862830908277,0.6963746225365699,0.0005000000237487257
4.77037799304911,0.7040358727021068,4.893862796333981,0.6963746225365699,0.0005000000237487257
4.77037799304911,0.7040358727021068,4.89386278697011,0.6963746227166444,0.0005000000237487257
