precision,accuracy,recall,duration,f1,auc
0.5736507936507936,0.6681818181818182,0.5441445494077073,834.7282145023346,0.5519012409565416,0.67776393646839
