precision,accuracy,recall,duration,f1,auc
0.6542718500137855,0.6902654867256637,0.6495110531873483,171.30364441871643,0.6239431350542461,0.8077956208775019
