precision,accuracy,recall,duration,f1,auc
0.3450429352068696,0.5272727272727272,0.4262108262108262,680.8494093418121,0.37819476174585653,0.6617939490409125
