precision,accuracy,recall,duration,f1,auc
0.8934010152284264,0.8090909090909091,0.676923076923077,48.148813247680664,0.7017045454545454,0.18272952853598015
