val_loss,val_acc,loss,acc,lr
5.032346505385181,0.687782807182942,4.552306798567255,0.6897590368627066,0.009999999776482582
5.032346505385181,0.687782807182942,4.80629961461906,0.7018072296337909,0.009999999776482582
5.032346505385181,0.687782807182942,4.806299565786339,0.7018072289156626,0.009999999776482582
5.032346505385181,0.687782807182942,4.806299502591052,0.7018072296337909,0.009999999776482582
5.032346505385181,0.687782807182942,4.806299600256494,0.7018072289156626,0.009999999776482582
5.032346505385181,0.687782807182942,4.806299594511469,0.7018072289156626,0.009999999776482582
5.032346505385181,0.687782807182942,4.806299600256494,0.7018072289156626,0.009999999776482582
5.032346505385181,0.687782807182942,4.806299571531365,0.7018072281975344,0.009999999776482582
5.032346505385181,0.687782807182942,4.806299617491573,0.7018072281975344,0.009999999776482582
5.032346505385181,0.687782807182942,4.80629957727639,0.7018072289156626,0.009999999776482582
5.032346505385181,0.687782807182942,4.8062995485512605,0.7018072281975344,0.009999999776482582
5.032346505385181,0.687782807182942,4.8062995973839815,0.7018072281975344,0.004999999888241291
5.032346505385181,0.687782807182942,4.806299568658852,0.7018072296337909,0.004999999888241291
5.032346505385181,0.687782807182942,4.806299600256494,0.7018072289156626,0.004999999888241291
5.032346505385181,0.687782807182942,4.8062995744038775,0.7018072281975344,0.004999999888241291
5.032346505385181,0.687782807182942,4.806299519826131,0.7018072289156626,0.004999999888241291
