precision,accuracy,recall,duration,f1,auc
0.963613306018925,0.9727272727272728,0.971712158808933,742.2913119792938,0.9675324675324677,0.00119106699751861
