val_loss,val_acc,loss,acc,lr
3.470888177666526,0.7040358744394619,0.875793374120175,0.8534743202416919,0.009999999776482582
11.322897081417887,0.29596412556053814,0.7405358745205678,0.8761329305135952,0.009999999776482582
10.246532683949834,0.29596412556053814,0.42255481685361806,0.877643504531722,0.009999999776482582
0.635624972977592,0.7533632286995515,0.2272146889019078,0.9365558912386707,0.009999999776482582
0.7196090309553337,0.7488789239004588,0.22332814218183353,0.9305135951661632,0.009999999776482582
0.16742476317490002,0.9596412556053812,0.172950207012179,0.9441087613293051,0.009999999776482582
2.2285166416496347,0.5560538116591929,0.16158289885740332,0.9425981873111783,0.009999999776482582
0.12410665001880261,0.950672645873553,0.16052296466672944,0.9441087613293051,0.009999999776482582
0.044605909162652044,0.9865470852017937,0.14051341916524987,0.947129909365559,0.009999999776482582
2.453839280255206,0.5560538119264782,0.11970667484364725,0.9561933534743202,0.009999999776482582
0.45543268732016595,0.7668161436314006,0.10882208075192708,0.9577039274924471,0.009999999776482582
0.11779684159780633,0.9461883410744603,0.1102635123765376,0.9637462235649547,0.009999999776482582
0.16997589055421436,0.9103139016125769,0.10262232620825286,0.9652567975830816,0.009999999776482582
1.1981844361395597,0.8789237668161435,0.10957120423790087,0.9607250755287009,0.009999999776482582
0.26084469809502947,0.9103139013452914,0.07699681447130055,0.9697885196374623,0.004999999888241291
0.09856115220391443,0.9506726457399103,0.05696868817101699,0.9833836858006042,0.004999999888241291
0.20079309827848485,0.932735426276254,0.06388866407986662,0.9803625377643505,0.004999999888241291
0.20381693371654586,0.9192825112107623,0.05530911673792762,0.9833836858006042,0.004999999888241291
0.7793487940864082,0.7668161434977578,0.07260637600003887,0.9712990936555891,0.004999999888241291
0.5612070320499252,0.9013452914798207,0.04642852732024254,0.986404833836858,0.0024999999441206455
0.6544398352211972,0.8968609865470852,0.02995271381286222,0.9924471299093656,0.0024999999441206455
0.4614489734022916,0.9103139013452914,0.01982495376679525,0.9954682779456193,0.0024999999441206455
0.5599884021536897,0.8475336324206382,0.03213363719541179,0.9909365558912386,0.0024999999441206455
0.5645418637216245,0.8968609865470852,0.021847416240544943,0.9954682779456193,0.0024999999441206455
