precision,accuracy,recall,duration,f1,auc
0.6551041551041551,0.6727272727272727,0.6543747136967476,350.0926101207733,0.6442178311844845,0.8516955025429601
