precision,accuracy,recall,duration,f1,auc
0.9429411764705882,0.9227272727272727,0.8736972704714641,775.2684173583984,0.8999331103678929,0.009032258064516132
