precision,accuracy,recall,duration,f1,auc
0.7518026700935246,0.7863636363636364,0.7868376851427699,2093.0319085121155,0.7560753736192334,0.9176298201721931
