precision,accuracy,recall,duration,f1,auc
0.8829575596816976,0.8716814159292036,0.8148568832348932,3803.1197056770325,0.8380408728099439,0.1683780099954566
