precision,accuracy,recall,duration,f1,auc
0.5384542705971277,0.8,0.6330725771403737,7.40363883972168,0.5814442455125556,0.8249239461103869
