precision,accuracy,recall,duration,f1,auc
0.43851777999335323,0.65,0.5536723163841808,1380.8042438030243,0.4731578075840371,0.6746620153399814
