precision,accuracy,recall,duration,f1,auc
0.8904297851074463,0.8772727272727273,0.8101736972704715,2131.73189163208,0.8373449437279226,0.20803970223325063
