val_loss,val_acc,loss,acc,lr
1.4026301111497315,0.7873303167420814,0.5782068593428294,0.8448795180722891,0.0010000000474974513
0.4395095621635986,0.8914027149321267,0.2510217008814626,0.9096385542168675,0.0010000000474974513
1.5436743669653998,0.6968325791855203,0.14951974672360202,0.9487951807228916,0.0010000000474974513
1.5209916513249893,0.7692307692307693,0.14567202187228473,0.9457831325301205,0.0010000000474974513
0.7137065214888046,0.8009049773755657,0.09253678385221613,0.963855421686747,0.0010000000474974513
2.598991917249779,0.5972850678733032,0.10494465056934088,0.9593373493975904,0.0010000000474974513
0.17826862440435282,0.9321266968325792,0.10469932818909089,0.9653614457831325,0.0010000000474974513
0.1281811925083168,0.9502262443438914,0.05443875040715744,0.9819277108433735,0.0010000000474974513
0.5271323738584662,0.7963800904977375,0.08817170036903019,0.9623493975903614,0.0010000000474974513
0.35818445091898543,0.8868778280542986,0.03491746208890684,0.9879518072289156,0.0010000000474974513
1.5637790762241857,0.583710407239819,0.036297548263316555,0.9909638554216867,0.0010000000474974513
0.18628849451523072,0.9457013574660633,0.01251663047183815,0.9984939759036144,0.0010000000474974513
0.31632155782455207,0.8959276018099548,0.02156729588337642,0.9924698795180723,0.0010000000474974513
0.4320101721153655,0.8733031674208145,0.019762292577607116,0.9924698795180723,0.0005000000237487257
0.23091159234060624,0.918552036199095,0.009902465363129194,0.9984939759036144,0.0005000000237487257
0.27699108011612694,0.9140271493212669,0.0047518260509977735,1.0,0.0005000000237487257
0.3643792821419834,0.8959276018099548,0.005632491317095606,1.0,0.0005000000237487257
0.28809722763129403,0.918552036199095,0.006038519925396141,0.9984939759036144,0.0005000000237487257
0.37820914709156667,0.8914027149321267,0.005003414778462706,1.0,0.0002500000118743628
0.40924691247240785,0.8823529411764706,0.003541633116298496,1.0,0.0002500000118743628
0.31051455281355855,0.9095022624434389,0.0034800598862942474,1.0,0.0002500000118743628
0.289485988233447,0.9095022624434389,0.0062347196382129865,0.9969879518072289,0.0002500000118743628
0.25797485727753927,0.9276018099547512,0.0022101932937644104,1.0,0.0002500000118743628
