precision,accuracy,recall,duration,f1,auc
0.7659248672927725,0.8045454545454546,0.758560794044665,176.51945686340332,0.7620185655706775,0.13141439205955335
