precision,accuracy,recall,duration,f1,auc
0.9007147162662533,0.9203539823008849,0.9228532485233985,8.583683252334595,0.9101986754966886,0.03298500681508405
