precision,accuracy,recall,duration,f1,auc
0.8823529411764706,0.9090909090909091,0.935483870967742,38.049564361572266,0.8988505747126436,0.006054590570719604
