precision,accuracy,recall,duration,f1,auc
0.9936305732484076,0.990909090909091,0.9846153846153847,175.28996920585632,0.9889823717948718,9.925558312655113e-05
