val_loss,val_acc,loss,acc,lr
4.731917997019009,0.7064220183486238,4.805356510287876,0.7019667170953101,9.999999747378752e-05
4.731917997019009,0.7064220183486238,4.803728944955904,0.7019667170953101,9.999999747378752e-05
4.731917997019009,0.7064220183486238,4.803728943693476,0.7019667170953101,9.999999747378752e-05
4.731917997019009,0.7064220183486238,4.803728944775558,0.7019667170953101,9.999999747378752e-05
4.731917997019009,0.7064220183486238,4.80372894639868,0.7019667170953101,9.999999747378752e-05
4.731917997019009,0.7064220183486238,4.803728942791741,0.7019667170953101,9.999999747378752e-05
4.731917997019009,0.7064220183486238,4.803728944955904,0.7019667170953101,4.999999873689376e-05
4.731917997019009,0.7064220183486238,4.803728944234517,0.7019667170953101,4.999999873689376e-05
4.731917997019009,0.7064220183486238,4.803728942250701,0.7019667170953101,4.999999873689376e-05
4.731917997019009,0.7064220183486238,4.803728945857639,0.7019667170953101,4.999999873689376e-05
4.731917997019009,0.7064220183486238,4.803728943693476,0.7019667170953101,4.999999873689376e-05
4.731917997019009,0.7064220183486238,4.803728941890007,0.7019667170953101,2.499999936844688e-05
4.731917997019009,0.7064220183486238,4.803728945857639,0.7019667170953101,2.499999936844688e-05
4.731917997019009,0.7064220183486238,4.80372894405417,0.7019667170953101,2.499999936844688e-05
4.731917997019009,0.7064220183486238,4.8037289445952105,0.7019667170953101,2.499999936844688e-05
4.731917997019009,0.7064220183486238,4.803728944955905,0.7019667170953101,2.499999936844688e-05
