precision,accuracy,recall,duration,f1,auc
0.574119167869168,0.6027397260273972,0.5510934131623787,17.258403778076172,0.5594090830399908,0.8033221309083377
