precision,accuracy,recall,duration,f1,auc
0.7462072037673412,0.7272727272727273,0.6759047182775996,2741.246171236038,0.6661736238924046,0.6455718430294701
