precision,accuracy,recall,duration,f1,auc
0.5461413649731265,0.672566371681416,0.4985676772499403,1259.7906532287598,0.4897590298138865,0.7511016626557327
