precision,accuracy,recall,duration,f1,auc
0.9209199360472267,0.9,0.8397022332506203,901.5233631134033,0.8682491289198606,0.1844665012406948
