val_loss,val_acc,loss,acc,lr
7.58923772632274,0.5291479820627802,7.21442281083398,0.49848942643205923,0.0010000000474974513
7.58923772632274,0.5291479820627802,7.572096189343317,0.5302114794621655,0.0010000000474974513
7.58923772632274,0.5291479820627802,7.572096340605859,0.5302114802725005,0.0010000000474974513
7.58923772632274,0.5291479820627802,7.572096173496765,0.5302114801824633,0.0010000000474974513
7.58923772632274,0.5291479820627802,7.572096294506799,0.5302114802725005,0.0010000000474974513
7.58923772632274,0.5291479820627802,7.5720962426453555,0.530211480812724,0.0010000000474974513
7.58923772632274,0.5291479820627802,7.572096219595825,0.530211480812724,0.0010000000474974513
7.58923772632274,0.5291479820627802,7.572096268576077,0.5302114807226866,0.0010000000474974513
7.58923772632274,0.5291479820627802,7.572096163412596,0.5302114809027612,0.0010000000474974513
7.58923772632274,0.5291479820627802,7.572096153328426,0.5302114803625377,0.0010000000474974513
7.58923772632274,0.5291479820627802,7.5720962527295255,0.5302114800023888,0.0010000000474974513
7.58923772632274,0.5291479820627802,7.572096294506799,0.5302114802725005,0.0005000000237487257
7.58923772632274,0.5291479820627802,7.572096370858368,0.5302114809027612,0.0005000000237487257
7.58923772632274,0.5291479820627802,7.572096248407738,0.5302114802725005,0.0005000000237487257
7.58923772632274,0.5291479820627802,7.572096258491908,0.5302114794621655,0.0005000000237487257
7.58923772632274,0.5291479820627802,7.572096291625607,0.5302114803625377,0.0005000000237487257
