precision,accuracy,recall,duration,f1,auc
0.6047615540545279,0.589041095890411,0.5872024061679234,39.15425372123718,0.5806818181818182,0.8139120703775875
