precision,accuracy,recall,duration,f1,auc
0.46358858858858865,0.6909090909090909,0.5492877492877493,380.89846873283386,0.5022632327962172,0.7161320460915602
