precision,accuracy,recall,duration,f1,auc
0.5742100220369838,0.6045454545454545,0.5873909111197246,28.231428146362305,0.5533004463237021,0.8784652971093649
