precision,accuracy,recall,duration,f1,auc
0.9081524052788421,0.9136363636363637,0.8806451612903226,79.56122922897339,0.8927957733836014,0.0622332506203474
