precision,accuracy,recall,duration,f1,auc
0.8740320645653834,0.8672566371681416,0.8116310767832804,27.914286136627197,0.8333005507474429,0.03153112221717401
