val_loss,val_acc,loss,acc,lr
4.77037799304911,0.7040358727021068,4.679785786798713,0.6903323261039135,0.009999999776482582
4.77037799304911,0.7040358727021068,4.893862855398403,0.6963746219963466,0.009999999776482582
4.77037799304911,0.7040358727021068,4.8938628129008315,0.6963746216361977,0.009999999776482582
4.77037799304911,0.7040358727021068,4.893862817942916,0.6963746230767933,0.009999999776482582
4.77037799304911,0.7040358727021068,4.893862835230064,0.6963746228967188,0.009999999776482582
4.77037799304911,0.7040358727021068,4.893862840992447,0.6963746230767933,0.009999999776482582
4.77037799304911,0.7040358727021068,4.893862815061725,0.6963746214561232,0.001999999862164259
4.77037799304911,0.7040358727021068,4.893862840992447,0.6963746230767933,0.001999999862164259
4.77037799304911,0.7040358727021068,4.893862840992447,0.6963746230767933,0.001999999862164259
4.77037799304911,0.7040358727021068,4.893862789851301,0.6963746216361977,0.001999999862164259
4.77037799304911,0.7040358727021068,4.8938628330691705,0.6963746227166444,0.001999999862164259
4.77037799304911,0.7040358727021068,4.893862866923168,0.6963746219963466,0.0003999999607913196
4.77037799304911,0.7040358727021068,4.893862858999892,0.6963746216361977,0.0003999999607913196
4.77037799304911,0.7040358727021068,4.893862784809216,0.6963746225365699,0.0003999999607913196
4.77037799304911,0.7040358727021068,4.893862840992447,0.6963746230767933,0.0003999999607913196
4.77037799304911,0.7040358727021068,4.893862840992447,0.6963746230767933,0.0003999999607913196
