precision,accuracy,recall,duration,f1,auc
0.9397041420118344,0.9178082191780822,0.8679441473559121,9.648632764816284,0.894463482544442,0.030600118835412946
