val_loss,val_acc,loss,acc,lr
4.805854237407724,0.701834862658737,4.619771292109689,0.6841317361700321,0.0010000000474974513
4.805854237407724,0.701834862658737,4.849905973423027,0.6991017953364435,0.0010000000474974513
4.805854237407724,0.701834862658737,4.849905966284746,0.6991017956933575,0.0010000000474974513
4.805854237407724,0.701834862658737,4.849905977705996,0.6991017956933575,0.0010000000474974513
4.805854237407724,0.701834862658737,4.849905984844276,0.6991017953364435,0.0010000000474974513
4.805854237407724,0.701834862658737,4.849905990554901,0.6991017953364435,0.0010000000474974513
4.805854237407724,0.701834862658737,4.849905899184907,0.6991017971210137,0.0010000000474974513
4.805854237407724,0.701834862658737,4.84990597627834,0.6991017956933575,0.0010000000474974513
4.805854237407724,0.701834862658737,4.849905970567715,0.6991017960502716,0.0010000000474974513
4.805854237407724,0.701834862658737,4.849906053371772,0.6991017953364435,0.0010000000474974513
4.805854237407724,0.701834862658737,4.849905922027405,0.6991017971210137,0.0010000000474974513
4.805854237407724,0.701834862658737,4.84990592773803,0.6991017953364435,0.0005000000237487257
4.805854237407724,0.701834862658737,4.849905973423027,0.6991017964071856,0.0005000000237487257
4.805854237407724,0.701834862658737,4.849906027673961,0.6991017960502716,0.0005000000237487257
4.805854237407724,0.701834862658737,4.849906061937709,0.6991017960502716,0.0005000000237487257
4.805854237407724,0.701834862658737,4.849905989127245,0.6991017974779278,0.0005000000237487257
