precision,accuracy,recall,duration,f1,auc
0.6497282608695653,0.7123287671232876,0.6446007135662307,42.04511284828186,0.646953046953047,0.8565542423301045
