precision,accuracy,recall,duration,f1,auc
0.95351345798233,0.954337899543379,0.9371657754010695,911.7112882137299,0.9448084677419355,0.02376708259061199
