precision,accuracy,recall,duration,f1,auc
0.7633634154807358,0.7954545454545454,0.8012406947890819,723.1115307807922,0.7731387062031669,0.1088833746898263
