precision,accuracy,recall,duration,f1,auc
0.7096103896103896,0.7534246575342466,0.6598336304218657,4038.299079656601,0.6722283813747228,0.34095860566448805
