precision,accuracy,recall,duration,f1,auc
0.6185507246376811,0.6757990867579908,0.6215092097445039,1203.4727115631104,0.6198753208654199,0.26936026936026936
