precision,accuracy,recall,duration,f1,auc
0.508160949637776,0.6090909090909091,0.42279202279202277,681.5900340080261,0.3860437256663672,0.7293556870479948
