precision,accuracy,recall,duration,f1,auc
0.1047197640117994,0.3141592920353982,0.3333333333333333,674.9844059944153,0.15937149270482603,0.5028248587570622
