precision,accuracy,recall,duration,f1,auc
0.5396825396825397,0.6727272727272727,0.49230769230769234,3.9903452396392822,0.47017973856209155,0.7993125483004025
