precision,accuracy,recall,duration,f1,auc
0.6833398633059075,0.6504424778761062,0.5678557526253875,17.6451256275177,0.5962134071890169,0.8060987700519808
