precision,accuracy,recall,duration,f1,auc
0.32353870458135864,0.182648401826484,0.3358185771978876,1560.8628661632538,0.11881276104150006,0.7018619324653806
