precision,accuracy,recall,duration,f1,auc
0.8587962962962963,0.7227272727272728,0.5307692307692308,335.83426094055176,0.47576077190515254,9.925558312655113e-05
