precision,accuracy,recall,duration,f1,auc
0.68394867766431,0.7272727272727273,0.569727047146402,200.37617945671082,0.5585874799357945,0.22163771712158817
