precision,accuracy,recall,duration,f1,auc
0.8641648549012193,0.8909090909090909,0.8823821339950373,55.278177976608276,0.8722910216718265,0.047146401985111656
