precision,accuracy,recall,duration,f1,auc
0.6699901345479734,0.6272727272727273,0.6695408576764509,42.05692172050476,0.6197022674991784,0.8963646828053607
