precision,accuracy,recall,duration,f1,auc
0.516635886612142,0.7818181818181819,0.6286831812255541,495.26090931892395,0.5668609786256845,0.8969314164229418
