precision,accuracy,recall,duration,f1,auc
0.42433504933504934,0.6283185840707964,0.5208084666189227,13.401284217834473,0.4605191909539735,0.7603945554530419
