precision,accuracy,recall,duration,f1,auc
0.627614169867691,0.7818181818181819,0.6456581744717339,1342.5881969928741,0.6247055016956872,0.8464075548821312
