precision,accuracy,recall,duration,f1,auc
0.6195402298850574,0.6545454545454545,0.6276777429319802,76.6959855556488,0.6005681301699846,0.831186205762477
