precision,accuracy,recall,duration,f1,auc
0.6836293946603226,0.668141592920354,0.6463270384253912,187.71716141700745,0.6470589075840388,0.769857348396379
