precision,accuracy,recall,duration,f1,auc
0.0984848484848485,0.29545454545454547,0.3333333333333333,6.370748043060303,0.152046783625731,0.6086761941012954
