precision,accuracy,recall,duration,f1,auc
0.7777777777777778,0.8362831858407079,0.7296566081478949,1556.7537486553192,0.7436274509803921,0.8711425677288651
