precision,accuracy,recall,duration,f1,auc
0.5117748917748918,0.6272727272727273,0.5349227770280401,124.05518436431885,0.5217051590414695,0.762181505703773
