precision,accuracy,recall,duration,f1,auc
0.9693251533742331,0.954337899543379,0.9242424242424243,123.77515649795532,0.9431936086324963,0.004555357496533966
