precision,accuracy,recall,duration,f1,auc
0.3549257759784075,0.5353982300884956,0.3979072173151906,200.7061824798584,0.3676321138211382,0.6325758797709143
