precision,accuracy,recall,duration,f1,auc
0.8733766233766234,0.8954545454545455,0.8766749379652605,16.36219620704651,0.8749969119790508,0.058759305210918114
