precision,accuracy,recall,duration,f1,auc
0.8875,0.7954545454545454,0.6538461538461539,9.068217515945435,0.671913835956918,0.2137965260545906
