val_loss,val_acc,loss,acc,lr
0.6446179761066696,0.6063348437865935,1.2508592124444893,0.6445783139711403,0.0010000000474974513
0.45016283632942994,0.7601809972281909,0.38624387225472784,0.8237951807228916,0.0010000000474974513
0.36639636795445263,0.8099547528842995,0.2736827950161624,0.8900602402457272,0.0010000000474974513
0.3363792449910177,0.8325791872734398,0.1898823455873742,0.9322289156626506,0.0010000000474974513
0.427211108925116,0.8461538479069239,0.1596172012119408,0.9397590361445783,0.0010000000474974513
0.4088528469137477,0.809954751400926,0.09208719234868705,0.9804216874651162,0.0010000000474974513
0.45203954332015095,0.7828054286505841,0.06145669672503529,0.9864457824144018,0.0010000000474974513
0.47645344588551586,0.7782805417727561,0.03919440539306905,0.9954819277108434,0.0010000000474974513
0.5051157907393183,0.7737556563783016,0.024475647742489736,1.0,0.0010000000474974513
0.5220273555134216,0.7737556563783016,0.015235139719064695,1.0,0.00020000000949949026
0.526016138797432,0.7828054286505841,0.013874225273548839,1.0,0.00020000000949949026
0.5377282988431766,0.7782805417727561,0.012752271852040866,1.0,0.00020000000949949026
0.5432902907623964,0.7782805417727561,0.011839667368814888,1.0,0.00020000000949949026
0.5438836482585285,0.7782805417727561,0.011335652074720487,1.0,0.00020000000949949026
0.5474361553451055,0.7782805417727561,0.010505072811775538,1.0,4.0000002627493814e-05
0.547891101820976,0.7782805417727561,0.01034587094313409,1.0,4.0000002627493814e-05
0.5496509804714859,0.7828054286505841,0.01022326542311404,1.0,4.0000002627493814e-05
0.5504968846006091,0.7782805417727561,0.010069682397486934,1.0,4.0000002627493814e-05
0.5520001906075629,0.7782805417727561,0.009906691308301616,1.0,4.0000002627493814e-05
