val_loss,val_acc,loss,acc,lr
4.731917990183612,0.7064220303789192,4.391081095643556,0.6717095316448298,0.0010000000474974513
4.731917990183612,0.7064220303789192,4.803728906542018,0.7019667082583129,0.0010000000474974513
4.731917990183612,0.7064220303789192,4.803728836747774,0.7019667156525351,0.0010000000474974513
4.731917990183612,0.7064220303789192,4.80372890816514,0.7019667037496408,0.0010000000474974513
4.731917990183612,0.7064220303789192,4.803729027194082,0.7019667275554293,0.0010000000474974513
4.731917990183612,0.7064220303789192,4.803728979582505,0.7019667216039822,0.0010000000474974513
4.731917990183612,0.7064220303789192,4.803729049376749,0.70196671420976,0.0010000000474974513
4.731917990183612,0.7064220303789192,4.803729027194082,0.701966709701088,0.0010000000474974513
4.731917990183612,0.7064220303789192,4.803728931970928,0.701966709701088,0.0010000000474974513
4.731917990183612,0.7064220303789192,4.80372890816514,0.701966709701088,0.0010000000474974513
4.731917990183612,0.7064220303789192,4.803728835124652,0.7019667082583129,0.0010000000474974513
4.731917990183612,0.7064220303789192,4.803728931970928,0.701966709701088,0.0005000000237487257
4.731917990183612,0.7064220303789192,4.80372890816514,0.701966709701088,0.0005000000237487257
4.731917990183612,0.7064220303789192,4.803729003388294,0.7019667156525351,0.0005000000237487257
4.731917990183612,0.7064220303789192,4.803728979582505,0.701966709701088,0.0005000000237487257
4.731917990183612,0.7064220303789192,4.803728930347806,0.70196671420976,0.0005000000237487257
