precision,accuracy,recall,duration,f1,auc
0.9058441558441559,0.9227272727272727,0.9094292803970223,24.272839784622192,0.9076064132019072,0.024714640198511176
