precision,accuracy,recall,duration,f1,auc
0.8496168582375478,0.8681818181818182,0.8260545905707196,2768.05854845047,0.8363724962170757,0.08625310173697273
