val_loss,val_acc,loss,acc,lr
7.58923772632274,0.5291479820627802,7.235257237339308,0.5287009056241131,0.009999999776482582
7.58923772632274,0.5291479820627802,7.57209636365539,0.5302114802725005,0.009999999776482582
7.58923772632274,0.5291479820627802,7.572096294506799,0.5302114802725005,0.009999999776482582
7.58923772632274,0.5291479820627802,7.572096258491908,0.5302114794621655,0.009999999776482582
7.58923772632274,0.5291479820627802,7.572096219595825,0.530211480812724,0.009999999776482582
7.58923772632274,0.5291479820627802,7.572096127397704,0.530211480812724,0.009999999776482582
7.58923772632274,0.5291479820627802,7.572096199427486,0.5302114803625377,0.009999999776482582
7.58923772632274,0.5291479820627802,7.5720963737395595,0.5302114794621655,0.009999999776482582
7.58923772632274,0.5291479820627802,7.572096258491908,0.5302114794621655,0.009999999776482582
7.58923772632274,0.5291479820627802,7.5720962224770165,0.5302114803625377,0.009999999776482582
7.58923772632274,0.5291479820627802,7.572096199427486,0.5302114803625377,0.009999999776482582
7.58923772632274,0.5291479820627802,7.572096187902721,0.5302114803625377,0.0009999999310821295
7.58923772632274,0.5291479820627802,7.572096350690029,0.5302114794621655,0.0009999999310821295
7.58923772632274,0.5291479820627802,7.5720962224770165,0.5302114803625377,0.0009999999310821295
7.58923772632274,0.5291479820627802,7.572096199427486,0.5302114803625377,0.0009999999310821295
7.58923772632274,0.5291479820627802,7.5720962224770165,0.5302114803625377,0.0009999999310821295
