precision,accuracy,recall,duration,f1,auc
0.5587412587412587,0.7545454545454545,0.5914529914529915,15.272299528121948,0.5672771672771673,0.8037175450130917
