precision,accuracy,recall,duration,f1,auc
0.8894519519519519,0.9136363636363637,0.9119106699751861,237.3802649974823,0.8993037989930379,0.023027295285359805
