precision,accuracy,recall,duration,f1,auc
0.875,0.7671232876712328,0.6136363636363636,342.31338763237,0.6137566137566137,0.06268568033273915
