precision,accuracy,recall,duration,f1,auc
0.8409090909090908,0.7863636363636364,0.647394540942928,59.863484621047974,0.6633128195109245,0.2579652605459057
