precision,accuracy,recall,duration,f1,auc
0.5551493667146707,0.7488584474885844,0.595350052246604,226.6167311668396,0.5691796778190831,0.8350778286123114
