precision,accuracy,recall,duration,f1,auc
0.886984126984127,0.8727272727272727,0.8024813895781637,1216.8287665843964,0.8303030303030303,0.03662531017369727
