precision,accuracy,recall,duration,f1,auc
0.8850779132791329,0.9070796460176991,0.9131758291685597,94.65824270248413,0.8962554921634205,0.0324398000908678
