val_loss,val_acc,loss,acc,lr
0.37161897245897063,0.9128440366972477,0.6683044494009955,0.7095310137960806,0.0010000000474974513
0.2210122236144652,0.9128440366972477,0.4156168156420409,0.8214826021630898,0.0010000000474974513
0.20066028402759395,0.908256880733945,0.3974085170522039,0.8411497730711044,0.0010000000474974513
0.1535648946573428,0.9495412844036697,0.2942808712529703,0.8850226928895613,0.0010000000474974513
0.15121297745051188,0.9311926605504587,0.257179548448225,0.8819969743715653,0.0010000000474974513
0.166996438808124,0.926605504587156,0.26078779352955667,0.8804841150223939,0.0010000000474974513
0.18342288448518024,0.9220183486238532,0.21561245403834442,0.913767019667171,0.0010000000474974513
0.15047615383743146,0.944954128440367,0.167366083807195,0.9364599093186152,0.0010000000474974513
0.1653376047995044,0.9266055034934928,0.14346692349857534,0.9364599092284418,0.0010000000474974513
0.1523761930939562,0.9403669724770642,0.17353177531629396,0.9304084720121029,0.0010000000474974513
0.25096306432072724,0.908256880733945,0.1703396011003027,0.9258698942801956,0.0010000000474974513
0.1588627886317602,0.944954128440367,0.22383500150941685,0.9092284417549168,0.0010000000474974513
0.15679592602894804,0.926605504587156,0.15635477340077128,0.9319213313612743,0.0010000000474974513
0.24676551389050833,0.9036697247706422,0.16941011655348692,0.9364599093186152,0.0010000000474974513
0.15114833730691618,0.926605504587156,0.11635314969771433,0.9500756429652042,0.0010000000474974513
0.19160998181905597,0.9174311926605505,0.17798576097630397,0.924357034795764,0.0010000000474974513
0.20804808584817283,0.9403669724770642,0.10941987341543188,0.9500756429652042,0.0010000000474974513
0.17049631740312612,0.926605504587156,0.10373075215114949,0.9576399394856279,0.0010000000474974513
0.20050738055532405,0.9036697247706422,0.06533066278644774,0.9742813918305597,0.00010000000474974513
0.2080534325886962,0.9036697247706422,0.05524814619475612,0.9863842662632375,0.00010000000474974513
0.16912705469406594,0.9174311926605505,0.049883688135712256,0.983358547655068,0.00010000000474974513
0.2440926089088236,0.908256880733945,0.04007803283366917,0.989409984871407,0.00010000000474974513
0.1968610788163635,0.9036697247706422,0.050479354822068404,0.9863842662632375,0.00010000000474974513
