precision,accuracy,recall,duration,f1,auc
0.9229220779220779,0.8904109589041096,0.8224896019013666,11.109068632125854,0.8543237250554323,0.038423450188156065
