precision,accuracy,recall,duration,f1,auc
0.8821594427244581,0.9045454545454545,0.892059553349876,75.8269636631012,0.8868506771815533,0.024317617866004962
