precision,accuracy,recall,duration,f1,auc
0.4099234099234099,0.6318181818181818,0.49401709401709404,251.98384928703308,0.4480317804261466,0.7745331441687716
