precision,accuracy,recall,duration,f1,auc
0.4305555555555555,0.5454545454545454,0.3458930899608866,7125.300555467606,0.26251844137811337,0.6570926859062453
