precision,accuracy,recall,duration,f1,auc
0.530069226901806,0.7272727272727273,0.562962962962963,886.0629229545593,0.5335182059319991,0.7501758999734708
