val_loss,val_acc,loss,acc,lr
4.9149351547651765,0.6950672549517165,4.4707606267352835,0.6993957658908878,0.0010000000474974513
4.9149351547651765,0.6950672549517165,4.845167792455667,0.6993957703927492,0.0010000000474974513
4.9149351547651765,0.6950672549517165,4.845167770486584,0.6993957718333449,0.0010000000474974513
4.9149351547651765,0.6950672549517165,4.845167792455667,0.6993957644502922,0.0010000000474974513
4.9149351547651765,0.6950672549517165,4.8451678180262405,0.6993957718333449,0.0010000000474974513
4.9149351547651765,0.6950672549517165,4.845167794256412,0.6993957718333449,0.0010000000474974513
4.9149351547651765,0.6950672549517165,4.845167770486584,0.6993957658908878,0.0010000000474974513
4.9149351547651765,0.6950672549517165,4.845167699177099,0.6993957658908878,0.0010000000474974513
4.9149351547651765,0.6950672549517165,4.8451678180262405,0.699395777775802,0.0010000000474974513
4.9149351547651765,0.6950672549517165,4.8451678180262405,0.6993957658908878,0.0010000000474974513
4.9149351547651765,0.6950672549517165,4.845167697376355,0.6993957763352063,0.0010000000474974513
4.9149351547651765,0.6950672549517165,4.845167721146183,0.6993957763352063,0.00020000000949949026
4.9149351547651765,0.6950672549517165,4.845167648396103,0.6993957630096965,0.00020000000949949026
4.9149351547651765,0.6950672549517165,4.845167627867615,0.6993957658908878,0.00020000000949949026
4.9149351547651765,0.6950672549517165,4.845167697376355,0.6993957703927492,0.00020000000949949026
4.9149351547651765,0.6950672549517165,4.845167841796068,0.6993957599484308,0.00020000000949949026
