precision,accuracy,recall,duration,f1,auc
0.4525252525252525,0.6818181818181818,0.5116809116809117,1828.7770211696625,0.47269503546099295,0.6662473903364592
