val_loss,val_acc,loss,acc,lr
4.805854215534457,0.7018348623853211,4.851565806273215,0.6976047904191617,0.009999999776482582
4.805854215534457,0.7018348623853211,4.849906008400603,0.6991017964071856,0.009999999776482582
4.805854215534457,0.7018348623853211,4.8499060069729465,0.6991017964071856,0.009999999776482582
4.805854215534457,0.7018348623853211,4.849906011255915,0.6991017964071856,0.009999999776482582
4.805854215534457,0.7018348623853211,4.849906008757517,0.6991017964071856,0.009999999776482582
4.805854215534457,0.7018348623853211,4.849906008400603,0.6991017964071856,0.009999999776482582
4.805854215534457,0.7018348623853211,4.849906009114431,0.6991017964071856,0.0009999999310821295
4.805854215534457,0.7018348623853211,4.849906010185174,0.6991017964071856,0.0009999999310821295
4.805854215534457,0.7018348623853211,4.849906008757518,0.6991017964071856,0.0009999999310821295
4.805854215534457,0.7018348623853211,4.849906009114432,0.6991017964071856,0.0009999999310821295
4.805854215534457,0.7018348623853211,4.849906007329862,0.6991017964071856,0.0009999999310821295
4.805854215534457,0.7018348623853211,4.849906010185173,0.6991017964071856,9.99999901978299e-05
4.805854215534457,0.7018348623853211,4.849906009114433,0.6991017964071856,9.99999901978299e-05
4.805854215534457,0.7018348623853211,4.849906009471346,0.6991017964071856,9.99999901978299e-05
4.805854215534457,0.7018348623853211,4.849906006972947,0.6991017964071856,9.99999901978299e-05
4.805854215534457,0.7018348623853211,4.849906010542087,0.6991017964071856,9.99999901978299e-05
