precision,accuracy,recall,duration,f1,auc
0.5437304774654171,0.75,0.5863247863247864,77.62385368347168,0.5542655224634022,0.7692671026679124
