val_loss,val_acc,loss,acc,lr
4.914934953766555,0.6950672628366359,4.709539190159823,0.6706948631479661,0.009999999776482582
4.914934953766555,0.6950672628366359,4.845167665683251,0.6993957711130471,0.009999999776482582
4.914934953766555,0.6950672628366359,4.845167674326825,0.6993957694923769,0.009999999776482582
4.914934953766555,0.6950672628366359,4.8451676325495505,0.6993957705728236,0.009999999776482582
4.914934953766555,0.6950672628366359,4.845167680089207,0.6993957700326003,0.009999999776482582
4.914934953766555,0.6950672628366359,4.845167678648612,0.6993957705728236,0.009999999776482582
4.914934953766555,0.6950672628366359,4.845167660641166,0.6993957696724514,0.009999999776482582
4.914934953766555,0.6950672628366359,4.845167683690696,0.6993957696724514,0.009999999776482582
4.914934953766555,0.6950672628366359,4.845167690173377,0.6993957705728236,0.009999999776482582
4.914934953766555,0.6950672628366359,4.845167631108955,0.6993957711130471,0.009999999776482582
4.914934953766555,0.6950672628366359,4.845167678648612,0.6993957705728236,0.009999999776482582
4.914934953766555,0.6950672628366359,4.8451677153838,0.6993957707528982,0.001999999862164259
4.914934953766555,0.6950672628366359,4.845167655599082,0.6993957705728236,0.001999999862164259
4.914934953766555,0.6950672628366359,4.845167610940616,0.6993957700326003,0.001999999862164259
4.914934953766555,0.6950672628366359,4.845167688732781,0.6993957711130471,0.001999999862164259
4.914934953766555,0.6950672628366359,4.845167636871338,0.6993957709329726,0.001999999862164259
