precision,accuracy,recall,duration,f1,auc
0.8536842105263158,0.776255707762557,0.6330956625074272,1025.6266222000122,0.6423596067322113,0.05080213903743315
