precision,accuracy,recall,duration,f1,auc
0.5162790697674419,0.5590909090909091,0.358974358974359,880.7472488880157,0.28385528385528386,0.7455442404594947
