precision,accuracy,recall,duration,f1,auc
0.8706361864256601,0.8230088495575221,0.7385860436707894,34.48841714859009,0.744868154158215,0.8785961301478132
