val_loss,val_acc,loss,acc,lr
4.9149351547651765,0.6950672549517165,4.428757322698922,0.6827794527719389,0.009999999776482582
4.9149351547651765,0.6950672549517165,4.8451678180262405,0.6993957658908878,0.009999999776482582
4.9149351547651765,0.6950672549517165,4.845167722946927,0.6993957718333449,0.009999999776482582
4.9149351547651765,0.6950672549517165,4.845167767245243,0.6993957630096965,0.009999999776482582
4.9149351547651765,0.6950672549517165,4.8451677434754155,0.6993957689521536,0.009999999776482582
4.9149351547651765,0.6950672549517165,4.845167770486584,0.6993957718333449,0.009999999776482582
4.9149351547651765,0.6950672549517165,4.845167624626275,0.6993957630096965,0.004999999888241291
4.9149351547651765,0.6950672549517165,4.845167794256412,0.6993957658908878,0.004999999888241291
4.9149351547651765,0.6950672549517165,4.845167721146183,0.6993957703927492,0.004999999888241291
4.9149351547651765,0.6950672549517165,4.845167721146183,0.6993957703927492,0.004999999888241291
4.9149351547651765,0.6950672549517165,4.845167651637444,0.6993957658908878,0.004999999888241291
4.9149351547651765,0.6950672549517165,4.845167627867615,0.6993957718333449,0.0024999999441206455
4.9149351547651765,0.6950672549517165,4.845167651637444,0.6993957718333449,0.0024999999441206455
4.9149351547651765,0.6950672549517165,4.845167697376355,0.6993957703927492,0.0024999999441206455
4.9149351547651765,0.6950672549517165,4.845167672165931,0.6993957689521536,0.0024999999441206455
4.9149351547651765,0.6950672549517165,4.845167580327959,0.6993957658908878,0.0024999999441206455
