precision,accuracy,recall,duration,f1,auc
0.47498482088646027,0.4909090909090909,0.4441370966794696,1961.194373369217,0.42726707431792404,0.6639134571337961
