precision,accuracy,recall,duration,f1,auc
0.6933109186931957,0.771689497716895,0.6968002485243865,18.08562731742859,0.6943143812709031,0.852078567595809
