val_loss,val_acc,loss,acc,lr
4.805854147727336,0.7018348793371008,4.360921885439022,0.6961077887141062,0.009999999776482582
4.805854147727336,0.7018348793371008,4.849905971281543,0.6991017876627916,0.009999999776482582
4.805854147727336,0.7018348793371008,4.849906021249509,0.699101790518104,0.009999999776482582
4.805854147727336,0.7018348793371008,4.849906021249509,0.6991017964071856,0.009999999776482582
4.805854147727336,0.7018348793371008,4.849905974136855,0.6991017964071856,0.009999999776482582
4.805854147727336,0.7018348793371008,4.849906069789818,0.6991017978348418,0.009999999776482582
4.805854147727336,0.7018348793371008,4.84990605051646,0.6991017889119908,0.0009999999310821295
4.805854147727336,0.7018348793371008,4.849906093346145,0.6991017978348418,0.0009999999310821295
4.805854147727336,0.7018348793371008,4.849906044805835,0.6991017964071856,0.0009999999310821295
4.805854147727336,0.7018348793371008,4.849906071217474,0.6991017933734163,0.0009999999310821295
4.805854147727336,0.7018348793371008,4.849906024104821,0.6991017992624979,0.0009999999310821295
4.805854147727336,0.7018348793371008,4.849906184716139,0.6991018008686112,9.99999901978299e-05
4.805854147727336,0.7018348793371008,4.849906114047159,0.6991018008686112,9.99999901978299e-05
4.805854147727336,0.7018348793371008,4.849905997693182,0.6991017964071856,9.99999901978299e-05
4.805854147727336,0.7018348793371008,4.849906000548494,0.6991017992624979,9.99999901978299e-05
4.805854147727336,0.7018348793371008,4.849905971281543,0.6991017935518733,9.99999901978299e-05
