precision,accuracy,recall,duration,f1,auc
0.7065407772304324,0.7534246575342466,0.7029215736112288,26.31649398803711,0.7043527843447651,0.881278417916349
