precision,accuracy,recall,duration,f1,auc
0.9897319400272604,0.9911504424778761,0.9897319400272604,1598.2434573173523,0.9897319400272604,0.008450704225352114
