precision,accuracy,recall,duration,f1,auc
0.9041176470588235,0.8954545454545455,0.8409429280397023,1327.2203676700592,0.8646153846153847,0.018858560794044663
