precision,accuracy,recall,duration,f1,auc
0.8080357142857143,0.8409090909090909,0.8424317617866005,1734.7450158596039,0.8199883109292812,0.06779156327543426
