precision,accuracy,recall,duration,f1,auc
0.8658910533910534,0.9,0.8860765589579148,1432.8744902610779,0.8747733100306548,0.9636726687574146
