precision,accuracy,recall,duration,f1,auc
0.6836928671791057,0.6818181818181818,0.7205955334987593,36.29108428955078,0.6685606060606062,0.14858560794044665
