precision,accuracy,recall,duration,f1,auc
0.9147711701836119,0.8767123287671232,0.7997623291740938,26.462878704071045,0.8330462772115087,0.06456724103782926
