precision,accuracy,recall,duration,f1,auc
0.5291690291690291,0.7818181818181819,0.6217731421121252,45.66436791419983,0.5716070821503717,0.7776519022281735
