precision,accuracy,recall,duration,f1,auc
0.5585667964248288,0.7090909090909091,0.5912470488741675,9.96635890007019,0.5732227198481519,0.8143780025135957
