val_loss,val_acc,loss,acc,lr
4.731917997019009,0.7064220183486238,4.805005906749963,0.7019667170953101,0.0010000000474974513
4.731917997019009,0.7064220183486238,4.803728943332782,0.7019667170953101,0.0010000000474974513
4.731917997019009,0.7064220183486238,4.803728944234518,0.7019667170953101,0.0010000000474974513
4.731917997019009,0.7064220183486238,4.803728940807926,0.7019667170953101,0.0010000000474974513
4.731917997019009,0.7064220183486238,4.803728942431048,0.7019667170953101,0.0010000000474974513
4.731917997019009,0.7064220183486238,4.803728942972088,0.7019667170953101,0.0010000000474974513
4.731917997019009,0.7064220183486238,4.803728944775557,0.7019667170953101,0.0010000000474974513
4.731917997019009,0.7064220183486238,4.803728943693476,0.7019667170953101,0.0010000000474974513
4.731917997019009,0.7064220183486238,4.8037289456772925,0.7019667170953101,0.0010000000474974513
4.731917997019009,0.7064220183486238,4.8037289445952105,0.7019667170953101,0.0010000000474974513
4.731917997019009,0.7064220183486238,4.803728944955903,0.7019667170953101,0.0010000000474974513
4.731917997019009,0.7064220183486238,4.803728943152436,0.7019667170953101,0.00020000000949949026
4.731917997019009,0.7064220183486238,4.803728942791742,0.7019667170953101,0.00020000000949949026
4.731917997019009,0.7064220183486238,4.8037289451362515,0.7019667170953101,0.00020000000949949026
4.731917997019009,0.7064220183486238,4.803728945316598,0.7019667170953101,0.00020000000949949026
4.731917997019009,0.7064220183486238,4.803728944414864,0.7019667170953101,0.00020000000949949026
