precision,accuracy,recall,duration,f1,auc
0.9400883160281657,0.9181818181818182,0.8660049627791564,7.655869960784912,0.8934452696157572,0.025210918114143926
