precision,accuracy,recall,duration,f1,auc
0.5217457717457717,0.6363636363636364,0.5588544009596641,19.51121735572815,0.5339141602452564,0.7757529095585776
