precision,accuracy,recall,duration,f1,auc
0.7303726924416579,0.7990867579908676,0.6623857399719469,978.4085578918457,0.650806919772437,0.8831458809907087
