precision,accuracy,recall,duration,f1,auc
0.8494623655913979,0.8727272727272727,0.9096774193548387,372.0937514305115,0.8617470149923692,0.0388089330024814
