precision,accuracy,recall,duration,f1,auc
0.838016967126193,0.8681818181818182,0.879652605459057,245.69913387298584,0.8518724896101785,0.040992555831265515
