val_loss,val_acc,loss,acc,lr
0.14534870817807855,0.9551569506726457,0.31928842643056393,0.8580060422960725,9.999999747378752e-05
0.15222565104738142,0.9417040358744395,0.2359896367612742,0.918429003021148,9.999999747378752e-05
0.10176554771615708,0.9641255605381166,0.17146086256129503,0.9395770392749244,9.999999747378752e-05
0.0983456679048425,0.968609865470852,0.19318442066337946,0.93202416918429,9.999999747378752e-05
0.10244907407630638,0.9596412556053812,0.1613763109823053,0.947129909365559,9.999999747378752e-05
0.07961486268390847,0.9910313901345291,0.12852801584844054,0.9637462235649547,9.999999747378752e-05
0.08256352517934698,0.968609865470852,0.13667945470098192,0.959214501510574,9.999999747378752e-05
0.1946591764434857,0.9461883408071748,0.13353353454886155,0.9441087613293051,9.999999747378752e-05
0.2035112829995625,0.9417040358744395,0.11959573709380636,0.9667673716012085,9.999999747378752e-05
0.1338665045391709,0.9551569506726457,0.09742019393726103,0.974320241691843,9.999999747378752e-05
0.11052711736847551,0.9551569506726457,0.11405623750057735,0.9682779456193353,9.999999747378752e-05
0.09981483333226611,0.9551569506726457,0.12321407957216358,0.9607250755287009,9.999999747378752e-06
0.09402321753768601,0.9551569506726457,0.10743193254240554,0.9622356495468278,9.999999747378752e-06
0.09971473290505119,0.9551569506726457,0.10357076360272902,0.9697885196374623,9.999999747378752e-06
0.11368406935202383,0.9551569506726457,0.09197058369408381,0.9758308157099698,9.999999747378752e-06
0.10249363221161689,0.9551569506726457,0.1143745331971532,0.9712990936555891,9.999999747378752e-06
0.09674388890778424,0.9551569506726457,0.08885049453888685,0.9697885196374623,9.999999974752427e-07
0.10347266284304929,0.9551569506726457,0.10191399094949721,0.9712990936555891,9.999999974752427e-07
0.10440928465804962,0.9551569506726457,0.09910693041012367,0.9712990936555891,9.999999974752427e-07
0.10684813041366,0.9551569506726457,0.1029217858162914,0.9712990936555891,9.999999974752427e-07
0.10546149058178504,0.9551569506726457,0.09335089144733062,0.9712990936555891,9.999999974752427e-07
