precision,accuracy,recall,duration,f1,auc
0.5282785436550018,0.7954545454545454,0.6444444444444445,13.07534646987915,0.5804455115379485,0.8029107120200237
