precision,accuracy,recall,duration,f1,auc
0.9328571428571428,0.95,0.9511166253101737,338.23329734802246,0.9412264723740134,0.007344913151364768
