precision,accuracy,recall,duration,f1,auc
0.6990049751243781,0.726027397260274,0.571301247771836,115.22209453582764,0.5581113801452785,0.11299267181620123
