precision,accuracy,recall,duration,f1,auc
0.6345157433240335,0.7077625570776256,0.5668449197860962,2383.3475983142853,0.5596883639105303,0.17399485046543872
