precision,accuracy,recall,duration,f1,auc
0.5707799145299145,0.8090909090909091,0.6456323337679271,10.217614650726318,0.6026518795148909,0.9395621175282192
