precision,accuracy,recall,duration,f1,auc
0.6650724913549696,0.6954545454545454,0.7179722094976332,21.98055148124695,0.6702063630936029,0.8959618027414638
