precision,accuracy,recall,duration,f1,auc
0.6785510785510785,0.7079646017699115,0.6993184915947297,30.656723976135254,0.6825031928480205,0.24988641526578828
