val_loss,val_acc,loss,acc,lr
11.20316051260773,0.30493273542600896,11.27612571629873,0.2990936555891239,9.999999747378752e-05
11.20316051260773,0.30493273542600896,11.272927759277136,0.30060422960725075,9.999999747378752e-05
11.20316051260773,0.30493273542600896,11.272927758916987,0.30060422960725075,9.999999747378752e-05
11.20316051260773,0.30493273542600896,11.272927757116243,0.30060422960725075,9.999999747378752e-05
11.20316051260773,0.30493273542600896,11.272927759637286,0.30060422960725075,9.999999747378752e-05
11.20316051260773,0.30493273542600896,11.272927759637286,0.30060422960725075,9.999999747378752e-05
11.20316051260773,0.30493273542600896,11.27292776107788,0.30060422960725075,9.999999747378752e-05
11.20316051260773,0.30493273542600896,11.272927759637286,0.30060422960725075,9.999999747378752e-05
11.20316051260773,0.30493273542600896,11.272927759637286,0.30060422960725075,9.999999747378752e-05
11.20316051260773,0.30493273542600896,11.272927759637286,0.30060422960725075,9.999999747378752e-05
11.20316051260773,0.30493273542600896,11.272927758916987,0.30060422960725075,9.999999747378752e-05
11.20316051260773,0.30493273542600896,11.272927758556838,0.30060422960725075,1.9999999494757503e-05
11.20316051260773,0.30493273542600896,11.272927759277136,0.30060422960725075,1.9999999494757503e-05
11.20316051260773,0.30493273542600896,11.272927759637286,0.30060422960725075,1.9999999494757503e-05
11.20316051260773,0.30493273542600896,11.272927757116243,0.30060422960725075,1.9999999494757503e-05
11.20316051260773,0.30493273542600896,11.272927762518476,0.30060422960725075,1.9999999494757503e-05
