precision,accuracy,recall,duration,f1,auc
0.6544889937106918,0.7,0.6511321037636827,1340.2562901973724,0.6504854573474868,0.8000911219534701
