precision,accuracy,recall,duration,f1,auc
0.6637827581223809,0.7636363636363637,0.6162843004948267,24.802801847457886,0.6152162618336053,0.7939075169844401
