precision,accuracy,recall,duration,f1,auc
0.8271698750422154,0.85,0.8846153846153846,96.8402316570282,0.8375075538843753,0.02382133995037222
