precision,accuracy,recall,duration,f1,auc
0.4392011644450999,0.4818181818181818,0.4189858698333275,1586.639995098114,0.42700135685210316,0.6110333932367831
