precision,accuracy,recall,duration,f1,auc
0.5245977011494253,0.7954545454545454,0.6256410256410256,2856.0276629924774,0.5705413724425131,0.884196060467247
