precision,accuracy,recall,duration,f1,auc
0.4615615615615616,0.6194690265486725,0.5194729224330561,14.171222925186157,0.47407258030457883,0.7363440069336464
