precision,accuracy,recall,duration,f1,auc
0.7500573075285719,0.7136363636363636,0.7863247863247863,1310.622326374054,0.719890183890184,0.9511188391755194
