precision,accuracy,recall,duration,f1,auc
0.7892063492063492,0.8090909090909091,0.7260545905707196,63.93289017677307,0.7454545454545455,0.12178660049627793
