precision,accuracy,recall,duration,f1,auc
0.7932391188959661,0.7743362831858407,0.6181956604491815,5175.646279335022,0.611281064614398,0.806338565827704
