precision,accuracy,recall,duration,f1,auc
0.8290441176470589,0.85,0.8882272102611086,1001.5371205806732,0.8350266225980215,0.981624323149747
