precision,accuracy,recall,duration,f1,auc
0.17404129793510326,0.5221238938053098,0.3333333333333333,525.3117754459381,0.22868217054263565,0.4682114676146665
