precision,accuracy,recall,duration,f1,auc
0.17592592592592593,0.5181818181818182,0.3220338983050847,43.59434413909912,0.22754491017964074,0.5483708610827255
