val_loss,val_acc,loss,acc,lr
5.032346607333398,0.6877828054298643,4.784698242882648,0.7018072289156626,9.999999747378752e-05
5.032346607333398,0.6877828054298643,4.806299590920828,0.7018072289156626,9.999999747378752e-05
5.032346607333398,0.6877828054298643,4.8062995894845715,0.7018072289156626,9.999999747378752e-05
5.032346607333398,0.6877828054298643,4.806299593075213,0.7018072289156626,9.999999747378752e-05
5.032346607333398,0.6877828054298643,4.806299590202699,0.7018072289156626,9.999999747378752e-05
5.032346607333398,0.6877828054298643,4.806299589125508,0.7018072289156626,9.999999747378752e-05
5.032346607333398,0.6877828054298643,4.806299589125508,0.7018072289156626,1.9999999494757503e-05
5.032346607333398,0.6877828054298643,4.8062995894845715,0.7018072289156626,1.9999999494757503e-05
5.032346607333398,0.6877828054298643,4.806299589843635,0.7018072289156626,1.9999999494757503e-05
5.032346607333398,0.6877828054298643,4.80629958768925,0.7018072289156626,1.9999999494757503e-05
5.032346607333398,0.6877828054298643,4.806299591638957,0.7018072289156626,1.9999999494757503e-05
5.032346607333398,0.6877828054298643,4.80629959199802,0.7018072289156626,3.999999989900971e-06
5.032346607333398,0.6877828054298643,4.806299591279893,0.7018072289156626,3.999999989900971e-06
5.032346607333398,0.6877828054298643,4.806299590920828,0.7018072289156626,3.999999989900971e-06
5.032346607333398,0.6877828054298643,4.8062995894845715,0.7018072289156626,3.999999989900971e-06
5.032346607333398,0.6877828054298643,4.806299588048314,0.7018072289156626,3.999999989900971e-06
