val_loss,val_acc,loss,acc,lr
0.8028595278022486,0.788990828969063,1.5634782446358733,0.5538922159257763,0.009999999776482582
0.9113529390151348,0.678899085849797,0.7605372706573167,0.7245508971328507,0.009999999776482582
0.9391932728093698,0.678899085849797,0.7770139150276869,0.7080838330491575,0.009999999776482582
0.8184742435402826,0.7385321133727327,0.7022576310677443,0.7230538918586549,0.009999999776482582
0.6330827130090206,0.8577981651376146,0.813324660598161,0.6556886238252332,0.009999999776482582
1.170292647606736,0.7614678931892465,0.8479881193823443,0.6586826340167108,0.009999999776482582
0.745543524759625,0.46788991153787035,0.8305832104768581,0.6961077851449659,0.009999999776482582
0.7063438575202172,0.7660550491525493,0.7941517515810664,0.6781437129317643,0.009999999776482582
0.7698053307489517,0.7385321133727327,0.8352563020711887,0.6467065857556051,0.009999999776482582
0.6754093104546223,0.7385321133727327,0.7863458220116393,0.6946107777292857,0.009999999776482582
0.9904909801045689,0.4541284436479621,1.1687051507527242,0.6092814381964906,0.009999999776482582
1.1251067590276036,0.5000000032809896,1.1834310121878893,0.4700598798826069,0.009999999776482582
1.3868401378666588,0.5000000032809896,1.203835673674852,0.49850299436889006,0.009999999776482582
1.1592830189871133,0.30275229685897126,1.1761448147768032,0.4700598798826069,0.009999999776482582
1.1584131345836395,0.5321100917431193,1.190533188288797,0.47754490964426966,0.009999999776482582
0.988144833013552,0.5321100917431193,1.0870472114243193,0.47754491035809776,0.004999999888241291
0.9399745912726866,0.5321100917431193,0.9463437535091789,0.49101796353648525,0.004999999888241291
0.9851866610553286,0.5321100917431193,0.9961355931744604,0.48053892144186056,0.004999999888241291
0.9990514987105623,0.5321100917431193,1.0325695265552954,0.46856287389458295,0.004999999888241291
1.0656036827542366,0.5321100917431193,1.0328682025749527,0.5044910168933298,0.004999999888241291
