precision,accuracy,recall,duration,f1,auc
0.7138157894736842,0.6045454545454545,0.7193548387096774,573.8204550743103,0.6044719059329214,0.03612903225806453
