precision,accuracy,recall,duration,f1,auc
0.5332508506031549,0.7545454545454545,0.5982905982905983,9.223769426345825,0.5591212330342765,0.8203253861148597
