precision,accuracy,recall,duration,f1,auc
0.9305555555555556,0.8863636363636364,0.8076923076923077,89.10320401191711,0.84363894811656,0.007344913151364766
