precision,accuracy,recall,duration,f1,auc
0.554938403475041,0.7772727272727272,0.6120382442416341,874.5733661651611,0.5789694503800408,0.7711400448688585
