precision,accuracy,recall,duration,f1,auc
0.9379188384214445,0.9424778761061947,0.9275329395729215,8.678733825683594,0.9324706369090032,0.015538391640163567
