precision,accuracy,recall,duration,f1,auc
0.6560809689729551,0.740909090909091,0.6820759481776432,1711.7083551883698,0.6626640555211983,0.8844021988089784
