precision,accuracy,recall,duration,f1,auc
0.7016572504708098,0.4318181818181818,0.4854070498138294,2009.4726507663727,0.4066315142822463,0.8685583236430693
