val_loss,val_acc,loss,acc,lr
0.6058536514437576,0.7149321264271283,0.6942622008093868,0.6385542161493416,9.999999747378752e-05
0.5430408157913933,0.7692307721975162,0.5862473242254143,0.7078313249421407,9.999999747378752e-05
0.4822217242210699,0.7556561121034406,0.5071892425956497,0.7469879510891007,9.999999747378752e-05
0.44236660516100235,0.7963800867218777,0.4550294262098979,0.7921686739806669,9.999999747378752e-05
0.3792733431401835,0.8823529446826262,0.4135312685765416,0.8102409631372934,9.999999747378752e-05
0.3804061793094307,0.8868778315604542,0.3905042162142604,0.8102409638554217,9.999999747378752e-05
0.3582047393958493,0.8597285078661474,0.3441422430865736,0.849397591079574,9.999999747378752e-05
0.3394661336732666,0.8733031709269701,0.3615495253758258,0.8343373493975904,9.999999747378752e-05
0.35956087937721837,0.8325791857900663,0.3240112138081746,0.8599397583180163,9.999999747378752e-05
0.30925604741497814,0.8597285084055559,0.318042430532984,0.864457830607173,9.999999747378752e-05
0.33732533373983736,0.8461538458841419,0.34404210046113254,0.850903613739703,9.999999747378752e-05
0.3145764834201174,0.8687782797338736,0.29655874762908524,0.8780120474746428,9.999999747378752e-05
0.4426341299557578,0.7873303184951592,0.26591258038239307,0.8780120489108993,9.999999747378752e-05
0.501428643772505,0.7737556578616751,0.30225531990269583,0.8644578313253012,9.999999747378752e-05
0.32686913148310387,0.8687782827006206,0.2615137026611581,0.8825301212000559,9.999999747378752e-05
0.3652751033122723,0.8416289580623488,0.2787272937326546,0.8855421686746988,9.999999747378752e-05
0.4247181813371667,0.8280543003956117,0.2678930511675685,0.8795180722891566,9.999999747378752e-05
0.6562151204609223,0.7330316759612225,0.2862083244036479,0.884036143860185,9.999999747378752e-05
0.3337625070934382,0.8642533909681156,0.24707059274954968,0.9051204819277109,9.999999747378752e-05
0.37682318390764263,0.8552036186958331,0.21770578586911582,0.9322289149445223,9.999999747378752e-05
0.4636642420453723,0.8099547499175525,0.21358019759856076,0.9201807236096945,4.999999873689376e-05
0.46253575081199544,0.8144796367953805,0.22165790074561015,0.9096385549349957,4.999999873689376e-05
0.32139458753404576,0.8687782802732822,0.2049319252192256,0.9292168681880077,4.999999873689376e-05
0.4403424561023712,0.8325791843066928,0.19585459796061,0.9277108440916222,4.999999873689376e-05
0.5261270812463976,0.8009049761618964,0.2110540635255446,0.9111445775951248,4.999999873689376e-05
