precision,accuracy,recall,duration,f1,auc
0.5232288037166086,0.7318181818181818,0.5726495726495727,17.491300344467163,0.5388272893934493,0.7236859406899893
