precision,accuracy,recall,duration,f1,auc
0.6057931805632726,0.5909090909090909,0.5911589555657353,266.33419036865234,0.5623529427452644,0.8527584951313765
