precision,accuracy,recall,duration,f1,auc
0.8964285714285715,0.9227272727272727,0.9406947890818859,12.962223529815674,0.9125657510227937,0.009727047146401983
