val_loss,val_acc,loss,acc,lr
0.6352811437016646,0.8071748948417972,0.6558208447568726,0.7084592192734837,0.0010000000474974513
0.5348704564197181,0.7040358739048911,0.5782514217216803,0.752265858145999,0.0010000000474974513
0.5607603350027794,0.7802690513465437,0.5078774825683894,0.7190332257855695,0.0010000000474974513
0.45384101723341663,0.7982062825707577,0.48182995018642116,0.7975830830115926,0.0010000000474974513
0.39725396317751416,0.8116591954979662,0.40706158566691003,0.8851963816452603,0.0010000000474974513
0.3741191038903634,0.8475336250702896,0.3517615454794777,0.8685800609631841,0.0010000000474974513
0.3916610427234205,0.8116591845392647,0.30478865882871375,0.8867069556633872,0.0010000000474974513
0.3839484675048178,0.8206278034924391,0.26501156970453404,0.9063444110562073,0.0010000000474974513
0.39013306135019377,0.8295964048047771,0.22999746509999308,0.9244713057564105,0.0010000000474974513
0.40868199620011675,0.8161434961541352,0.21604713964138147,0.9335347412215979,0.0010000000474974513
0.42503121060908106,0.8206278046284021,0.22654024738919698,0.9018126933236137,0.0010000000474974513
0.3977628535353015,0.825112112701741,0.17978913757916304,0.957703932174383,0.00020000000949949026
0.42300369206298094,0.8340807149495779,0.1712139357567914,0.9592144988094572,0.00020000000949949026
0.404531587332888,0.838565014670248,0.16371659821974185,0.9607250832719025,0.00020000000949949026
0.4273815837275287,0.8520179342795915,0.1620703082970622,0.9592145047519142,0.00020000000949949026
0.4235565172583533,0.8520179342795915,0.15719632261919472,0.9607250832719025,0.00020000000949949026
0.41921718104537825,0.8565022416178956,0.14929803420319657,0.9667673795244845,4.0000002627493814e-05
0.4251756444907509,0.8520179342795915,0.14849427470155172,0.9652568069469533,4.0000002627493814e-05
0.43073805110871527,0.8520179342795915,0.14705913210023205,0.9682779580444728,4.0000002627493814e-05
0.42324000723960686,0.8565022416178956,0.14652705176809402,0.9682779580444728,4.0000002627493814e-05
0.4224442325766311,0.8609865456151321,0.14639703678445515,0.963746240311879,4.0000002627493814e-05
