precision,accuracy,recall,duration,f1,auc
0.4296308549058528,0.6454545454545455,0.5508474576271186,150.38816237449646,0.4741602067183462,0.5818310487802013
