precision,accuracy,recall,duration,f1,auc
0.7314814814814814,0.7136363636363636,0.5198511166253101,132.59318351745605,0.4585726004922067,0.18401985111662533
