val_loss,val_acc,loss,acc,lr
5.032346736252038,0.6877827881687907,4.31768821808229,0.6746987854859915,0.0010000000474974513
5.032346736252038,0.6877827881687907,4.806299529879926,0.7018072274794062,0.0010000000474974513
5.032346736252038,0.6877827881687907,4.8062995047454375,0.7018072201185915,0.0010000000474974513
5.032346736252038,0.6877827881687907,4.806299603129008,0.7018072229911045,0.0010000000474974513
5.032346736252038,0.6877827881687907,4.806299683918436,0.7018072215548481,0.0010000000474974513
5.032346736252038,0.6877827881687907,4.806299624672855,0.70180721563029,0.0010000000474974513
5.032346736252038,0.6877827881687907,4.8062996742237045,0.7018072348402207,0.0010000000474974513
5.032346736252038,0.6877827881687907,4.8062995535781585,0.7018072334039642,0.0010000000474974513
5.032346736252038,0.6877827881687907,4.8062995535781585,0.7018072334039642,0.0010000000474974513
5.032346736252038,0.6877827881687907,4.806299624672855,0.7018072274794062,0.0010000000474974513
5.032346736252038,0.6877827881687907,4.806299692895039,0.7018072305314512,0.0010000000474974513
5.032346736252038,0.6877827881687907,4.806299603129008,0.7018072407647787,0.00020000000949949026
5.032346736252038,0.6877827881687907,4.806299603129008,0.7018072289156626,0.00020000000949949026
5.032346736252038,0.6877827881687907,4.806299600974623,0.7018072274794062,0.00020000000949949026
5.032346736252038,0.6877827881687907,4.80629957727639,0.7018072215548481,0.00020000000949949026
5.032346736252038,0.6877827881687907,4.806299600974623,0.7018072215548481,0.00020000000949949026
