precision,accuracy,recall,duration,f1,auc
0.5215285819559954,0.7363636363636363,0.58005698005698,57.21495318412781,0.5433588612980583,0.6748065100291821
