precision,accuracy,recall,duration,f1,auc
0.7474424151132868,0.6363636363636364,0.7624945675793132,2876.227314710617,0.6581818181818182,0.844751987972327
