precision,accuracy,recall,duration,f1,auc
0.42036124794745483,0.5525114155251142,0.36947056774642983,128.81699132919312,0.31530825496342735,0.7305487305487306
