precision,accuracy,recall,duration,f1,auc
0.8799019607843137,0.7772727272727272,0.6230769230769231,88.14984393119812,0.6292857388493415,0.19593052109181142
