precision,accuracy,recall,duration,f1,auc
0.760612548918172,0.7579908675799086,0.7905052387811008,216.33474826812744,0.7533206831119544,0.9274731235938133
