precision,accuracy,recall,duration,f1,auc
0.9329608938547487,0.8909090909090909,0.8153846153846154,1109.0633397102356,0.8508643091176138,0.05746898263027296
