precision,accuracy,recall,duration,f1,auc
0.7960784313725491,0.8272727272727273,0.8372208436724566,31.887239933013916,0.8078160919540232,0.11076923076923079
