precision,accuracy,recall,duration,f1,auc
0.7533889936259988,0.7909090909090909,0.7801488833746898,18.534018754959106,0.762575075075075,0.10253101736972707
