val_loss,val_acc,loss,acc,lr
0.6341837476187223,0.7040358727021068,1.0268012962312496,0.626888218062882,0.0010000000474974513
0.5951227027204539,0.6905829579039005,0.5902847495504017,0.6963746230767933,0.0010000000474974513
0.5676369699127471,0.7130044816320787,0.4552296329841153,0.7749244714791681,0.0010000000474974513
0.5805822974363251,0.7757847549669411,0.33471823981161203,0.8731117833777137,0.0010000000474974513
0.6008703302374869,0.748878925637814,0.27970501956082544,0.8972809662271483,0.0010000000474974513
0.6371767323113343,0.7802690556231101,0.2268665978555593,0.9305135946259397,0.0010000000474974513
0.5713056669374218,0.8340807190925017,0.20901224944526695,0.9290030206078129,0.0010000000474974513
0.595180763524744,0.8251121092270308,0.16322610786134023,0.959214501510574,0.0010000000474974513
0.7025736097263113,0.7443946207050786,0.13960879719239347,0.9652567975830816,0.0010000000474974513
0.6649014377807823,0.8026905802867872,0.11279541042456094,0.9758308166103421,0.0010000000474974513
0.7198343731028617,0.7802690556231101,0.09544680225930186,0.9788519637462235,0.0010000000474974513
0.8309422174109472,0.7713004457576392,0.07780843667033216,0.9894259813328884,0.0010000000474974513
1.301592023851091,0.5784753347191576,0.08027534054035146,0.972809667673716,0.0010000000474974513
0.8024656744297978,0.7982062753540518,0.07253327111508191,0.9818731117824774,0.0005000000237487257
0.8633013218140121,0.7668161408249038,0.04275054207741314,0.9939577039274925,0.0005000000237487257
0.8745328035422772,0.7802690556231101,0.034497334652796974,0.9969788519637462,0.0005000000237487257
0.9325383357670275,0.7623318358921684,0.02999778604838333,0.9984894259818731,0.0005000000237487257
1.1061976867072252,0.7040358763104597,0.02649494538539486,0.9969788519637462,0.0005000000237487257
