precision,accuracy,recall,duration,f1,auc
0.8176190476190476,0.85,0.8310173697270471,130.14694142341614,0.8236794171220401,0.07017369727047147
