precision,accuracy,recall,duration,f1,auc
0.7507267441860466,0.7863636363636364,0.7054590570719603,18.921094179153442,0.720169954805012,0.10610421836228288
