val_loss,val_acc,loss,acc,lr
5.032346607333398,0.6877828054298643,4.807319407183004,0.7018072289156626,0.009999999776482582
5.032346607333398,0.6877828054298643,4.806299588766444,0.7018072289156626,0.009999999776482582
5.032346607333398,0.6877828054298643,4.8062995902027,0.7018072289156626,0.009999999776482582
5.032346607333398,0.6877828054298643,4.806299590920828,0.7018072289156626,0.009999999776482582
5.032346607333398,0.6877828054298643,4.806299588407379,0.7018072289156626,0.009999999776482582
5.032346607333398,0.6877828054298643,4.8062995902027,0.7018072289156626,0.009999999776482582
5.032346607333398,0.6877828054298643,4.806299589484571,0.7018072289156626,0.009999999776482582
5.032346607333398,0.6877828054298643,4.806299591998021,0.7018072289156626,0.009999999776482582
5.032346607333398,0.6877828054298643,4.806299588048315,0.7018072289156626,0.009999999776482582
5.032346607333398,0.6877828054298643,4.806299589843635,0.7018072289156626,0.009999999776482582
5.032346607333398,0.6877828054298643,4.806299591279893,0.7018072289156626,0.009999999776482582
5.032346607333398,0.6877828054298643,4.806299588766444,0.7018072289156626,0.0009999999310821295
5.032346607333398,0.6877828054298643,4.806299589843635,0.7018072289156626,0.0009999999310821295
5.032346607333398,0.6877828054298643,4.806299588407379,0.7018072289156626,0.0009999999310821295
5.032346607333398,0.6877828054298643,4.806299590561763,0.7018072289156626,0.0009999999310821295
5.032346607333398,0.6877828054298643,4.806299591638957,0.7018072289156626,0.0009999999310821295
