precision,accuracy,recall,duration,f1,auc
0.9533972574492215,0.9545454545454546,0.9364764267990074,1230.0818891525269,0.9443938934384793,0.008635235732009932
