precision,accuracy,recall,duration,f1,auc
0.9672987616099071,0.9772727272727273,0.9794044665012407,1889.5008456707,0.9730596850432269,0.002679900744416877
