val_loss,val_acc,loss,acc,lr
0.6790757931153709,0.6284403669724771,0.6744812637702781,0.7019667172756571,0.0010000000474974513
0.3653706700430004,0.7522935780500053,0.46124178933123416,0.7897125568223974,0.0010000000474974513
0.1831121067388342,0.9311926605504587,0.3225055425322182,0.856278366202125,0.0010000000474974513
0.18638087921869864,0.944954128440367,0.3067201446409305,0.8850226928895613,0.0010000000474974513
0.18775874803509188,0.9357798165137615,0.2783791347098242,0.8759455371552264,0.0010000000474974513
0.16496394051734461,0.926605504587156,0.25909193828363825,0.9046898638426626,0.0010000000474974513
0.20928530135285964,0.8853210998237679,0.1824221490641405,0.9394856278366112,0.0010000000474974513
0.22280849105413628,0.8899082568807339,0.22123448129140302,0.9077155824508321,0.0010000000474974513
0.1321632672408852,0.9495412844036697,0.1799885122818413,0.9288956127080181,0.0010000000474974513
0.16131410805039628,0.9220183486238532,0.1436092118632595,0.9364599093186152,0.0010000000474974513
0.19221403292559702,0.9082568796402818,0.1686864277536723,0.9349470499243571,0.0010000000474974513
0.215990735047044,0.9082568796402818,0.14164497157200923,0.9515885022692889,0.0010000000474974513
0.30326264025536664,0.8807339438604652,0.12162970599356289,0.9500756430553777,0.0010000000474974513
0.15829925742344197,0.9311926605504587,0.17445798772253354,0.9288956127080181,0.0010000000474974513
0.16774823829326607,0.9128440366972477,0.1181500215708939,0.9591527987897126,0.0010000000474974513
0.20583073692097234,0.908256880733945,0.10240343361303954,0.9606656581839708,0.0010000000474974513
0.26473378424250754,0.8899082557870708,0.12810474876511657,0.9455370650529501,0.0010000000474974513
0.15978832621516664,0.926605504587156,0.14078677015212815,0.9470499243570348,0.0010000000474974513
0.3144825495669507,0.8623853200072542,0.09649590334647903,0.9576399394856279,0.0010000000474974513
0.20329884988567665,0.8899082557870708,0.07310537553185234,0.9773071104387292,0.00010000000474974513
0.22670056876446626,0.8807339438604652,0.06346310096907003,0.9742813919207332,0.00010000000474974513
0.23991179741585816,0.8761467878971625,0.0567187136278661,0.9863842662632375,0.00010000000474974513
0.1954237844137082,0.9128440356035845,0.047668248842656684,0.9848714069591528,0.00010000000474974513
0.20922845616026722,0.8990825677136762,0.04174235968395459,0.9818456883509834,0.00010000000474974513
