precision,accuracy,recall,duration,f1,auc
0.8217066839714471,0.8451327433628318,0.8603816447069514,24.508055448532104,0.8320844035918229,0.0825988187187642
