precision,accuracy,recall,duration,f1,auc
0.527046783625731,0.7909090909090909,0.6324786324786325,25.732686758041382,0.574875682726013,0.7453423993909825
