precision,accuracy,recall,duration,f1,auc
0.9454545454545454,0.9363636363636364,0.9012406947890819,10.927422761917114,0.9197916666666667,0.00794044665012408
