precision,accuracy,recall,duration,f1,auc
0.9032608695652173,0.8716814159292036,0.8034075420263516,3473.155254125595,0.8327847939788239,0.06706042707860065
