precision,accuracy,recall,duration,f1,auc
0.6927302477793361,0.6409090909090909,0.6680761596015833,733.863067150116,0.6307965927919273,0.8259387810235269
