precision,accuracy,recall,duration,f1,auc
0.8579831932773109,0.8584474885844748,0.7953060011883542,54.40504312515259,0.8172297752052766,0.14141414141414144
