precision,accuracy,recall,duration,f1,auc
0.38498699368264583,0.5363636363636364,0.39544159544159546,5.546479225158691,0.3808203808203808,0.6076444398306746
