precision,accuracy,recall,duration,f1,auc
0.8748717948717948,0.8090909090909091,0.6813895781637718,193.91221070289612,0.7066666666666668,0.1747890818858561
