precision,accuracy,recall,duration,f1,auc
0.5723878592532904,0.7990867579908676,0.646551724137931,24.082815408706665,0.605711898522654,0.886712535419432
