precision,accuracy,recall,duration,f1,auc
0.8088077336197637,0.8272727272727273,0.7568238213399504,17.61725902557373,0.7750511247443763,0.07245657568238215
