val_loss,val_acc,loss,acc,lr
4.77037799304911,0.7040358727021068,4.634906108285725,0.6918429006622637,0.009999999776482582
4.77037799304911,0.7040358727021068,4.893862819383512,0.6963746225365699,0.009999999776482582
4.77037799304911,0.7040358727021068,4.893862809299343,0.6963746219963466,0.009999999776482582
4.77037799304911,0.7040358727021068,4.893862817942916,0.6963746230767933,0.009999999776482582
4.77037799304911,0.7040358727021068,4.893862841352595,0.6963746232568677,0.009999999776482582
4.77037799304911,0.7040358727021068,4.893862783368621,0.6963746230767933,0.009999999776482582
4.77037799304911,0.7040358727021068,4.8938628129008315,0.6963746216361977,0.009999999776482582
4.77037799304911,0.7040358727021068,4.893862809299343,0.6963746219963466,0.009999999776482582
4.77037799304911,0.7040358727021068,4.893862811460235,0.696374622176421,0.009999999776482582
4.77037799304911,0.7040358727021068,4.893862892133591,0.696374622176421,0.009999999776482582
4.77037799304911,0.7040358727021068,4.893862766801771,0.6963746216361977,0.009999999776482582
4.77037799304911,0.7040358727021068,4.893862815061725,0.6963746214561232,0.004999999888241291
4.77037799304911,0.7040358727021068,4.8938627977745774,0.6963746219963466,0.004999999888241291
4.77037799304911,0.7040358727021068,4.89386278697011,0.6963746227166444,0.004999999888241291
4.77037799304911,0.7040358727021068,4.893862878447933,0.6963746219963466,0.004999999888241291
4.77037799304911,0.7040358727021068,4.893862878447933,0.6963746219963466,0.004999999888241291
