precision,accuracy,recall,duration,f1,auc
0.5105201206503347,0.5442477876106194,0.38657982403506397,1604.2589633464813,0.35521364299197056,0.7183759911737949
