precision,accuracy,recall,duration,f1,auc
0.9344484073299717,0.9090909090909091,0.850620347394541,779.1139106750488,0.880226480836237,0.007543424317617865
