precision,accuracy,recall,duration,f1,auc
0.6782515470632938,0.7772727272727272,0.6325835957414906,22.134499311447144,0.6183815223399909,0.8019862278971591
