precision,accuracy,recall,duration,f1,auc
0.8441543953592145,0.8590909090909091,0.8062034739454094,481.1470470428467,0.8214612947982931,0.1008436724565757
