precision,accuracy,recall,duration,f1,auc
0.9166666666666667,0.9409090909090909,0.9580645161290322,15.528393268585205,0.9326599326599327,0.0009925558312655096
