precision,accuracy,recall,duration,f1,auc
0.8350515463917525,0.8545454545454545,0.896774193548387,156.3474156856537,0.8436806110667022,0.0069478908188585625
