precision,accuracy,recall,duration,f1,auc
0.34292035398230086,0.6858407079646017,0.5,259.80490922927856,0.4068241469816273,0.41399363925488414
