precision,accuracy,recall,duration,f1,auc
0.8765382557517389,0.8590909090909091,0.7794044665012407,13.13653302192688,0.8085936403693412,0.09598014888337471
