precision,accuracy,recall,duration,f1,auc
0.518093399127512,0.7272727272727273,0.5720797720797721,21.444642066955566,0.538435972629521,0.7602806325478392
