precision,accuracy,recall,duration,f1,auc
0.83035316399287,0.8409090909090909,0.890339100508592,474.3897063732147,0.8324699760238256,0.9896261319990134
