precision,accuracy,recall,duration,f1,auc
0.9035135793447814,0.8727272727272727,0.7724843487555352,14.413719415664673,0.792624176863728,0.9690857089162174
