precision,accuracy,recall,duration,f1,auc
0.7150759799659735,0.7272727272727273,0.7687926518434994,33.87864828109741,0.7144440690849204,0.9360377979022046
