precision,accuracy,recall,duration,f1,auc
0.5673063835579147,0.8,0.6353759235115167,15.102499723434448,0.5951538666362358,0.9591417362603804
