precision,accuracy,recall,duration,f1,auc
0.553072625698324,0.7227272727272728,0.5435897435897435,60.63790035247803,0.522732566757724,0.7301848784899633
