precision,accuracy,recall,duration,f1,auc
0.4980212822091285,0.75,0.6091168091168091,55.87117314338684,0.5477406540398666,0.7553410152600435
