precision,accuracy,recall,duration,f1,auc
0.7382255673394914,0.7318181818181818,0.7838601313177586,341.5501809120178,0.7165415415415416,0.9624687268755064
