precision,accuracy,recall,duration,f1,auc
0.552434456928839,0.7227272727272728,0.5487179487179487,6.333223104476929,0.5260890226516711,0.7301694406957564
