precision,accuracy,recall,duration,f1,auc
0.7850079744816587,0.8053097345132744,0.7435711040436166,25.709673166275024,0.7579121628201384,0.04770558836892322
