precision,accuracy,recall,duration,f1,auc
0.9841772151898734,0.9771689497716894,0.9621212121212122,6.390903472900391,0.972276375420918,0.049019607843137254
