precision,accuracy,recall,duration,f1,auc
0.8688063063063063,0.8954545454545455,0.890074441687345,508.5303056240082,0.8781045987810461,0.02560794044665013
