precision,accuracy,recall,duration,f1,auc
0.9135135135135135,0.8538812785388128,0.7575757575757576,173.46751427650452,0.7926627218934911,0.12368785898197664
