precision,accuracy,recall,duration,f1,auc
0.8333871488537294,0.8545454545454545,0.8074441687344913,2762.5917451381683,0.8185379936075884,0.1032258064516129
