precision,accuracy,recall,duration,f1,auc
0.34149029982363316,0.2648401826484018,0.3614147062422925,890.4590992927551,0.2655391762330382,0.5175973387180284
