precision,accuracy,recall,duration,f1,auc
0.4843786982248521,0.6757990867579908,0.5145419714385232,27.957586765289307,0.4859245815688647,0.7142610871059146
