precision,accuracy,recall,duration,f1,auc
0.41796728345400913,0.6194690265486725,0.5114187952574202,12.061068058013916,0.45346918275095066,0.7336885106639225
