precision,accuracy,recall,duration,f1,auc
0.9086449463161792,0.9318181818181818,0.9382133995037221,93.15325736999512,0.9211262219460312,0.014491315136476429
