precision,accuracy,recall,duration,f1,auc
0.5481481481481482,0.7077625570776256,0.5303030303030303,1207.6493985652924,0.5088803088803089,0.8817955886921404
