precision,accuracy,recall,duration,f1,auc
0.8772293051469253,0.7636363636363637,0.6112760533813165,12.292658805847168,0.5939340331013877,0.7918959133534033
