precision,accuracy,recall,duration,f1,auc
0.7656220033618754,0.7990867579908676,0.7938024231127679,52.03727841377258,0.7714487512815107,0.8923943536012503
