precision,accuracy,recall,duration,f1,auc
0.3522727272727273,0.7045454545454546,0.5,778.4403450489044,0.41333333333333333,0.21756823821339955
