precision,accuracy,recall,duration,f1,auc
0.6326185244121137,0.6727272727272727,0.6583811973642483,71.84245753288269,0.6293320867697307,0.8351592139727734
