precision,accuracy,recall,duration,f1,auc
0.5806435394670688,0.6415929203539823,0.5646502315158318,198.69310569763184,0.559754946573634,0.8275309207512599
