precision,accuracy,recall,duration,f1,auc
0.8538812785388128,0.7090909090909091,0.5076923076923077,308.4300067424774,0.4295900178253119,0.0006947890818858578
