precision,accuracy,recall,duration,f1,auc
0.5773550849601067,0.6818181818181818,0.6051132103763682,32.731990814208984,0.5889789062475371,0.7996470466106093
