precision,accuracy,recall,duration,f1,auc
0.8316326530612245,0.85,0.8935483870967742,910.5790331363678,0.8392062191313592,0.0008933002481389585
