precision,accuracy,recall,duration,f1,auc
0.5314285714285715,0.7909090909090909,0.6228161668839635,2860.010511159897,0.5725262576008845,0.7979762030609489
