precision,accuracy,recall,duration,f1,auc
0.7461697722567289,0.7363636363636363,0.7950372208436725,1431.9007382392883,0.7273504273504274,0.03831265508684865
