precision,accuracy,recall,duration,f1,auc
0.79985917972188,0.8363636363636363,0.8500524816314291,918.1744058132172,0.8134423744726096,0.9490536004706044
