precision,accuracy,recall,duration,f1,auc
0.4382284382284382,0.6636363636363637,0.5276353276353277,716.7773971557617,0.4787648970747562,0.7625650253180618
