precision,accuracy,recall,duration,f1,auc
0.5640096618357487,0.8,0.6468926553672317,38.03113269805908,0.601578573298919,0.8553848503001046
