precision,accuracy,recall,duration,f1,auc
0.7525656814449918,0.7831858407079646,0.7236256247160382,260.0601089000702,0.7342261261909905,0.20763289413902775
