precision,accuracy,recall,duration,f1,auc
0.6095238095238096,0.45454545454545453,0.5939685448160025,168.2152237892151,0.49068269569778744,0.8594741416775316
