precision,accuracy,recall,duration,f1,auc
0.4826612903225806,0.6460176991150443,0.5264979708761041,242.66913294792175,0.5034754529035083,0.7697654087603957
