precision,accuracy,recall,duration,f1,auc
0.5233494363929146,0.5954545454545455,0.39999999999999997,43.24036478996277,0.35316239316239323,0.6972080294114192
