precision,accuracy,recall,duration,f1,auc
0.3245694317330893,0.4772727272727273,0.3994301994301995,1036.0336666107178,0.3459646323627177,0.6384580781341915
