precision,accuracy,recall,duration,f1,auc
0.5641082849918191,0.7772727272727272,0.6051282051282051,151.96765208244324,0.573914072671322,0.7878507581897413
