precision,accuracy,recall,duration,f1,auc
0.47983156028368795,0.6318181818181818,0.45754985754985755,1964.7730305194855,0.43037575347867724,0.8004954035318407
