precision,accuracy,recall,duration,f1,auc
0.5823809523809523,0.4954545454545455,0.5506407319966642,3217.4465913772583,0.5245456243768162,0.7644026686399568
