precision,accuracy,recall,duration,f1,auc
0.44461914744933617,0.65,0.532942199043894,55.84216523170471,0.4749607548862323,0.825489505150522
