precision,accuracy,recall,duration,f1,auc
0.9203296703296704,0.867579908675799,0.7803030303030303,148.98262000083923,0.8159397188813216,0.007130124777183592
