precision,accuracy,recall,duration,f1,auc
0.6314147437559415,0.6590909090909091,0.6109011845853951,197.75981497764587,0.6157281800414021,0.8174429334348363
