precision,accuracy,recall,duration,f1,auc
0.8419519519519519,0.7831858407079646,0.7180507076663677,32.22094464302063,0.7300810436871114,0.8642696766950765
