val_loss,val_acc,loss,acc,lr
0.7884374634600808,0.5874439461883408,0.8577449388374375,0.6359516616314199,9.999999747378752e-06
0.810493238036408,0.757847533632287,0.7495112962953273,0.6842900302114804,9.999999747378752e-06
1.044496433201743,0.6278026905829597,0.6904247695090547,0.7326283987915407,9.999999747378752e-06
0.9886421623719113,0.7668161434977578,0.6341156737591925,0.756797583081571,9.999999747378752e-06
0.9871805077961608,0.57847533632287,0.5650086326586515,0.8081570996978852,9.999999747378752e-06
2.5311041882410525,0.6860986547085202,0.4710570444772161,0.850453172205438,9.999999747378752e-06
1.3059341834843443,0.5515695067264574,0.36639973521232605,0.9003021148036254,9.999999747378752e-06
0.9203970132598177,0.6681614349775785,0.40545481949301826,0.8700906344410876,9.999999747378752e-06
1.0365313202656405,0.6367713004484304,0.3503310024777703,0.8851963746223565,9.999999747378752e-06
0.9236553558216309,0.6816143497757847,0.32240830715520596,0.8912386706948641,9.999999747378752e-06
1.9131844181955306,0.7533632286995515,0.32321584979044077,0.8882175226586103,9.999999747378752e-06
0.9758535363573597,0.6188340807174888,0.3344261089953231,0.8821752265861027,1.9999999949504854e-06
1.099103275006804,0.757847533632287,0.3101634335341185,0.8882175226586103,1.9999999949504854e-06
1.3259639853676584,0.7713004484304933,0.2934667796425499,0.8972809667673716,1.9999999949504854e-06
0.8776738680927856,0.7130044843049327,0.26354311579371326,0.9093655589123867,1.9999999949504854e-06
1.0361373695146059,0.7623318385650224,0.28227893912495083,0.8987915407854985,1.9999999949504854e-06
