precision,accuracy,recall,duration,f1,auc
0.854095701540957,0.8401826484018264,0.7830518606380675,214.1348168849945,0.8098610584779592,0.9501786269027649
