precision,accuracy,recall,duration,f1,auc
0.9549808429118773,0.95,0.924317617866005,711.2005302906036,0.9379343951168218,0.007444168734491323
