precision,accuracy,recall,duration,f1,auc
0.6573448448448449,0.7272727272727273,0.5893987104513421,69.94977736473083,0.5483424754449314,0.7041333610159523
