precision,accuracy,recall,duration,f1,auc
0.9359513525801318,0.9223744292237442,0.8798276886512181,13.92500615119934,0.9019256605463503,0.01990493166963754
