precision,accuracy,recall,duration,f1,auc
0.8160233926078996,0.8545454545454545,0.825910931174089,887.4784829616547,0.8201703913006252,0.9601243410960011
