precision,accuracy,recall,duration,f1,auc
0.4311774461028192,0.6545454545454545,0.505982905982906,1100.2625226974487,0.463973063973064,0.7228462345871254
