precision,accuracy,recall,duration,f1,auc
0.8567146282973622,0.8681818181818182,0.7634753397465263,266.22725009918213,0.779996573917725,0.9146229019110375
