precision,accuracy,recall,duration,f1,auc
0.7156000404408047,0.7636363636363637,0.7116625310173698,20.21983313560486,0.7135416666666667,0.1390570719602978
