val_loss,val_acc,loss,acc,lr
7.541494334509616,0.5321100917431193,7.246269865664179,0.5149700600586965,0.009999999776482582
7.541494334509616,0.5321100917431193,7.552341235611967,0.5314371250346749,0.009999999776482582
7.541494334509616,0.5321100917431193,7.552341135676036,0.531437125748503,0.009999999776482582
7.541494334509616,0.5321100917431193,7.552341169939783,0.531437125748503,0.009999999776482582
7.541494334509616,0.5321100917431193,7.552341238467279,0.5314371253915889,0.009999999776482582
7.541494334509616,0.5321100917431193,7.552341212769468,0.5314371250346749,0.009999999776482582
7.541494334509616,0.5321100917431193,7.55234122704603,0.5314371252131319,0.009999999776482582
7.541494334509616,0.5321100917431193,7.5523411585185345,0.531437125748503,0.009999999776482582
7.541494334509616,0.5321100917431193,7.552341115688849,0.5314371253915889,0.009999999776482582
7.541494334509616,0.5321100917431193,7.552341172795096,0.5314371268192452,0.009999999776482582
7.541494334509616,0.5321100917431193,7.552341161373847,0.5314371253915889,0.009999999776482582
7.541494334509616,0.5321100917431193,7.552341207058844,0.5314371253915889,0.001999999862164259
7.541494334509616,0.5321100917431193,7.552341089991039,0.531437126105417,0.001999999862164259
7.541494334509616,0.5321100917431193,7.552341198492907,0.53143712592696,0.001999999862164259
7.541494334509616,0.5321100917431193,7.552341284152276,0.5314371250346749,0.001999999862164259
7.541494334509616,0.5321100917431193,7.552341138531348,0.5314371253915889,0.001999999862164259
