precision,accuracy,recall,duration,f1,auc
0.7724014336917563,0.7181818181818181,0.8063063063063063,348.17842531204224,0.7262108262108261,0.9330984178441805
