precision,accuracy,recall,duration,f1,auc
0.5981468027446232,0.6590909090909091,0.5584945269155795,158.19354915618896,0.5731315714691674,0.7705410798528206
