precision,accuracy,recall,duration,f1,auc
0.832601394988375,0.8584070796460177,0.8509768287142208,98.46766519546509,0.8403532008830021,0.07578373466606089
