val_loss,val_acc,loss,acc,lr
0.6352164855734371,0.8054298642533937,0.6222820967072784,0.7816265060240963,0.0010000000474974513
1.4035782606351503,0.8552036199095022,0.3399894117652607,0.8659638554216867,0.0010000000474974513
1.300856773329023,0.7782805429864253,0.1685332638560093,0.9352409638554217,0.0010000000474974513
0.9861961439072718,0.8054298642533937,0.11750295232975833,0.9548192771084337,0.0010000000474974513
1.238987427111271,0.7737556561085973,0.07721666459829395,0.9774096385542169,0.0010000000474974513
1.0243834720617688,0.8144796380090498,0.0674884581839503,0.9774096385542169,0.0010000000474974513
1.0583713140866786,0.8461538461538461,0.03735629239797043,0.9954819277108434,0.00020000000949949026
1.1217027129855504,0.8687782805429864,0.0332100694665632,0.9954819277108434,0.00020000000949949026
1.24570678524884,0.8506787330316742,0.024158116160570755,0.9969879518072289,0.00020000000949949026
1.3148460743940595,0.8597285067873304,0.025084541789543568,0.9954819277108434,0.00020000000949949026
1.2172194573657307,0.8371040723981901,0.023528468833604394,0.9969879518072289,0.00020000000949949026
1.2285656436761905,0.8416289592760181,0.01597016746421444,1.0,4.0000002627493814e-05
1.3515449643082993,0.8371040723981901,0.018546774720244324,0.9969879518072289,4.0000002627493814e-05
1.2157561424801042,0.8371040723981901,0.020142085524398626,0.9984939759036144,4.0000002627493814e-05
1.30773738916231,0.8371040723981901,0.018075418890026434,0.9969879518072289,4.0000002627493814e-05
1.260251600874172,0.8597285067873304,0.015182887247822484,1.0,4.0000002627493814e-05
