precision,accuracy,recall,duration,f1,auc
0.4471218206157965,0.6727272727272727,0.500999565406345,412.69160556793213,0.46459147039097326,0.7909134688795705
