precision,accuracy,recall,duration,f1,auc
0.6863636363636363,0.6863636363636364,0.7238213399503721,184.88919401168823,0.6726684636118598,0.15245657568238213
