precision,accuracy,recall,duration,f1,auc
0.9307145066501701,0.9363636363636364,0.9146401985111663,244.96983218193054,0.9221514508138712,0.011017369727047149
