precision,accuracy,recall,duration,f1,auc
0.7638861564692766,0.8264840182648402,0.7067412239826032,26.480712890625,0.7051561092176911,0.8701312990106094
