precision,accuracy,recall,duration,f1,auc
0.5746105612724214,0.6954545454545454,0.5951407731068749,8.97364091873169,0.5836974369957878,0.8201017184068031
