precision,accuracy,recall,duration,f1,auc
0.3705664555866985,0.5530973451327433,0.4129466061908172,109.2667543888092,0.3826945412311266,0.7348880272012285
