precision,accuracy,recall,duration,f1,auc
0.6270790612895876,0.6772727272727272,0.6386471216979692,270.5538558959961,0.6224276064884843,0.8313688525552932
