precision,accuracy,recall,duration,f1,auc
0.5118692592150781,0.6409090909090909,0.5498575498575499,19.22044014930725,0.5252086949334656,0.8005646100787801
