precision,accuracy,recall,duration,f1,auc
0.9399418792379721,0.9363636363636364,0.9057071960297767,713.8951489925385,0.92061037220332,0.014590570719602984
