precision,accuracy,recall,duration,f1,auc
0.6634690799396682,0.7090909090909091,0.6746702373821019,2195.4172656536102,0.6642030289619524,0.8147914537745047
