precision,accuracy,recall,duration,f1,auc
0.583864118895966,0.8181818181818182,0.6512820512820513,1196.3155670166016,0.6115199236459079,0.7254619025805468
