precision,accuracy,recall,duration,f1,auc
0.571994671994672,0.8090909090909091,0.64793568013907,3401.7019391059875,0.6049396681749623,0.780922513125903
