precision,accuracy,recall,duration,f1,auc
0.6557603276353277,0.7272727272727273,0.6527365422102265,963.4363324642181,0.6542157239831659,0.8209545889707833
