precision,accuracy,recall,duration,f1,auc
0.4217703942474585,0.6318181818181818,0.5327635327635328,911.6985223293304,0.46031107535532306,0.7862896063300923
