precision,accuracy,recall,duration,f1,auc
0.17737003058103976,0.5296803652968036,0.3333333333333333,47.93869185447693,0.2315369261477046,0.5377058092575334
