precision,accuracy,recall,duration,f1,auc
0.8126921657852663,0.8272727272727273,0.7523573200992555,14.630426168441772,0.7724303135888502,0.06729528535980149
