precision,accuracy,recall,duration,f1,auc
0.6227594448019119,0.7454545454545455,0.6270657880827373,20.135055541992188,0.619431150020842,0.7939057049226541
