precision,accuracy,recall,duration,f1,auc
0.9368547418967588,0.91324200913242,0.8603683897801545,10.188169002532959,0.8879795396419438,0.036145771439889084
