val_loss,val_acc,loss,acc,lr
4.805854237407724,0.701834862658737,4.762144565582275,0.6871257492168221,0.0010000000474974513
4.805854237407724,0.701834862658737,4.849905977705996,0.6991017956933575,0.0010000000474974513
4.805854237407724,0.701834862658737,4.849906001976151,0.6991017971210137,0.0010000000474974513
4.805854237407724,0.701834862658737,4.8499059363039665,0.6991017960502716,0.0010000000474974513
4.805854237407724,0.701834862658737,4.849905924882718,0.6991017974779278,0.0010000000474974513
4.805854237407724,0.701834862658737,4.849906019108024,0.6991017953364435,0.0010000000474974513
4.805854237407724,0.701834862658737,4.849905977705996,0.6991017956933575,0.0010000000474974513
4.805854237407724,0.701834862658737,4.849905993410213,0.6991017974779278,0.0010000000474974513
4.805854237407724,0.701834862658737,4.849905996265526,0.6991017964071856,0.0010000000474974513
4.805854237407724,0.701834862658737,4.849905922027405,0.6991017953364435,0.0010000000474974513
4.805854237407724,0.701834862658737,4.849905996265526,0.6991017964071856,0.0010000000474974513
4.805854237407724,0.701834862658737,4.8499060133973995,0.6991017960502716,0.0005000000237487257
4.805854237407724,0.701834862658737,4.849906041950523,0.6991017964071856,0.0005000000237487257
4.805854237407724,0.701834862658737,4.8499059305933425,0.6991017967640997,0.0005000000237487257
4.805854237407724,0.701834862658737,4.849906024818649,0.6991017971210137,0.0005000000237487257
4.805854237407724,0.701834862658737,4.849906016252712,0.6991017960502716,0.0005000000237487257
