precision,accuracy,recall,duration,f1,auc
0.7166373306079189,0.7863636363636364,0.7311803328752481,19.191160678863525,0.7221608873342232,0.9119231356519492
