precision,accuracy,recall,duration,f1,auc
0.5007154735661523,0.7227272727272728,0.5435897435897435,1353.8183002471924,0.5097320677640274,0.7140455970964444
