precision,accuracy,recall,duration,f1,auc
0.7512827839089492,0.7818181818181819,0.6913762523932014,937.9235045909882,0.6945332318619991,0.8538144402551181
