precision,accuracy,recall,duration,f1,auc
0.5176357289033345,0.7636363636363637,0.6245014245014245,923.0175313949585,0.5660645660645661,0.8639451192082771
