precision,accuracy,recall,duration,f1,auc
0.7200092249111857,0.7168141592920354,0.6527961477830182,162.60917496681213,0.6350942290791914,0.795616576232475
