precision,accuracy,recall,duration,f1,auc
0.4873694207027541,0.7045454545454546,0.5737891737891738,33.010722398757935,0.5270100270100271,0.7705912545993518
