precision,accuracy,recall,duration,f1,auc
0.548350505718877,0.8045454545454546,0.6428074750108649,6776.575176000595,0.5910626422853785,0.8969613681478088
