precision,accuracy,recall,duration,f1,auc
0.823678601875533,0.8227272727272728,0.7234967761283552,16.108484745025635,0.7366708852634433,0.7994440407395874
