precision,accuracy,recall,duration,f1,auc
0.4406947890818859,0.6545454545454545,0.5105413105413105,700.7130253314972,0.47073906485671196,0.8460321579754778
