precision,accuracy,recall,duration,f1,auc
0.5137614678899083,0.5454545454545454,0.34358974358974353,471.3240532875061,0.25402748163942196,0.8213174060631688
