precision,accuracy,recall,duration,f1,auc
0.583864118895966,0.8227272727272728,0.6564102564102564,375.3781912326813,0.614185606060606,0.7967141195954754
