precision,accuracy,recall,duration,f1,auc
0.6277781089584368,0.7031963470319634,0.6139164242612518,28.523873567581177,0.6198081048997507,0.8649931279241624
