precision,accuracy,recall,duration,f1,auc
0.5669934640522877,0.7363636363636363,0.5997087047934505,85.06434965133667,0.5700961479185666,0.7514100802236395
