precision,accuracy,recall,duration,f1,auc
0.5224358974358975,0.5909090909090909,0.39487179487179486,3745.885396718979,0.3452048973521366,0.7716873979585843
