precision,accuracy,recall,duration,f1,auc
0.9015544041450777,0.8272727272727273,0.7076923076923077,31.951757669448853,0.73888055972014,0.0339454094292804
