val_loss,val_acc,loss,acc,lr
5.032346505385181,0.687782807182942,4.57802123908537,0.686746987233679,0.009999999776482582
5.032346505385181,0.687782807182942,4.806299551423773,0.7018072281975344,0.009999999776482582
5.032346505385181,0.687782807182942,4.8062995485512605,0.7018072281975344,0.009999999776482582
5.032346505385181,0.687782807182942,4.806299565786339,0.7018072289156626,0.009999999776482582
5.032346505385181,0.687782807182942,4.806299537061209,0.7018072296337909,0.009999999776482582
5.032346505385181,0.687782807182942,4.806299545678748,0.7018072296337909,0.009999999776482582
5.032346505385181,0.687782807182942,4.806299617491573,0.7018072289156626,0.004999999888241291
5.032346505385181,0.687782807182942,4.8062995485512605,0.7018072296337909,0.004999999888241291
5.032346505385181,0.687782807182942,4.8062995485512605,0.7018072296337909,0.004999999888241291
5.032346505385181,0.687782807182942,4.806299531316182,0.7018072296337909,0.004999999888241291
5.032346505385181,0.687782807182942,4.8062995485512605,0.7018072296337909,0.004999999888241291
5.032346505385181,0.687782807182942,4.806299600256494,0.7018072289156626,0.0024999999441206455
5.032346505385181,0.687782807182942,4.806299560041313,0.7018072296337909,0.0024999999441206455
5.032346505385181,0.687782807182942,4.806299560041313,0.7018072289156626,0.0024999999441206455
5.032346505385181,0.687782807182942,4.806299583021417,0.7018072281975344,0.0024999999441206455
5.032346505385181,0.687782807182942,4.8062995255711565,0.7018072289156626,0.0024999999441206455
