precision,accuracy,recall,duration,f1,auc
0.9036458333333333,0.8318181818181818,0.7153846153846154,31.551340341567993,0.7477611477797403,0.02322580645161291
