precision,accuracy,recall,duration,f1,auc
0.8824183601253666,0.9,0.8754342431761786,873.7068228721619,0.8788060897435898,0.03682382133995038
