precision,accuracy,recall,duration,f1,auc
0.9067316080255888,0.863013698630137,0.7770350564468211,5.353142499923706,0.8108590511285121,0.02485640720934837
