precision,accuracy,recall,duration,f1,auc
0.8019568641706046,0.8090909090909091,0.6772789738891434,7128.151243209839,0.6461538066616097,0.9030075055498784
