precision,accuracy,recall,duration,f1,auc
0.9325925216336176,0.8805309734513275,0.7567567567567567,197.92633628845215,0.7719525284639005,0.9463002630226311
