precision,accuracy,recall,duration,f1,auc
0.5203720554039025,0.7681818181818182,0.5948717948717949,10.295826196670532,0.551685606060606,0.7832816519257197
