precision,accuracy,recall,duration,f1,auc
0.891566265060241,0.9181818181818182,0.9419354838709677,421.8106873035431,0.9083672713809701,0.0
