precision,accuracy,recall,duration,f1,auc
0.39637969094922737,0.6061946902654868,0.46554468051245324,5.779427528381348,0.42722072278521833,0.7030290615275098
