precision,accuracy,recall,duration,f1,auc
0.9203296703296704,0.867579908675799,0.7803030303030303,71.32386136054993,0.8159397188813216,0.07892652010299069
