precision,accuracy,recall,duration,f1,auc
0.8863636363636364,0.7945205479452054,0.6590909090909091,190.86657762527466,0.6772767462422635,0.0380273321449792
