precision,accuracy,recall,duration,f1,auc
0.9517027200685372,0.9452054794520548,0.917706476530006,418.47566962242126,0.9325046229710293,0.020598138245197066
