precision,accuracy,recall,duration,f1,auc
0.7103066267268292,0.7954545454545454,0.655825461088619,22.06985330581665,0.6534562211981567,0.8064788862359712
