precision,accuracy,recall,duration,f1,auc
0.8199946645324796,0.8045454545454546,0.6906732643574749,145.61658906936646,0.7218834122342894,0.7485080221922328
