val_loss,val_acc,loss,acc,lr
4.731917997019009,0.7064220183486238,4.750044073983537,0.7019667170953101,0.009999999776482582
4.731917997019009,0.7064220183486238,4.803728943152436,0.7019667170953101,0.009999999776482582
4.731917997019009,0.7064220183486238,4.8037289445952105,0.7019667170953101,0.009999999776482582
4.731917997019009,0.7064220183486238,4.803728944414864,0.7019667170953101,0.009999999776482582
4.731917997019009,0.7064220183486238,4.803728944414863,0.7019667170953101,0.009999999776482582
4.731917997019009,0.7064220183486238,4.803728944414863,0.7019667170953101,0.009999999776482582
4.731917997019009,0.7064220183486238,4.80372894405417,0.7019667170953101,0.001999999862164259
4.731917997019009,0.7064220183486238,4.803728942431048,0.7019667170953101,0.001999999862164259
4.731917997019009,0.7064220183486238,4.803728945496945,0.7019667170953101,0.001999999862164259
4.731917997019009,0.7064220183486238,4.803728944955903,0.7019667170953101,0.001999999862164259
4.731917997019009,0.7064220183486238,4.803728943873823,0.7019667170953101,0.001999999862164259
4.731917997019009,0.7064220183486238,4.803728943873823,0.7019667170953101,0.0003999999607913196
4.731917997019009,0.7064220183486238,4.803728946759374,0.7019667170953101,0.0003999999607913196
4.731917997019009,0.7064220183486238,4.803728944234517,0.7019667170953101,0.0003999999607913196
4.731917997019009,0.7064220183486238,4.803728945316598,0.7019667170953101,0.0003999999607913196
4.731917997019009,0.7064220183486238,4.803728942431048,0.7019667170953101,0.0003999999607913196
