precision,accuracy,recall,duration,f1,auc
0.8239583333333333,0.85,0.8086848635235733,103.98122215270996,0.8156190476190476,0.053995037220843686
