precision,accuracy,recall,duration,f1,auc
0.48661161161161165,0.7181818181818181,0.5754985754985755,37.81313920021057,0.5267593995317449,0.6948726599536316
