precision,accuracy,recall,duration,f1,auc
0.5700714852239835,0.5818181818181818,0.5669567872957704,672.5209538936615,0.5420261086716703,0.7956528888732278
