precision,accuracy,recall,duration,f1,auc
0.9526032680401908,0.9380530973451328,0.9052248977737392,1357.0332505702972,0.9244147157190636,0.0023625624716038193
