precision,accuracy,recall,duration,f1,auc
0.9299999999999999,0.9136363636363637,0.8627791563275434,12.77896785736084,0.888160535117057,0.018660049627791567
