precision,accuracy,recall,duration,f1,auc
0.8893196713745039,0.9026548672566371,0.8832348932303498,2316.7004420757294,0.8861721611721611,0.023171285779191274
