val_loss,val_acc,loss,acc,lr
11.38617751576485,0.29357798165137616,11.274979437714086,0.2980332829046899,0.009999999776482582
11.38617751576485,0.29357798165137616,11.3143665233286,0.2980332829046899,0.009999999776482582
11.38617751576485,0.29357798165137616,11.314366522607212,0.2980332829046899,0.009999999776482582
11.38617751576485,0.29357798165137616,11.314366520262702,0.2980332829046899,0.009999999776482582
11.38617751576485,0.29357798165137616,11.314366522066171,0.2980332829046899,0.009999999776482582
11.38617751576485,0.29357798165137616,11.314366521885825,0.2980332829046899,0.009999999776482582
11.38617751576485,0.29357798165137616,11.314366525312415,0.2980332829046899,0.001999999862164259
11.38617751576485,0.29357798165137616,11.3143665233286,0.2980332829046899,0.001999999862164259
11.38617751576485,0.29357798165137616,11.314366525673108,0.2980332829046899,0.001999999862164259
11.38617751576485,0.29357798165137616,11.314366521344784,0.2980332829046899,0.001999999862164259
11.38617751576485,0.29357798165137616,11.314366524230334,0.2980332829046899,0.001999999862164259
11.38617751576485,0.29357798165137616,11.314366523148253,0.2980332829046899,0.0003999999607913196
11.38617751576485,0.29357798165137616,11.31436652386964,0.2980332829046899,0.0003999999607913196
11.38617751576485,0.29357798165137616,11.314366523508946,0.2980332829046899,0.0003999999607913196
11.38617751576485,0.29357798165137616,11.314366524771375,0.2980332829046899,0.0003999999607913196
11.38617751576485,0.29357798165137616,11.314366520443048,0.2980332829046899,0.0003999999607913196
