precision,accuracy,recall,duration,f1,auc
0.4767857142857143,0.7090909090909091,0.5789173789173789,5.852342367172241,0.5228856388926161,0.7734512151516201
