precision,accuracy,recall,duration,f1,auc
0.49539302022178733,0.6181818181818182,0.5173789173789174,22.37713098526001,0.5053477627998229,0.7673944888519788
