precision,accuracy,recall,duration,f1,auc
0.6864327485380116,0.6814159292035398,0.590221278810441,25.34201431274414,0.6143390191897655,0.8107134945879277
