precision,accuracy,recall,duration,f1,auc
0.8596348096348096,0.8008849557522124,0.7451637600837887,57.70774698257446,0.7833357706218985,0.8361780854619241
