precision,accuracy,recall,duration,f1,auc
0.6614114114114115,0.5636363636363636,0.6607879065506185,1139.5227863788605,0.5862529195862529,0.8463975709738422
