precision,accuracy,recall,duration,f1,auc
0.9713881306237995,0.9727272727272728,0.9627791563275434,3296.524114370346,0.9669471153846154,0.0017866004962779187
