precision,accuracy,recall,duration,f1,auc
0.9089475758770201,0.8818181818181818,0.8089330024813896,628.510350227356,0.8404730031236055,0.03225806451612903
