precision,accuracy,recall,duration,f1,auc
0.8627232142857143,0.8136363636363636,0.6935483870967742,562.7257308959961,0.7204920826748473,0.37454094292803974
