precision,accuracy,recall,duration,f1,auc
0.5471835075493612,0.759090909090909,0.5965811965811966,434.9423871040344,0.5624736527357038,0.8637634520225613
