precision,accuracy,recall,duration,f1,auc
0.1570796460176991,0.3141592920353982,0.5,427.11560010910034,0.23905723905723905,0.5
