precision,accuracy,recall,duration,f1,auc
0.8423318694566435,0.8672566371681416,0.8612448886869605,3053.4632728099823,0.8503311258278146,0.04743298500681509
