precision,accuracy,recall,duration,f1,auc
0.9874213836477987,0.9818181818181818,0.9692307692307692,54.03797769546509,0.9777575573753918,0.00029776674937965336
