precision,accuracy,recall,duration,f1,auc
0.7014941651216053,0.7433628318584071,0.667878237164925,32.53638672828674,0.6777143981117231,0.2905951840072694
