precision,accuracy,recall,duration,f1,auc
0.6931462052050688,0.7454545454545455,0.6406947890818858,279.46229815483093,0.6520167212744323,0.233151364764268
