precision,accuracy,recall,duration,f1,auc
0.7424719887955182,0.7772727272727272,0.7749379652605459,692.4103465080261,0.7513780299361148,0.19602977667493798
