precision,accuracy,recall,duration,f1,auc
0.6775335775335775,0.6772727272727272,0.7052209967464206,174.30819368362427,0.6558898190754525,0.9003893724232707
