precision,accuracy,recall,duration,f1,auc
0.5761063961239553,0.8227272727272728,0.6610169491525424,14.189563274383545,0.6136456819113646,0.942537909487062
