precision,accuracy,recall,duration,f1,auc
0.8486714975845411,0.8362831858407079,0.762335302135393,317.7571105957031,0.786656461283327,0.16974102680599729
