precision,accuracy,recall,duration,f1,auc
0.8289190353143842,0.8362831858407079,0.7776010904134484,892.5196821689606,0.7954250764525994,0.0708768741481145
