precision,accuracy,recall,duration,f1,auc
0.8494623655913979,0.8727272727272727,0.9096774193548387,809.8703186511993,0.8617470149923692,0.02580645161290323
