precision,accuracy,recall,duration,f1,auc
0.6785714285714286,0.7318181818181818,0.5952853598014889,5.243183135986328,0.5977812897028291,0.09399503722084368
