precision,accuracy,recall,duration,f1,auc
0.8735632183908046,0.9,0.9290322580645161,7.066995859146118,0.8894371345029239,0.0006947890818858562
