precision,accuracy,recall,duration,f1,auc
0.5614035087719298,0.7545454545454545,0.5846153846153846,35.613038778305054,0.5573830409356725,0.6033455598232926
