precision,accuracy,recall,duration,f1,auc
0.46657795520070966,0.6712328767123288,0.49207593173110414,3174.4338467121124,0.4630991415443712,0.744572942848805
