precision,accuracy,recall,duration,f1,auc
0.9175804093567251,0.9409090909090909,0.9535980148883375,189.54533004760742,0.9321615787850756,0.008138957816377175
