precision,accuracy,recall,duration,f1,auc
0.7822177822177823,0.8181818181818182,0.8084367245657569,867.374561548233,0.7920408356177333,0.13156327543424318
