val_loss,val_acc,loss,acc,lr
0.5786961966210917,0.6681614349775785,0.7558941279293188,0.6842900302114804,9.999999747378752e-05
0.3938299642266046,0.8071748878923767,0.5736331322266977,0.756797583081571,9.999999747378752e-05
0.9071561143000223,0.6547085201793722,0.5296820817217006,0.7688821752265861,9.999999747378752e-05
1.003968672961834,0.547085201793722,0.46806107528980406,0.8141993957703928,9.999999747378752e-05
0.6981083858364592,0.8295964125560538,0.47474058084977716,0.8126888217522659,9.999999747378752e-05
0.3428742710455016,0.8565022421524664,0.4245894907374396,0.8383685800604229,9.999999747378752e-05
1.018636105707408,0.6367713004484304,0.3869742161152586,0.8655589123867069,9.999999747378752e-05
0.7872154466191376,0.8295964125560538,0.38809451958294,0.8731117824773413,9.999999747378752e-05
0.5860351194325321,0.7264573992367818,0.36400326937887245,0.8685800604229608,9.999999747378752e-05
0.6172084564715311,0.8116591928251121,0.33112527661903385,0.8851963746223565,9.999999747378752e-05
3.6135263363263026,0.45739910313901344,0.3114779209802518,0.8851963746223565,9.999999747378752e-05
2.0484162364956604,0.6860986547085202,0.3223810628551731,0.8972809667673716,9.999999747378752e-05
0.6043045670796403,0.7668161434977578,0.2741745297777329,0.9169184290030211,9.999999747378752e-05
3.149140597511116,0.40358744394618834,0.2766090010453207,0.9229607250755287,9.999999747378752e-05
0.37660494202595507,0.8161434977578476,0.2648055724507012,0.9229607250755287,9.999999747378752e-05
3.0468479851312984,0.3721973094170404,0.25479586440450835,0.9290030211480362,9.999999747378752e-05
0.3513564015550731,0.8699551569506726,0.16821930905258187,0.9637462235649547,1.9999999494757503e-05
0.37861211640309256,0.8295964125560538,0.14622420850252096,0.9833836858006042,1.9999999494757503e-05
1.095384085509141,0.5964125560538116,0.1403671800358688,0.9803625377643505,1.9999999494757503e-05
0.348377379890523,0.8475336322869955,0.1456998864250691,0.9773413897280967,1.9999999494757503e-05
0.8905961651692006,0.8295964125560538,0.14317180247262706,0.974320241691843,1.9999999494757503e-05
