precision,accuracy,recall,duration,f1,auc
0.5841985213150857,0.6940639269406392,0.5387024955990473,27.751542329788208,0.5205227630916732,0.7464810029465202
