precision,accuracy,recall,duration,f1,auc
0.8412314635718892,0.8628318584070797,0.8847342117219446,18.399347066879272,0.8520536374194911,0.05751930940481599
