precision,accuracy,recall,duration,f1,auc
0.8129511677282378,0.7863636363636364,0.6701604438446545,153.34826612472534,0.7036670142509559,0.7376258694072458
