precision,accuracy,recall,duration,f1,auc
0.6201049227365016,0.5272727272727272,0.5706661028694927,1925.1501977443695,0.522989142989143,0.7960927681266664
