precision,accuracy,recall,duration,f1,auc
0.6250601995184039,0.6590909090909091,0.6273476866697206,1120.6478564739227,0.6197911620525692,0.7466624381878618
