precision,accuracy,recall,duration,f1,auc
0.7338095238095239,0.7772727272727272,0.7436724565756824,206.33121800422668,0.7381906496660595,0.11523573200992557
