precision,accuracy,recall,duration,f1,auc
0.7119003741553582,0.740909090909091,0.6653523145048569,641.1992909908295,0.6780903352331924,0.808357705815333
