precision,accuracy,recall,duration,f1,auc
0.462532299741602,0.6772727272727272,0.49230769230769234,179.95269060134888,0.45802469135802476,0.6317887639921538
