precision,accuracy,recall,duration,f1,auc
0.4683006535947712,0.6454545454545455,0.5527065527065527,25.94588327407837,0.49702504497025046,0.8006107477767396
