precision,accuracy,recall,duration,f1,auc
0.4720636090133235,0.6454545454545455,0.5370273794002608,193.5118453502655,0.47764946997683566,0.8197963282709045
