precision,accuracy,recall,duration,f1,auc
0.8469281045751634,0.8097345132743363,0.7175958484146596,24.06768250465393,0.7414905592017016,0.8999207491090996
