precision,accuracy,recall,duration,f1,auc
0.5044776119402985,0.75,0.5950890916992612,14.747920274734497,0.5458310527276043,0.7148519445129615
