precision,accuracy,recall,duration,f1,auc
0.5389139139139139,0.8045454545454546,0.6358974358974359,86.6412365436554,0.5828439712419735,0.7958713602781399
