precision,accuracy,recall,duration,f1,auc
0.44828306022335873,0.6318181818181818,0.5031339031339032,3474.228104829788,0.47327117327117324,0.7608968591762114
