val_loss,val_acc,loss,acc,lr
5.032346607333398,0.6877828054298643,4.784681899540396,0.7018072289156626,0.009999999776482582
5.032346607333398,0.6877828054298643,4.806299593075213,0.7018072289156626,0.009999999776482582
5.032346607333398,0.6877828054298643,4.806299590920828,0.7018072289156626,0.009999999776482582
5.032346607333398,0.6877828054298643,4.806299592716148,0.7018072289156626,0.009999999776482582
5.032346607333398,0.6877828054298643,4.806299589125508,0.7018072289156626,0.009999999776482582
5.032346607333398,0.6877828054298643,4.806299590920829,0.7018072289156626,0.009999999776482582
5.032346607333398,0.6877828054298643,4.806299589125507,0.7018072289156626,0.009999999776482582
5.032346607333398,0.6877828054298643,4.806299591279893,0.7018072289156626,0.009999999776482582
5.032346607333398,0.6877828054298643,4.806299588407379,0.7018072289156626,0.009999999776482582
5.032346607333398,0.6877828054298643,4.806299592357084,0.7018072289156626,0.009999999776482582
5.032346607333398,0.6877828054298643,4.8062995902027,0.7018072289156626,0.009999999776482582
5.032346607333398,0.6877828054298643,4.8062995902027,0.7018072289156626,0.0009999999310821295
5.032346607333398,0.6877828054298643,4.806299588766444,0.7018072289156626,0.0009999999310821295
5.032346607333398,0.6877828054298643,4.806299587689251,0.7018072289156626,0.0009999999310821295
5.032346607333398,0.6877828054298643,4.8062995902027,0.7018072289156626,0.0009999999310821295
5.032346607333398,0.6877828054298643,4.8062995894845715,0.7018072289156626,0.0009999999310821295
