precision,accuracy,recall,duration,f1,auc
0.8572733918128654,0.8863636363636364,0.8880893300248139,64.82880353927612,0.8695414976636069,0.04655086848635236
