precision,accuracy,recall,duration,f1,auc
0.5109803921568628,0.7045454545454546,0.5418803418803418,82.14843225479126,0.5129121850224713,0.682789485218635
