precision,accuracy,recall,duration,f1,auc
0.3614672364672365,0.5309734513274337,0.3576828200843479,1207.1216106414795,0.2998552422968222,0.6613755674987473
