precision,accuracy,recall,duration,f1,auc
0.9613095238095238,0.9424778761061947,0.9084507042253521,682.0772659778595,0.9294885640914873,0.002180826896865061
