precision,accuracy,recall,duration,f1,auc
0.9850746268656716,0.990909090909091,0.9935483870967742,15.155435562133789,0.9891774891774892,0.00019851116625310225
