precision,accuracy,recall,duration,f1,auc
0.883532008830022,0.9026548672566371,0.8946842344388914,81.25486660003662,0.8887098218282747,0.030258973194002732
