val_loss,val_acc,loss,acc,lr
0.49829323302715195,0.7385321100917431,0.7126029338490404,0.6732223904078739,0.0010000000474974513
0.2551619982295627,0.8440366975211222,0.4343400757404752,0.797276853342821,0.0010000000474974513
0.17897234904930132,0.9541284403669725,0.38084658709849245,0.824508320816346,0.0010000000474974513
0.16702080606867414,0.9495412844036697,0.29258219724163165,0.8910741301059002,0.0010000000474974513
0.13105072303559767,0.963302752293578,0.24621746669919337,0.9016641454148401,0.0010000000474974513
0.19605391208988127,0.8990825677136762,0.21211246447849022,0.9152798789712556,0.0010000000474974513
0.21360151667933946,0.8899082568807339,0.2127200217407518,0.9273827534941069,0.0010000000474974513
0.1545151375798047,0.944954128440367,0.30659795604905454,0.875945537065053,0.0010000000474974513
0.1762132289383663,0.9220183486238532,0.251535058405487,0.8880484114977307,0.0010000000474974513
0.14497209856406265,0.9541284403669725,0.1739675394976554,0.9349470499243571,0.0010000000474974513
0.13693335081595892,0.944954128440367,0.17003911017312043,0.9394856278366112,0.0010000000474974513
0.2755637941139733,0.8807339449541285,0.14201762918354705,0.9455370651431235,0.0010000000474974513
0.14968796552868063,0.944954128440367,0.15421045205236023,0.9470499244472083,0.0010000000474974513
0.29010346536567316,0.8715596319338598,0.12427783542159106,0.962178517397882,0.0010000000474974513
0.2782226558603825,0.8899082568807339,0.12487327802289452,0.9606656580937972,0.0010000000474974513
0.15691145473595605,0.9220183486238532,0.10754494609116787,0.9636913767019667,0.00010000000474974513
0.1660606620594039,0.926605504587156,0.07910847013503448,0.9757942512248179,0.00010000000474974513
0.1675845308895778,0.926605504587156,0.0762240370557997,0.9697428139183056,0.00010000000474974513
0.17907900025709234,0.9220183486238532,0.07854302417918048,0.972768532526475,0.00010000000474974513
0.14645711985339813,0.9357798165137615,0.06767853035918421,0.9757942511346445,0.00010000000474974513
