precision,accuracy,recall,duration,f1,auc
0.9666879523201362,0.9590909090909091,0.9352357320099256,1906.7520134449005,0.949219050550127,0.004962779156327548
