precision,accuracy,recall,duration,f1,auc
0.5235772357723577,0.6,0.4102564102564103,506.4836401939392,0.36723602484472045,0.7118833408307093
