precision,accuracy,recall,duration,f1,auc
0.783011583011583,0.7909090909090909,0.6818858560794044,25.96421980857849,0.7023529411764706,0.31890818858560793
