val_loss,val_acc,loss,acc,lr
0.5821363313482442,0.701834862658737,0.599370803661689,0.6901197601221278,9.999999747378752e-06
0.5508697743809551,0.7293578008992956,0.5431809161237614,0.7035928143712575,9.999999747378752e-06
0.5339917141363162,0.7385321122790696,0.5086597441556211,0.748502993655062,9.999999747378752e-06
0.5439025715950432,0.7614678915487517,0.48238126996034636,0.7649700605940676,9.999999747378752e-06
0.5150787666303303,0.7201834895195217,0.456799918306088,0.8068862271879962,9.999999747378752e-06
0.5104215653664476,0.715596333556219,0.4297266645345859,0.8473053885077289,9.999999747378752e-06
0.5086600900790014,0.73394495740943,0.41735286716215625,0.8353293416742793,9.999999747378752e-06
0.5030283769336316,0.7385321133727327,0.40815802980325894,0.8443113768885949,9.999999747378752e-06
0.5075138719803697,0.7293578014461273,0.39065369963645935,0.8682634726969781,9.999999747378752e-06
0.5087701213469199,0.7385321133727327,0.3673878058701932,0.8727544913748781,9.999999747378752e-06
0.5216110447131166,0.7385321133727327,0.35337639158357403,0.8847305378514135,9.999999747378752e-06
0.5375938535830297,0.7385321133727327,0.3431636298488,0.8922155699330175,9.999999747378752e-06
0.5157736381259533,0.7431192693360354,0.32457899654696803,0.9011976055042472,9.999999747378752e-06
0.5139517554449379,0.7431192693360354,0.316078834547968,0.8982035924574572,4.999999873689376e-06
0.523707950880768,0.752293581262641,0.31147800055806507,0.8997005977316531,4.999999873689376e-06
0.521225787084037,0.7431192693360354,0.3040913348783276,0.9071856283856009,4.999999873689376e-06
0.550097546446214,0.7431192693360354,0.2996476704845885,0.9071856283856009,4.999999873689376e-06
0.5538269040781424,0.7431192693360354,0.2935765171479322,0.9116766456358447,4.999999873689376e-06
0.5364375076162706,0.752293581262641,0.2898414970158103,0.9116766474204149,2.499999936844688e-06
0.5374776294472021,0.752293581262641,0.2852852774594358,0.9071856280286869,2.499999936844688e-06
0.5406918640530437,0.752293581262641,0.2831260367424902,0.9116766463496728,2.499999936844688e-06
0.5435823371650976,0.752293581262641,0.2796964775659367,0.9161676643137446,2.499999936844688e-06
0.5405754381363544,0.752293581262641,0.2782348281073713,0.9146706593964629,2.499999936844688e-06
