precision,accuracy,recall,duration,f1,auc
0.9281767955801106,0.8818181818181818,0.8,1604.2879037857056,0.8363095238095237,0.08208436724565757
