precision,accuracy,recall,duration,f1,auc
0.5822784810126582,0.8181818181818182,0.6512820512820513,22.81203269958496,0.6104834721746738,0.955114110198856
