precision,accuracy,recall,duration,f1,auc
0.51364522417154,0.7727272727272727,0.6165242165242165,636.0166425704956,0.5603108611179044,0.7629854550907184
