precision,accuracy,recall,duration,f1,auc
0.5973586384182411,0.6438356164383562,0.5433152588325002,1771.9829206466675,0.54892770175894,0.7159958744010467
