precision,accuracy,recall,duration,f1,auc
0.5406626995740252,0.7954545454545454,0.6256410256410256,1418.2392556667328,0.5781616907078162,0.9343675487743285
