precision,accuracy,recall,duration,f1,auc
0.7055983376115389,0.740909090909091,0.7153000458085205,997.1127374172211,0.7044508003412112,0.9042596051070628
