precision,accuracy,recall,duration,f1,auc
0.900952380952381,0.8818181818181818,0.8133995037220844,1362.3422315120697,0.8424242424242423,0.10699751861042185
