precision,accuracy,recall,duration,f1,auc
0.5004748543060652,0.5863636363636363,0.540438352302759,1119.175944328308,0.49305183037332373,0.7113517037245852
