precision,accuracy,recall,duration,f1,auc
0.7913043478260869,0.8,0.8491315136476427,52.488885164260864,0.7891067538126362,0.09975186104218361
