val_loss,val_acc,loss,acc,lr
5.032346505385181,0.687782807182942,4.6424664244594345,0.7018072289156626,0.009999999776482582
5.032346505385181,0.687782807182942,4.806299594511469,0.7018072296337909,0.009999999776482582
5.032346505385181,0.687782807182942,4.806299562913826,0.7018072281975344,0.009999999776482582
5.032346505385181,0.687782807182942,4.8062995485512605,0.7018072281975344,0.009999999776482582
5.032346505385181,0.687782807182942,4.806299580148904,0.7018072296337909,0.009999999776482582
5.032346505385181,0.687782807182942,4.806299531316182,0.7018072285565985,0.009999999776482582
5.032346505385181,0.687782807182942,4.806299588766443,0.7018072281975344,0.009999999776482582
5.032346505385181,0.687782807182942,4.806299606001521,0.7018072296337909,0.009999999776482582
5.032346505385181,0.687782807182942,4.806299594511469,0.7018072281975344,0.009999999776482582
5.032346505385181,0.687782807182942,4.806299485355975,0.7018072289156626,0.009999999776482582
5.032346505385181,0.687782807182942,4.806299545678748,0.7018072296337909,0.009999999776482582
5.032346505385181,0.687782807182942,4.8062995571688,0.7018072296337909,0.0009999999310821295
5.032346505385181,0.687782807182942,4.806299537061209,0.7018072289156626,0.0009999999310821295
5.032346505385181,0.687782807182942,4.806299571531365,0.7018072296337909,0.0009999999310821295
5.032346505385181,0.687782807182942,4.806299502591052,0.7018072281975344,0.0009999999310821295
5.032346505385181,0.687782807182942,4.806299565786339,0.7018072281975344,0.0009999999310821295
