precision,accuracy,recall,duration,f1,auc
0.5000340205484113,0.7181818181818181,0.5661016949152543,17.117647886276245,0.5305013394565633,0.7760045573604897
