val_loss,val_acc,loss,acc,lr
7.589237804370078,0.5291479820627802,7.551747788835508,0.5302114803625377,0.009999999776482582
7.589237804370078,0.5291479820627802,7.572096209511656,0.5302114803625377,0.009999999776482582
7.589237804370078,0.5291479820627802,7.572096205910167,0.5302114803625377,0.009999999776482582
7.589237804370078,0.5291479820627802,7.572096210592103,0.5302114803625377,0.009999999776482582
7.589237804370078,0.5291479820627802,7.572096207710912,0.5302114803625377,0.009999999776482582
7.589237804370078,0.5291479820627802,7.572096210231954,0.5302114803625377,0.009999999776482582
7.589237804370078,0.5291479820627802,7.572096210231954,0.5302114803625377,0.009999999776482582
7.589237804370078,0.5291479820627802,7.572096210952251,0.5302114803625377,0.009999999776482582
7.589237804370078,0.5291479820627802,7.5720962098718045,0.5302114803625377,0.009999999776482582
7.589237804370078,0.5291479820627802,7.5720962098718045,0.5302114803625377,0.009999999776482582
7.589237804370078,0.5291479820627802,7.5720962123928475,0.5302114803625377,0.009999999776482582
7.589237804370078,0.5291479820627802,7.57209621167255,0.5302114803625377,0.004999999888241291
7.589237804370078,0.5291479820627802,7.572096209151507,0.5302114803625377,0.004999999888241291
7.589237804370078,0.5291479820627802,7.572096210952251,0.5302114803625377,0.004999999888241291
7.589237804370078,0.5291479820627802,7.572096209511656,0.5302114803625377,0.004999999888241291
7.589237804370078,0.5291479820627802,7.572096210592103,0.5302114803625377,0.004999999888241291
