precision,accuracy,recall,duration,f1,auc
0.9112903225806452,0.8493150684931506,0.75,10.290996313095093,0.7846607669616519,0.014458308575955633
