precision,accuracy,recall,duration,f1,auc
0.8997747747747749,0.9227272727272727,0.9228287841191067,13.385268211364746,0.909903399099034,0.02769230769230769
