precision,accuracy,recall,duration,f1,auc
0.7953879261038663,0.8136363636363636,0.8595698697393613,32.72205924987793,0.8074381374074221,0.9710836651514617
