precision,accuracy,recall,duration,f1,auc
0.5648449984020454,0.8127853881278538,0.6551724137931035,3304.100648164749,0.6052904180540141,0.8493956338783925
