precision,accuracy,recall,duration,f1,auc
0.8119466964868138,0.8454545454545455,0.832258064516129,4114.56157040596,0.8205202034744218,0.09528535980148883
