precision,accuracy,recall,duration,f1,auc
0.7009803921568628,0.6769911504424779,0.5849522236488099,41.42184805870056,0.6121630245173844,0.8401841803608335
