val_loss,val_acc,loss,acc,lr
0.5553954161635233,0.6834862418130997,0.5800134618125276,0.7065868270611335,0.0010000000474974513
0.4431111681351968,0.7568807333981226,0.47381653328855594,0.7799401201173931,0.0010000000474974513
0.42799189604750465,0.7660550491525493,0.32827955091784816,0.8892215558154855,0.0010000000474974513
0.5386930538700261,0.7752293572513336,0.23359176070390347,0.9296407174921322,0.0010000000474974513
0.4057119086794897,0.807339452822274,0.17098935974572232,0.9461077833603956,0.0010000000474974513
0.47207686752764455,0.7981651370678473,0.13483778592533693,0.9550898210731095,0.0010000000474974513
0.5528816538051181,0.7981651398020053,0.1198546426471122,0.9670658689773012,0.0010000000474974513
0.32684355222303935,0.8302752288109666,0.11483714225406419,0.970059880953349,0.0010000000474974513
0.34725350326080934,0.8440366967008748,0.08707459360182643,0.9745508989174209,0.0010000000474974513
0.3435495341316276,0.8256880728476638,0.0801320388288555,0.9790419168814928,0.0010000000474974513
0.344394504032824,0.839449540737572,0.06797502756475689,0.9835329337748225,0.0010000000474974513
0.35916397529184274,0.8256880728476638,0.06370205566019355,0.9820359281437125,0.0010000000474974513
0.35054649375037317,0.8302752320919562,0.05772076841599927,0.9850299401197605,0.0010000000474974513
0.3947405520860755,0.8302752282641349,0.04041770681694239,0.9925149700598802,0.00020000000949949026
0.38129478233328107,0.8256880761286535,0.039154604880395766,0.9940119760479041,0.00020000000949949026
0.39837314759235865,0.8256880761286535,0.03785350066637565,0.9970059880239521,0.00020000000949949026
0.40864889323711395,0.8256880761286535,0.03618564713233245,0.9970059880239521,0.00020000000949949026
0.38120963139066455,0.8256880761286535,0.03580245666741254,0.9970059880239521,0.00020000000949949026
0.4056088951749539,0.8256880761286535,0.0344636929918549,0.9985029940119761,4.0000002627493814e-05
0.39617034656192185,0.8256880761286535,0.033711680930531666,0.9985029940119761,4.0000002627493814e-05
0.39969251369801134,0.8256880761286535,0.033629120745790934,0.9985029940119761,4.0000002627493814e-05
0.4043520176697762,0.8256880761286535,0.033370734041857864,0.9985029940119761,4.0000002627493814e-05
0.4003824316853777,0.8256880761286535,0.033548877680462275,0.9985029940119761,4.0000002627493814e-05
