precision,accuracy,recall,duration,f1,auc
0.49324324324324326,0.7363636363636363,0.5846153846153846,11.801356792449951,0.5344718358352843,0.7410671649538046
