precision,accuracy,recall,duration,f1,auc
0.9144534526139223,0.9363636363636364,0.941439205955335,12.55262303352356,0.9260965543718207,0.008436724565756825
