precision,accuracy,recall,duration,f1,auc
0.4854959854959855,0.7136363636363636,0.5658119658119659,43.912113666534424,0.5222721317611829,0.760035526027429
