precision,accuracy,recall,duration,f1,auc
0.5450795150370021,0.7863636363636364,0.6384180790960452,454.8312063217163,0.5877739203908819,0.7289186840034297
