precision,accuracy,recall,duration,f1,auc
0.8282828282828283,0.8454545454545455,0.8903225806451613,9.640815496444702,0.8347472605160834,0.0065508684863523625
