precision,accuracy,recall,duration,f1,auc
0.5438215554678246,0.7909090909090909,0.6251195132551065,22.378846168518066,0.5803647696019074,0.8294942269518542
