precision,accuracy,recall,duration,f1,auc
0.44227994227994233,0.6681818181818182,0.5168091168091168,164.08141016960144,0.4746720749650244,0.7343973839925257
