precision,accuracy,recall,duration,f1,auc
0.5454545454545454,0.7545454545454545,0.5914529914529915,986.4909098148346,0.5583924349881796,0.7367371420002998
