precision,accuracy,recall,duration,f1,auc
0.505541346973572,0.684931506849315,0.5181121560431906,24.60142707824707,0.4945054945054945,0.749055089572331
