precision,accuracy,recall,duration,f1,auc
0.9369505624350127,0.9545454545454546,0.9588089330024814,444.72559356689453,0.9467879256965944,0.003473945409429284
