precision,accuracy,recall,duration,f1,auc
0.9366471734892787,0.9315068493150684,0.8992869875222816,7.790546655654907,0.9152148664343787,0.03773024361259655
