precision,accuracy,recall,duration,f1,auc
0.6874366270892618,0.49557522123893805,0.5108316719679814,1997.6558485031128,0.46936757467330104,0.7583799483417529
