precision,accuracy,recall,duration,f1,auc
0.5654769908501251,0.6454545454545455,0.5663667716299295,136.08499312400818,0.5655901116427432,0.7529441618510445
