precision,accuracy,recall,duration,f1,auc
0.956656346749226,0.9681818181818181,0.9684863523573202,349.97655987739563,0.9622835590605177,0.0018858560794044663
