precision,accuracy,recall,duration,f1,auc
0.8882821177341725,0.9136363636363637,0.9163771712158809,13.597027778625488,0.9000932144649729,0.04099255583126552
