val_loss,val_acc,loss,acc,lr
4.731917990183612,0.7064220303789192,4.39544798188058,0.6747352503431727,0.009999999776482582
4.731917990183612,0.7064220303789192,4.803728979582505,0.701966709701088,0.009999999776482582
4.731917990183612,0.7064220303789192,4.803728979582505,0.701966709701088,0.009999999776482582
4.731917990183612,0.7064220303789192,4.80372902557096,0.7019667201612071,0.009999999776482582
4.731917990183612,0.7064220303789192,4.8037290969883255,0.7019667201612071,0.009999999776482582
4.731917990183612,0.7064220303789192,4.803728930347806,0.70196671420976,0.009999999776482582
4.731917990183612,0.7064220303789192,4.803728955776717,0.7019667216039822,0.009999999776482582
4.731917990183612,0.7064220303789192,4.803728979582505,0.701966709701088,0.009999999776482582
4.731917990183612,0.7064220303789192,4.803729098611448,0.7019667216039822,0.009999999776482582
4.731917990183612,0.7064220303789192,4.803729049376749,0.7019667023068658,0.009999999776482582
4.731917990183612,0.7064220303789192,4.803729074805659,0.7019667156525351,0.009999999776482582
4.731917990183612,0.7064220303789192,4.803728979582505,0.7019667216039822,0.001999999862164259
4.731917990183612,0.7064220303789192,4.803729001765172,0.7019667082583129,0.001999999862164259
4.731917990183612,0.7064220303789192,4.8037288827362294,0.7019667082583129,0.001999999862164259
4.731917990183612,0.7064220303789192,4.803728955776717,0.701966709701088,0.001999999862164259
4.731917990183612,0.7064220303789192,4.803729003388294,0.7019667186282587,0.001999999862164259
