precision,accuracy,recall,duration,f1,auc
0.43595275634110586,0.6590909090909091,0.5475783475783476,395.8656415939331,0.47914122914122914,0.7854816198945754
