precision,accuracy,recall,duration,f1,auc
0.527046783625731,0.7909090909090909,0.6297262059973924,49.20838475227356,0.5737642791402741,0.6710977600808109
