val_loss,val_acc,loss,acc,lr
4.805854215534457,0.7018348623853211,4.850465206284366,0.6991017964071856,0.0010000000474974513
4.805854215534457,0.7018348623853211,4.849906008757518,0.6991017964071856,0.0010000000474974513
4.805854215534457,0.7018348623853211,4.84990600804369,0.6991017964071856,0.0010000000474974513
4.805854215534457,0.7018348623853211,4.849906005545291,0.6991017964071856,0.0010000000474974513
4.805854215534457,0.7018348623853211,4.8499060076867755,0.6991017964071856,0.0010000000474974513
4.805854215534457,0.7018348623853211,4.849906007329862,0.6991017964071856,0.0010000000474974513
4.805854215534457,0.7018348623853211,4.849906009471346,0.6991017964071856,0.0010000000474974513
4.805854215534457,0.7018348623853211,4.849906009114432,0.6991017964071856,0.0010000000474974513
4.805854215534457,0.7018348623853211,4.849906010185173,0.6991017964071856,0.0010000000474974513
4.805854215534457,0.7018348623853211,4.849906009114431,0.6991017964071856,0.0010000000474974513
4.805854215534457,0.7018348623853211,4.849906007329861,0.6991017964071856,0.0010000000474974513
4.805854215534457,0.7018348623853211,4.84990601161283,0.6991017964071856,0.00010000000474974513
4.805854215534457,0.7018348623853211,4.849906006259118,0.6991017964071856,0.00010000000474974513
4.805854215534457,0.7018348623853211,4.84990600804369,0.6991017964071856,0.00010000000474974513
4.805854215534457,0.7018348623853211,4.849906008757517,0.6991017964071856,0.00010000000474974513
4.805854215534457,0.7018348623853211,4.849906008043689,0.6991017964071856,0.00010000000474974513
