precision,accuracy,recall,duration,f1,auc
0.5970499035015164,0.6460176991150443,0.5433127087459864,147.76863193511963,0.5489948866075959,0.7729402833246232
