precision,accuracy,recall,duration,f1,auc
0.44443591056494286,0.502283105022831,0.4391915426398185,1506.9468040466309,0.44095439309656254,0.639559622318243
