precision,accuracy,recall,duration,f1,auc
0.5011724052819942,0.7545454545454545,0.5982905982905983,41.43659543991089,0.5451577901177157,0.7327473845692469
