precision,accuracy,recall,duration,f1,auc
0.5092258056898619,0.6136363636363636,0.5067776278302595,14.799819707870483,0.5063660193655379,0.7436629871852544
