precision,accuracy,recall,duration,f1,auc
0.8914646060929035,0.9181818181818182,0.937468982630273,317.3455204963684,0.9077439194856025,0.011811414392059554
