precision,accuracy,recall,duration,f1,auc
0.9533972574492215,0.9545454545454546,0.9364764267990074,972.2920055389404,0.9443938934384793,0.0063523573200992625
