val_loss,val_acc,loss,acc,lr
0.7788691587512269,0.4977578475336323,0.6560833199326725,0.6283987915407855,1.0000000116860974e-07
0.7725739028689038,0.5112107623318386,0.63211384757768,0.6691842900302115,1.0000000116860974e-07
0.7561607558631042,0.5022421524663677,0.6190975104033767,0.6858006042296072,1.0000000116860974e-07
0.7643983833191106,0.49327354260089684,0.6126657663155178,0.7039274924471299,1.0000000116860974e-07
0.7731722462337648,0.5022421524663677,0.5973237303628662,0.7114803625377644,1.0000000116860974e-07
0.7422561672904566,0.5022421524663677,0.5955848319292789,0.7190332326283988,1.0000000116860974e-07
0.7888521705106769,0.5112107623318386,0.6011722040140377,0.7145015105740181,1.0000000116860974e-07
0.7096242420208294,0.515695067264574,0.5932915062162452,0.7039274924471299,1.0000000116860974e-07
0.7468189129380367,0.5381165919282511,0.5836340521217473,0.7401812688821753,1.0000000116860974e-07
0.7702733120576148,0.5112107623318386,0.5832439209039118,0.7356495468277946,1.0000000116860974e-07
0.7519540146594624,0.5112107623318386,0.5829068100884601,0.7522658610271903,1.0000000116860974e-07
0.7538135379151913,0.5201793721973094,0.5775865278575355,0.743202416918429,1.0000000116860974e-07
0.7451862321306237,0.5426008968609866,0.5749951550607595,0.743202416918429,1.0000000116860974e-07
0.7573359895313801,0.5201793721973094,0.5722713113911563,0.7235649546827795,1.0000000116860974e-07
0.7159855200036225,0.5112107623318386,0.5762165375166429,0.7401812688821753,1.0000000116860974e-07
0.7164610916322657,0.547085201793722,0.5757873913672755,0.7311178247734139,1.0000000116860974e-07
0.7407147589018527,0.5201793721973094,0.5639923123974815,0.7477341389728097,1.0000000116860974e-07
0.7706632793216962,0.5201793721973094,0.5691841844345508,0.7401812688821753,1.0000000116860974e-07
0.7547156202017994,0.5246636771300448,0.5768093909741888,0.7583081570996979,9.99999993922529e-09
0.7277890618873819,0.547085201793722,0.5683050507685209,0.7462235649546828,9.99999993922529e-09
0.7441739883658063,0.5336322869955157,0.5633270486604051,0.729607250755287,9.99999993922529e-09
0.7859807681342411,0.515695067264574,0.5671380416144057,0.7522658610271903,9.99999993922529e-09
0.7450097156479755,0.5336322869955157,0.5619600809592855,0.7477341389728097,9.99999993922529e-09
