val_loss,val_acc,loss,acc,lr
7.589237786194674,0.5291479820627802,7.355085019978872,0.5271903325063585,0.009999999776482582
7.589237786194674,0.5291479820627802,7.5720962023086775,0.5302114804075564,0.009999999776482582
7.589237786194674,0.5291479820627802,7.572096210231954,0.5302114801824633,0.009999999776482582
7.589237786194674,0.5291479820627802,7.5720961871824235,0.5302114801824633,0.009999999776482582
7.589237786194674,0.5291479820627802,7.572096197986891,0.5302114805426122,0.009999999776482582
7.589237786194674,0.5291479820627802,7.572096221756719,0.5302114801824633,0.009999999776482582
7.589237786194674,0.5291479820627802,7.572096245526547,0.5302114803625377,0.004999999888241291
7.589237786194674,0.5291479820627802,7.572096277219651,0.530211480452575,0.004999999888241291
7.589237786194674,0.5291479820627802,7.572096254170121,0.530211480452575,0.004999999888241291
7.589237786194674,0.5291479820627802,7.5720962426453555,0.530211480452575,0.004999999888241291
7.589237786194674,0.5291479820627802,7.572096213833443,0.5302114804075564,0.004999999888241291
7.589237786194674,0.5291479820627802,7.5720962023086775,0.5302114803625377,0.0024999999441206455
7.589237786194674,0.5291479820627802,7.572096164853191,0.5302114803625377,0.0024999999441206455
7.589237786194674,0.5291479820627802,7.572096210231954,0.5302114801824633,0.0024999999441206455
7.589237786194674,0.5291479820627802,7.572096255610717,0.5302114805426122,0.0024999999441206455
7.589237786194674,0.5291479820627802,7.572096267135482,0.5302114805426122,0.0024999999441206455
