precision,accuracy,recall,duration,f1,auc
0.7334484287421423,0.8136363636363636,0.7269155795471586,1569.768741607666,0.7248366013071895,0.9264392078157261
