precision,accuracy,recall,duration,f1,auc
0.6824712643678161,0.7181818181818181,0.5545209176788125,923.0338652133942,0.5574741905396016,0.8848864435908971
