precision,accuracy,recall,duration,f1,auc
0.441938178780284,0.6636363636363637,0.5506301607996523,8.790177345275879,0.482420554428668,0.7413316184502626
