precision,accuracy,recall,duration,f1,auc
0.7908803932531917,0.7945205479452054,0.80656753932616,796.2359409332275,0.765168656560688,0.8546014666704322
