precision,accuracy,recall,duration,f1,auc
0.7358823529411764,0.7772727272727272,0.6990074441687345,14.107120513916016,0.711571906354515,0.19225806451612906
