precision,accuracy,recall,duration,f1,auc
0.7694235588972431,0.8,0.7240694789081885,123.92588901519775,0.739532881282962,0.19771712158808935
