precision,accuracy,recall,duration,f1,auc
0.9725609756097561,0.9601769911504425,0.9366197183098591,722.4734084606171,0.9520588304617342,0.00045433893684688895
