val_loss,val_acc,loss,acc,lr
7.516959271623417,0.5336322869955157,7.214405659102241,0.5181268883975971,0.009999999776482582
7.516959271623417,0.5336322869955157,7.596443890804971,0.5287009063444109,0.009999999776482582
7.516959271623417,0.5336322869955157,7.596443846146506,0.5287009054440386,0.009999999776482582
7.516959271623417,0.5336322869955157,7.596443846146506,0.5287009054440386,0.009999999776482582
7.516959271623417,0.5336322869955157,7.596443919616884,0.5287009065244853,0.009999999776482582
7.516959271623417,0.5336322869955157,7.596443761151363,0.528700906794597,0.009999999776482582
7.516959271623417,0.5336322869955157,7.596443869196036,0.5287009054440386,0.001999999862164259
7.516959271623417,0.5336322869955157,7.596443797166254,0.5287009068846342,0.001999999862164259
7.516959271623417,0.5336322869955157,7.5964438360623365,0.5287009062543736,0.001999999862164259
7.516959271623417,0.5336322869955157,7.596443761151363,0.528700906794597,0.001999999862164259
7.516959271623417,0.5336322869955157,7.596443761151363,0.528700906794597,0.001999999862164259
7.516959271623417,0.5336322869955157,7.596443813012806,0.5287009062543736,0.0003999999607913196
7.516959271623417,0.5336322869955157,7.596443797166254,0.5287009068846342,0.0003999999607913196
7.516959271623417,0.5336322869955157,7.596443797166254,0.5287009068846342,0.0003999999607913196
7.516959271623417,0.5336322869955157,7.596443889364375,0.5287009068846342,0.0003999999607913196
7.516959271623417,0.5336322869955157,7.596443870636632,0.5287009062543736,0.0003999999607913196
