precision,accuracy,recall,duration,f1,auc
0.9120879120879122,0.9363636363636364,0.9503722084367245,14.82688856124878,0.9272142924662067,0.006352357320099266
