val_loss,val_acc,loss,acc,lr
5.059491811846406,0.686098652971165,4.561726925236221,0.6933534741401672,0.009999999776482582
11.34771755671822,0.2959641231549695,5.293529749636924,0.6706948638682639,0.009999999776482582
11.34771755671822,0.2959641231549695,11.224232592971664,0.3036253774634301,0.009999999776482582
11.34771755671822,0.2959641231549695,11.224232506535925,0.3036253775534673,0.009999999776482582
11.34771755671822,0.2959641231549695,11.22423265059549,0.30362537773354176,0.009999999776482582
11.34771755671822,0.2959641231549695,11.22423265059549,0.3036253778685976,0.009999999776482582
11.34771755671822,0.2959641231549695,11.224232713981698,0.3036253779136162,0.009999999776482582
11.34771755671822,0.2959641231549695,11.224232592971664,0.3036253774634301,0.009999999776482582
11.34771755671822,0.2959641231549695,11.224232552634986,0.30362537777856036,0.009999999776482582
11.34771755671822,0.2959641231549695,11.224232598734046,0.3036253779136162,0.009999999776482582
11.34771755671822,0.2959641231549695,11.224232644833107,0.3036253779136162,0.009999999776482582
11.34771755671822,0.2959641231549695,11.224232595852854,0.30362537800365347,0.004999999888241291
11.34771755671822,0.2959641231549695,11.224232480605203,0.30362537800365347,0.004999999888241291
11.34771755671822,0.2959641231549695,11.22423251806069,0.303625377823579,0.004999999888241291
11.34771755671822,0.2959641231549695,11.224232604496429,0.3036253778685976,0.004999999888241291
11.34771755671822,0.2959641231549695,11.224232460436864,0.30362537777856036,0.004999999888241291
