precision,accuracy,recall,duration,f1,auc
0.49813664596273294,0.6529680365296804,0.47840473702542674,39.652697801589966,0.45350935093509354,0.6804808334980749
