val_loss,val_acc,loss,acc,lr
4.914934953766555,0.6950672628366359,4.586898960735863,0.6918428994017425,0.009999999776482582
4.914934953766555,0.6950672628366359,4.845167700257546,0.6993957711130471,0.009999999776482582
4.914934953766555,0.6950672628366359,4.845167700257546,0.6993957711130471,0.009999999776482582
4.914934953766555,0.6950672628366359,4.845167697376355,0.6993957700326003,0.009999999776482582
4.914934953766555,0.6950672628366359,4.845167655599082,0.6993957705728236,0.009999999776482582
4.914934953766555,0.6950672628366359,4.845167667123847,0.6993957705728236,0.009999999776482582
4.914934953766555,0.6950672628366359,4.845167691613972,0.6993957700326003,0.009999999776482582
4.914934953766555,0.6950672628366359,4.8451676426337205,0.6993957711130471,0.009999999776482582
4.914934953766555,0.6950672628366359,4.845167660641166,0.6993957696724514,0.009999999776482582
4.914934953766555,0.6950672628366359,4.845167677208016,0.6993957711130471,0.009999999776482582
4.914934953766555,0.6950672628366359,4.84516757996781,0.6993957696724514,0.009999999776482582
4.914934953766555,0.6950672628366359,4.845167695215461,0.6993957696724514,0.0009999999310821295
4.914934953766555,0.6950672628366359,4.845167728349161,0.6993957702126747,0.0009999999310821295
4.914934953766555,0.6950672628366359,4.8451676426337205,0.6993957711130471,0.0009999999310821295
4.914934953766555,0.6950672628366359,4.845167688732781,0.6993957711130471,0.0009999999310821295
4.914934953766555,0.6950672628366359,4.845167621024785,0.6993957705728236,0.0009999999310821295
