precision,accuracy,recall,duration,f1,auc
0.5066038409366745,0.740909090909091,0.5664059104737071,22.547211408615112,0.5288923856980505,0.8059063626860237
