precision,accuracy,recall,duration,f1,auc
0.05606060606060606,0.16818181818181818,0.3333333333333333,593.1980047225952,0.09597924773022048,0.4794877667759024
