precision,accuracy,recall,duration,f1,auc
0.4425223898908109,0.6575342465753424,0.5269940787182167,2974.4912736415863,0.48093969220729776,0.7547110197972268
