precision,accuracy,recall,duration,f1,auc
0.5356875751959159,0.7909090909090909,0.6205128205128205,27.93690848350525,0.5731111856573111,0.744845954167988
