precision,accuracy,recall,duration,f1,auc
0.7488833746898262,0.7909090909090909,0.7488833746898262,558.2401976585388,0.7488833746898262,0.11682382133995037
