precision,accuracy,recall,duration,f1,auc
0.9425770308123249,0.9223744292237442,0.8755199049316696,496.05331230163574,0.9008706765716112,0.0044563279857397445
