precision,accuracy,recall,duration,f1,auc
0.641287855951448,0.6327433628318584,0.6711840749797302,1291.3879952430725,0.6272694146714303,0.7813745351940625
