precision,accuracy,recall,duration,f1,auc
0.7288548555516882,0.7727272727272727,0.6957816377171215,1622.9358022212982,0.7073222647935292,0.253697270471464
