precision,accuracy,recall,duration,f1,auc
0.7227024341778441,0.7610619469026548,0.7036801453884598,814.803635597229,0.7110795454545455,0.14847796456156293
