precision,accuracy,recall,duration,f1,auc
0.7035480859010271,0.7454545454545455,0.742135616711888,828.128607749939,0.7067973683340497,0.8796874449416823
