precision,accuracy,recall,duration,f1,auc
0.6298003072196621,0.639269406392694,0.6209885434023366,107.11195182800293,0.6159153344955058,0.8179158782607058
