precision,accuracy,recall,duration,f1,auc
0.6232298474945533,0.6045454545454545,0.6181859825927624,235.01198363304138,0.5917359463391957,0.8240095375688595
