precision,accuracy,recall,duration,f1,auc
0.6609200374936909,0.7863636363636364,0.6608513337326897,1200.1962082386017,0.6479518745143745,0.8123436343775327
