precision,accuracy,recall,duration,f1,auc
0.6773711725168037,0.6636363636363637,0.7121588089330024,4361.967924833298,0.6532924439901184,0.16049627791563276
