precision,accuracy,recall,duration,f1,auc
0.5508333333333333,0.7318181818181818,0.5658119658119658,18.582042694091797,0.5468319991628734,0.7560919062943355
