precision,accuracy,recall,duration,f1,auc
0.8308242972944521,0.8545454545454545,0.8119106699751861,5.786818742752075,0.8203348305430789,0.07066997518610423
