precision,accuracy,recall,duration,f1,auc
0.4115566037735849,0.6772727272727272,0.48511166253101734,64.6959581375122,0.41696838490537874,0.5009429280397022
