val_loss,val_acc,loss,acc,lr
4.77037799304911,0.7040358727021068,4.707974377715695,0.6918429010224126,0.009999999776482582
4.77037799304911,0.7040358727021068,4.893862858999892,0.6963746216361977,0.009999999776482582
4.77037799304911,0.7040358727021068,4.893862840992447,0.6963746230767933,0.009999999776482582
4.77037799304911,0.7040358727021068,4.8938627977745774,0.6963746219963466,0.009999999776482582
4.77037799304911,0.7040358727021068,4.893862901497464,0.6963746219963466,0.009999999776482582
4.77037799304911,0.7040358727021068,4.893862852517212,0.6963746230767933,0.009999999776482582
4.77037799304911,0.7040358727021068,4.893862789851301,0.6963746216361977,0.001999999862164259
4.77037799304911,0.7040358727021068,4.893862806418151,0.6963746230767933,0.001999999862164259
4.77037799304911,0.7040358727021068,4.893862838111255,0.6963746214561232,0.001999999862164259
4.77037799304911,0.7040358727021068,4.893862784809216,0.6963746225365699,0.001999999862164259
4.77037799304911,0.7040358727021068,4.893862865482572,0.6963746225365699,0.001999999862164259
4.77037799304911,0.7040358727021068,4.893862765361175,0.696374622176421,0.0003999999607913196
4.77037799304911,0.7040358727021068,4.893862835950362,0.6963746216361977,0.0003999999607913196
4.77037799304911,0.7040358727021068,4.8938628078587465,0.6963746225365699,0.0003999999607913196
4.77037799304911,0.7040358727021068,4.893862788410705,0.696374622176421,0.0003999999607913196
4.77037799304911,0.7040358727021068,4.893862853957807,0.6963746225365699,0.0003999999607913196
