precision,accuracy,recall,duration,f1,auc
0.5087064676616916,0.759090909090909,0.6193732193732194,173.95295310020447,0.5581076142855869,0.7597540860698756
