precision,accuracy,recall,duration,f1,auc
0.877906976744186,0.9045454545454545,0.932258064516129,1086.3782124519348,0.8941313962281445,0.00019851116625310225
