precision,accuracy,recall,duration,f1,auc
0.822622743944511,0.85,0.7459917544663308,14.643346786499023,0.7568436865884146,0.9116277294243395
