precision,accuracy,recall,duration,f1,auc
0.5430662805662806,0.5663716814159292,0.5547487090814854,1120.2533974647522,0.5267790611028316,0.7727843623045342
