precision,accuracy,recall,duration,f1,auc
0.6402267842259947,0.7818181818181819,0.6187439068795001,18.0466365814209,0.5819938422836117,0.8433618755652654
