precision,accuracy,recall,duration,f1,auc
0.5061605061605062,0.7454545454545455,0.6085470085470086,40.86012816429138,0.5526182737450344,0.7847030462415078
