precision,accuracy,recall,duration,f1,auc
0.0563165905631659,0.1689497716894977,0.3333333333333333,732.3232498168945,0.09635416666666667,0.5
