val_loss,val_acc,loss,acc,lr
4.8058542253774315,0.7018348623853211,4.746426787918913,0.688622754491018,0.009999999776482582
4.8058542253774315,0.7018348623853211,4.849905959146465,0.6991017964071856,0.009999999776482582
4.8058542253774315,0.7018348623853211,4.849905950580529,0.6991017967640997,0.009999999776482582
4.8058542253774315,0.7018348623853211,4.8499059620017775,0.6991017964071856,0.009999999776482582
4.8058542253774315,0.7018348623853211,4.849905956291153,0.6991017962287286,0.009999999776482582
4.8058542253774315,0.7018348623853211,4.849905967712402,0.6991017964071856,0.009999999776482582
4.8058542253774315,0.7018348623853211,4.849905952722013,0.6991017964071856,0.009999999776482582
4.8058542253774315,0.7018348623853211,4.8499059620017775,0.6991017964071856,0.009999999776482582
4.8058542253774315,0.7018348623853211,4.849905950580529,0.6991017964071856,0.009999999776482582
4.8058542253774315,0.7018348623853211,4.849905942014591,0.6991017960502716,0.009999999776482582
4.8058542253774315,0.7018348623853211,4.84990597627834,0.6991017967640997,0.009999999776482582
4.8058542253774315,0.7018348623853211,4.849905950580529,0.6991017967640997,0.001999999862164259
4.8058542253774315,0.7018348623853211,4.84990596485709,0.6991017960502716,0.001999999862164259
4.8058542253774315,0.7018348623853211,4.84990597627834,0.6991017964071856,0.001999999862164259
4.8058542253774315,0.7018348623853211,4.849905984844276,0.6991017964071856,0.001999999862164259
4.8058542253774315,0.7018348623853211,4.849905956291153,0.6991017960502716,0.001999999862164259
