val_loss,val_acc,loss,acc,lr
7.516959350739897,0.5336322869955157,7.545781163898299,0.527190332326284,0.009999999776482582
7.516959350739897,0.5336322869955157,7.596443763312256,0.5287009063444109,0.009999999776482582
7.516959350739897,0.5336322869955157,7.596443761151363,0.5287009063444109,0.009999999776482582
7.516959350739897,0.5336322869955157,7.596443761871661,0.5287009063444109,0.009999999776482582
7.516959350739897,0.5336322869955157,7.596443764032554,0.5287009063444109,0.009999999776482582
7.516959350739897,0.5336322869955157,7.596443761151363,0.5287009063444109,0.009999999776482582
7.516959350739897,0.5336322869955157,7.596443762591958,0.5287009063444109,0.009999999776482582
7.516959350739897,0.5336322869955157,7.59644375863032,0.5287009063444109,0.009999999776482582
7.516959350739897,0.5336322869955157,7.596443759710767,0.5287009063444109,0.009999999776482582
7.516959350739897,0.5336322869955157,7.596443763312256,0.5287009063444109,0.009999999776482582
7.516959350739897,0.5336322869955157,7.596443762591958,0.5287009063444109,0.009999999776482582
7.516959350739897,0.5336322869955157,7.596443760431065,0.5287009063444109,0.001999999862164259
7.516959350739897,0.5336322869955157,7.596443764392703,0.5287009063444109,0.001999999862164259
7.516959350739897,0.5336322869955157,7.596443762591958,0.5287009063444109,0.001999999862164259
7.516959350739897,0.5336322869955157,7.596443759350618,0.5287009063444109,0.001999999862164259
7.516959350739897,0.5336322869955157,7.596443765113,0.5287009063444109,0.001999999862164259
