precision,accuracy,recall,duration,f1,auc
0.45551165008856787,0.6681818181818182,0.48205128205128206,48.8874888420105,0.4472608686445165,0.5916070568612941
