val_loss,val_acc,loss,acc,lr
0.5235192775726318,0.7040358749740326,0.6387329007923783,0.6978851965546968,0.0010000000474974513
0.48623214174279183,0.8071748878923767,0.49215616443366084,0.7839879152277806,0.0010000000474974513
0.6968063378013303,0.6008968614542965,0.41508132777545387,0.8202416918429003,0.0010000000474974513
0.46429154637683134,0.8116591928251121,0.4207260428148454,0.7930513595166163,0.0010000000474974513
0.4080006694045302,0.8251121076233184,0.26632983149718664,0.8942598189111923,0.0010000000474974513
0.38112765563977674,0.8475336336234225,0.27455749250160605,0.8927492447129909,0.0010000000474974513
0.3667609982292748,0.8340807188252163,0.2684275566451139,0.8912386705147896,0.0010000000474974513
0.5445806162907938,0.7668161445668995,0.2891773680995958,0.9033232628398792,0.0010000000474974513
0.28759005091115497,0.874439461883408,0.24873974514151628,0.9003021149836998,0.0010000000474974513
1.1113003239102428,0.6412556056150407,0.21477432605273053,0.9093655589123867,0.0010000000474974513
0.4358403894699475,0.7982062793633329,0.24624232211772049,0.8882175226586103,0.0010000000474974513
0.31029314404111275,0.8789237668161435,0.16920049686626365,0.9350453170404693,0.0010000000474974513
0.3455617828586978,0.8654708533543642,0.2720105731325207,0.8821752265861027,0.0010000000474974513
0.42819896575080174,0.8251121089597454,0.15121540514994244,0.9365558912386707,0.0010000000474974513
0.3039687450958474,0.8968609869480133,0.18430626768269928,0.9305135949860887,0.0010000000474974513
0.3305211911821579,0.905829597348055,0.16325409282730424,0.9274924469498349,0.0010000000474974513
0.37399550777914276,0.8968609867475492,0.12169588312191545,0.9410876132930514,0.0010000000474974513
0.3333563524895586,0.9103139026817185,0.11694287202599546,0.9607250755287009,0.0010000000474974513
0.4993683272020499,0.8340807182906455,0.133935789811197,0.9380664652567976,0.0010000000474974513
0.34488712855084325,0.9192825125471893,0.08578957753182809,0.9712990936555891,0.00020000000949949026
0.3194209299146327,0.9372197328127019,0.060750950437343014,0.9788519637462235,0.00020000000949949026
0.3300767769794828,0.9237668177472101,0.05002722822782496,0.9833836858006042,0.00020000000949949026
0.341778657599582,0.9282511224126602,0.05446220479280972,0.9848942598187311,0.00020000000949949026
0.33033582804549166,0.932735427612681,0.03472602338139024,0.9909365558912386,0.00020000000949949026
