precision,accuracy,recall,duration,f1,auc
0.5790085495725213,0.6727272727272727,0.5724996251312041,431.8288116455078,0.573948922013112,0.7893534378352193
