val_loss,val_acc,loss,acc,lr
11.31224130053039,0.2981651376146789,6.762489399210455,0.5748502994011976,0.009999999776482582
11.31224130053039,0.2981651376146789,11.268189457719197,0.3008982035928144,0.009999999776482582
11.31224130053039,0.2981651376146789,11.268189458076112,0.3008982035928144,0.009999999776482582
11.31224130053039,0.2981651376146789,11.26818945700537,0.3008982035928144,0.009999999776482582
11.31224130053039,0.2981651376146789,11.268189460217595,0.3008982035928144,0.009999999776482582
11.31224130053039,0.2981651376146789,11.268189458076112,0.3008982035928144,0.009999999776482582
11.31224130053039,0.2981651376146789,11.268189460931424,0.3008982035928144,0.009999999776482582
11.31224130053039,0.2981651376146789,11.268189456291541,0.3008982035928144,0.009999999776482582
11.31224130053039,0.2981651376146789,11.268189456291541,0.3008982035928144,0.009999999776482582
11.31224130053039,0.2981651376146789,11.268189461288339,0.3008982035928144,0.009999999776482582
11.31224130053039,0.2981651376146789,11.268189459146853,0.3008982035928144,0.009999999776482582
11.31224130053039,0.2981651376146789,11.268189458076112,0.3008982035928144,0.001999999862164259
11.31224130053039,0.2981651376146789,11.268189458433026,0.3008982035928144,0.001999999862164259
11.31224130053039,0.2981651376146789,11.268189455577714,0.3008982035928144,0.001999999862164259
11.31224130053039,0.2981651376146789,11.268189459146853,0.3008982035928144,0.001999999862164259
11.31224130053039,0.2981651376146789,11.268189458076112,0.3008982035928144,0.001999999862164259
