precision,accuracy,recall,duration,f1,auc
0.5225853304284677,0.7909090909090909,0.6389395914819643,52.07316970825195,0.5742995169082126,0.8900983121322105
