precision,accuracy,recall,duration,f1,auc
0.901930501930502,0.8545454545454545,0.7583126550868486,1922.1639502048492,0.7929411764705883,0.08734491315136475
