precision,accuracy,recall,duration,f1,auc
0.715426267383877,0.7853881278538812,0.6703898255622395,979.5649318695068,0.655137227304715,0.9018275720861929
