precision,accuracy,recall,duration,f1,auc
0.6554951690821256,0.7227272727272728,0.6022332506203474,198.0189549922943,0.6080493005052718,0.2062531017369727
