precision,accuracy,recall,duration,f1,auc
0.5446265938069217,0.6940639269406392,0.5151515151515151,2258.8358767032623,0.4939340284608827,0.8632345119414083
