precision,accuracy,recall,duration,f1,auc
0.7588282504012841,0.7863636363636364,0.6920595533498759,1644.1605150699615,0.7098032612051304,0.266302729528536
