precision,accuracy,recall,duration,f1,auc
0.7268673355629877,0.7863636363636364,0.6565002249212776,206.5534918308258,0.6563457223685494,0.8613239212429495
