precision,accuracy,recall,duration,f1,auc
0.8350694444444444,0.7945205479452054,0.6720142602495544,58.61799383163452,0.6928471248246844,0.1401267577738166
