precision,accuracy,recall,duration,f1,auc
0.5259770114942529,0.7727272727272727,0.6253368100825728,9.619311094284058,0.5712294043092522,0.7874326086190493
