precision,accuracy,recall,duration,f1,auc
0.6266627543035993,0.6318181818181818,0.6615748734392802,88.85367369651794,0.612695199769587,0.7707524343117563
