precision,accuracy,recall,duration,f1,auc
0.7060126582278481,0.634703196347032,0.7256387403446227,1755.8319942951202,0.6334114496149984,0.2119231530996237
