precision,accuracy,recall,duration,f1,auc
0.9640718562874251,0.9469026548672567,0.9154929577464789,1152.4301826953888,0.9352126134734831,0.0034529759200363497
