precision,accuracy,recall,duration,f1,auc
0.9094326725905674,0.9045454545454545,0.8293632615666514,825.118085861206,0.8534674859882504,0.9081750590225166
