precision,accuracy,recall,duration,f1,auc
0.8780487804878049,0.7727272727272727,0.6153846153846154,128.85520815849304,0.6180555555555556,0.0505210918114144
