val_loss,val_acc,loss,acc,lr
11.31224130053039,0.2981651376146789,11.274645254640522,0.29790419161676646,0.009999999776482582
11.31224130053039,0.2981651376146789,11.268189456291541,0.3008982035928144,0.009999999776482582
11.31224130053039,0.2981651376146789,11.268189460931424,0.3008982035928144,0.009999999776482582
11.31224130053039,0.2981651376146789,11.268189458433026,0.3008982035928144,0.009999999776482582
11.31224130053039,0.2981651376146789,11.268189458789939,0.3008982035928144,0.009999999776482582
11.31224130053039,0.2981651376146789,11.268189458433026,0.3008982035928144,0.009999999776482582
11.31224130053039,0.2981651376146789,11.268189458433026,0.3008982035928144,0.009999999776482582
11.31224130053039,0.2981651376146789,11.268189457719197,0.3008982035928144,0.009999999776482582
11.31224130053039,0.2981651376146789,11.268189458433026,0.3008982035928144,0.009999999776482582
11.31224130053039,0.2981651376146789,11.268189460931424,0.3008982035928144,0.009999999776482582
11.31224130053039,0.2981651376146789,11.268189457719197,0.3008982035928144,0.009999999776482582
11.31224130053039,0.2981651376146789,11.26818946057451,0.3008982035928144,0.001999999862164259
11.31224130053039,0.2981651376146789,11.26818946057451,0.3008982035928144,0.001999999862164259
11.31224130053039,0.2981651376146789,11.268189458076112,0.3008982035928144,0.001999999862164259
11.31224130053039,0.2981651376146789,11.268189458433026,0.3008982035928144,0.001999999862164259
11.31224130053039,0.2981651376146789,11.268189456291541,0.3008982035928144,0.001999999862164259
