precision,accuracy,recall,duration,f1,auc
0.7345235143400282,0.7363636363636363,0.7816377171215881,437.4641647338867,0.7243107769423558,0.11692307692307694
