precision,accuracy,recall,duration,f1,auc
0.9006968641114983,0.9045454545454545,0.8652605459057072,6.6904497146606445,0.8803077799943004,0.044863523573200996
