precision,accuracy,recall,duration,f1,auc
0.6705929487179487,0.6946902654867256,0.6934575193094048,743.098078250885,0.6723605420737473,0.2604270786006361
