precision,accuracy,recall,duration,f1,auc
0.8561921296296297,0.8036529680365296,0.6828579916815212,1014.802412033081,0.7064983637213651,0.2863933452168746
