precision,accuracy,recall,duration,f1,auc
0.6381349206349206,0.672566371681416,0.5765174341206808,932.9597678184509,0.5928080991294337,0.8022512844666103
