precision,accuracy,recall,duration,f1,auc
0.4915006191601936,0.7454545454545455,0.6131054131054131,5.1190221309661865,0.5426922380101975,0.7763036783279699
