precision,accuracy,recall,duration,f1,auc
0.6765460030165912,0.7345132743362832,0.6300241516283532,66.96837449073792,0.6227267041901189,0.815048636605094
