precision,accuracy,recall,duration,f1,auc
0.8221973720995248,0.8545454545454545,0.8431761786600496,20.903526306152344,0.8310778385641617,0.06014888337468983
