precision,accuracy,recall,duration,f1,auc
0.3618982698737299,0.5442477876106194,0.41103684252407097,44.69489288330078,0.38030488128751255,0.6951975250495184
