precision,accuracy,recall,duration,f1,auc
0.8855721393034826,0.7909090909090909,0.6461538461538462,41.52016806602478,0.6615837346174426,0.14431761786600497
