precision,accuracy,recall,duration,f1,auc
0.7943667055361208,0.8097345132743363,0.7269457330331047,27.467334270477295,0.7330829134510116,0.8600302379247236
