precision,accuracy,recall,duration,f1,auc
0.7595220313666915,0.7454545454545455,0.8104218362282878,940.9556818008423,0.7376267143709003,0.03831265508684864
