precision,accuracy,recall,duration,f1,auc
0.8121212121212121,0.8363636363636363,0.7811414392059554,716.5177392959595,0.79375,0.09468982630272954
