precision,accuracy,recall,duration,f1,auc
0.7915518824609733,0.8090909090909091,0.8466501240694789,10.062158823013306,0.795864262990456,0.06818858560794046
