precision,accuracy,recall,duration,f1,auc
0.7515536794143759,0.7863636363636364,0.7806535348908229,33.76881980895996,0.7579177095306128,0.9139369486827115
