precision,accuracy,recall,duration,f1,auc
0.767882245927396,0.7964601769911505,0.7943661971830986,45.0669379234314,0.7761990872298287,0.1542935029532031
