precision,accuracy,recall,duration,f1,auc
0.7548048922539312,0.7363636363636363,0.8039702233250621,985.9132628440857,0.729110054347826,0.06789081885856081
