precision,accuracy,recall,duration,f1,auc
0.692447662813907,0.740909090909091,0.5838056680161943,670.678008556366,0.5894627021387585,0.7165490155368698
