val_loss,val_acc,loss,acc,lr
4.731917997019009,0.7064220183486238,4.806997372415171,0.6989409984871406,9.999999747378752e-05
4.731917997019009,0.7064220183486238,4.803728943152436,0.7019667170953101,9.999999747378752e-05
4.731917997019009,0.7064220183486238,4.803728946037985,0.7019667170953101,9.999999747378752e-05
4.731917997019009,0.7064220183486238,4.803728945316598,0.7019667170953101,9.999999747378752e-05
4.731917997019009,0.7064220183486238,4.803728945857639,0.7019667170953101,9.999999747378752e-05
4.731917997019009,0.7064220183486238,4.803728943693476,0.7019667170953101,9.999999747378752e-05
4.731917997019009,0.7064220183486238,4.80372894459521,0.7019667170953101,9.999999747378752e-05
4.731917997019009,0.7064220183486238,4.8037289440541695,0.7019667170953101,9.999999747378752e-05
4.731917997019009,0.7064220183486238,4.803728943152437,0.7019667170953101,9.999999747378752e-05
4.731917997019009,0.7064220183486238,4.803728943152437,0.7019667170953101,9.999999747378752e-05
4.731917997019009,0.7064220183486238,4.803728945316598,0.7019667170953101,9.999999747378752e-05
4.731917997019009,0.7064220183486238,4.803728943513129,0.7019667170953101,4.999999873689376e-05
4.731917997019009,0.7064220183486238,4.803728945496945,0.7019667170953101,4.999999873689376e-05
4.731917997019009,0.7064220183486238,4.803728946037985,0.7019667170953101,4.999999873689376e-05
4.731917997019009,0.7064220183486238,4.8037289445952105,0.7019667170953101,4.999999873689376e-05
4.731917997019009,0.7064220183486238,4.803728946579025,0.7019667170953101,4.999999873689376e-05
