val_loss,val_acc,loss,acc,lr
4.77037799304911,0.7040358727021068,4.569154720652139,0.6933534750405396,0.009999999776482582
4.77037799304911,0.7040358727021068,4.8938628229850005,0.696374622176421,0.009999999776482582
4.77037799304911,0.7040358727021068,4.8938628355902125,0.6963746232568677,0.009999999776482582
4.77037799304911,0.7040358727021068,4.893862852517212,0.6963746230767933,0.009999999776482582
4.77037799304911,0.7040358727021068,4.893862824425597,0.6963746216361977,0.009999999776482582
4.77037799304911,0.7040358727021068,4.893862834509766,0.696374622176421,0.009999999776482582
4.77037799304911,0.7040358727021068,4.893862794893386,0.6963746230767933,0.0009999999310821295
4.77037799304911,0.7040358727021068,4.893862817942916,0.6963746230767933,0.0009999999310821295
4.77037799304911,0.7040358727021068,4.893862813621129,0.6963746223564955,0.0009999999310821295
4.77037799304911,0.7040358727021068,4.89386282658649,0.6963746214561232,0.0009999999310821295
4.77037799304911,0.7040358727021068,4.893862849636021,0.6963746214561232,0.0009999999310821295
4.77037799304911,0.7040358727021068,4.893862864041977,0.6963746230767933,9.99999901978299e-05
4.77037799304911,0.7040358727021068,4.893862809299343,0.6963746219963466,9.99999901978299e-05
4.77037799304911,0.7040358727021068,4.893862857559296,0.696374622176421,9.99999901978299e-05
4.77037799304911,0.7040358727021068,4.8938628129008315,0.6963746216361977,9.99999901978299e-05
4.77037799304911,0.7040358727021068,4.893862806418151,0.6963746230767933,9.99999901978299e-05
