precision,accuracy,recall,duration,f1,auc
0.17727272727272728,0.5318181818181819,0.3333333333333333,1199.1759264469147,0.23145400593471813,0.5378617483880642
