precision,accuracy,recall,duration,f1,auc
0.5785256410256411,0.6136363636363636,0.5496026390763232,97.81222486495972,0.5608021461137777,0.7395757638672619
