precision,accuracy,recall,duration,f1,auc
0.8776450462883102,0.8727272727272727,0.7941917145306975,14.954230785369873,0.8201877307709419,0.9120270857558993
