val_loss,val_acc,loss,acc,lr
0.8930697334103387,0.7668161434977578,0.7550374284791802,0.6873111782477341,9.999999747378752e-05
1.177275568092317,0.8161434977578476,0.5789464452835729,0.7583081570996979,9.999999747378752e-05
1.0470544004086155,0.6233183856502242,0.48884197434809995,0.8157099697885196,9.999999747378752e-05
0.9760634068007092,0.7533632286995515,0.4440807156782496,0.8413897280966768,9.999999747378752e-05
1.1987810937245063,0.6278026905829597,0.40394424536797213,0.8429003021148036,9.999999747378752e-05
1.8239827878739803,0.4798206278026906,0.43150755272351005,0.8459214501510574,9.999999747378752e-05
1.169461995993862,0.6457399103139013,0.3619698810073184,0.8806646525679759,4.999999873689376e-05
0.9690430926768769,0.6502242152466368,0.31825769240222307,0.9093655589123867,4.999999873689376e-05
1.4055209753078497,0.6233183856502242,0.29957734874458114,0.9123867069486404,4.999999873689376e-05
0.9870901840118766,0.6636771300448431,0.26646135186950964,0.9395770392749244,4.999999873689376e-05
2.1009479856918327,0.47533632286995514,0.2891047948301739,0.9274924471299094,4.999999873689376e-05
1.0100032454105972,0.6591928252457503,0.21694064468955707,0.9607250755287009,2.499999936844688e-05
1.0259237790505313,0.6412556053811659,0.23940755676737005,0.9425981873111783,2.499999936844688e-05
1.172566950926766,0.6547085201793722,0.2212612600800134,0.9577039274924471,2.499999936844688e-05
1.0083835894250281,0.6412556053811659,0.24857201193124506,0.9290030211480362,2.499999936844688e-05
1.0312157362874914,0.6502242152466368,0.21133595765807478,0.9622356495468278,2.499999936844688e-05
