precision,accuracy,recall,duration,f1,auc
0.943661971830986,0.8938053097345132,0.7967263037685574,564.6021475791931,0.8299610529283394,0.8905230128672478
