precision,accuracy,recall,duration,f1,auc
0.6852809962393925,0.6909090909090909,0.6981723574943913,114.47632074356079,0.6621668268840671,0.8290361417480061
