precision,accuracy,recall,duration,f1,auc
0.6517976099669464,0.6454545454545455,0.6785369463335565,46.4810848236084,0.6286664246614184,0.8533575296287159
