precision,accuracy,recall,duration,f1,auc
0.559660019614253,0.6045454545454545,0.572719264244688,27.340713024139404,0.5441963921716846,0.8617980431539753
