precision,accuracy,recall,duration,f1,auc
0.4722287504896201,0.6045454545454545,0.501994301994302,323.2536849975586,0.4860043000082693,0.7351938360035527
