precision,accuracy,recall,duration,f1,auc
0.9041316180108857,0.8858447488584474,0.8235294117647058,15.11530089378357,0.8509189925119129,0.029213705684293913
