precision,accuracy,recall,duration,f1,auc
0.9237472766884531,0.8451327433628318,0.6846846846846847,941.7763588428497,0.6578042703503959,0.9279526602276662
