precision,accuracy,recall,duration,f1,auc
0.47883597883597884,0.5616438356164384,0.370863810518983,47.55194854736328,0.30628493524199046,0.6123454959661856
