precision,accuracy,recall,duration,f1,auc
0.8385416666666667,0.8590909090909091,0.9,6.843935966491699,0.8481711525189786,0.0
