val_loss,val_acc,loss,acc,lr
4.731917997019009,0.7064220183486238,4.781349748237772,0.7019667170953101,0.0010000000474974513
4.731917997019009,0.7064220183486238,4.8037289456772925,0.7019667170953101,0.0010000000474974513
4.731917997019009,0.7064220183486238,4.80372894639868,0.7019667170953101,0.0010000000474974513
4.731917997019009,0.7064220183486238,4.803728943513129,0.7019667170953101,0.0010000000474974513
4.731917997019009,0.7064220183486238,4.803728942250701,0.7019667170953101,0.0010000000474974513
4.731917997019009,0.7064220183486238,4.803728945316598,0.7019667170953101,0.0010000000474974513
4.731917997019009,0.7064220183486238,4.803728944234517,0.7019667170953101,0.00010000000474974513
4.731917997019009,0.7064220183486238,4.803728943152436,0.7019667170953101,0.00010000000474974513
4.731917997019009,0.7064220183486238,4.803728943152435,0.7019667170953101,0.00010000000474974513
4.731917997019009,0.7064220183486238,4.803728944775558,0.7019667170953101,0.00010000000474974513
4.731917997019009,0.7064220183486238,4.803728944414864,0.7019667170953101,0.00010000000474974513
4.731917997019009,0.7064220183486238,4.803728942972088,0.7019667170953101,1.0000000656873453e-05
4.731917997019009,0.7064220183486238,4.803728944234517,0.7019667170953101,1.0000000656873453e-05
4.731917997019009,0.7064220183486238,4.8037289445952105,0.7019667170953101,1.0000000656873453e-05
4.731917997019009,0.7064220183486238,4.803728945677292,0.7019667170953101,1.0000000656873453e-05
4.731917997019009,0.7064220183486238,4.803728940988273,0.7019667170953101,1.0000000656873453e-05
