precision,accuracy,recall,duration,f1,auc
0.5688405797101449,0.8082191780821918,0.6522988505747126,20.010722398757935,0.6062289562289562,0.9041215980871153
