precision,accuracy,recall,duration,f1,auc
0.6041400460005111,0.6681818181818182,0.6207547834666479,201.699049949646,0.5984917043740573,0.7970612072306987
