val_loss,val_acc,loss,acc,lr
4.770377997325682,0.7040358749740326,4.862300463673572,0.6842900302114804,0.009999999776482582
4.770377997325682,0.7040358749740326,4.893862815782023,0.696374622176421,0.009999999776482582
4.770377997325682,0.7040358749740326,4.893862820824108,0.6963746225365699,0.009999999776482582
4.770377997325682,0.7040358749740326,4.893862806418151,0.6963746225365699,0.009999999776482582
4.770377997325682,0.7040358749740326,4.893862804257258,0.696374622176421,0.009999999776482582
4.770377997325682,0.7040358749740326,4.89386282658649,0.6963746225365699,0.009999999776482582
4.770377997325682,0.7040358749740326,4.893862791652046,0.6963746223564955,0.0009999999310821295
4.770377997325682,0.7040358749740326,4.893862804257258,0.696374622176421,0.0009999999310821295
4.770377997325682,0.7040358749740326,4.893862827306788,0.696374622176421,0.0009999999310821295
4.770377997325682,0.7040358749740326,4.89386280353696,0.6963746225365699,0.0009999999310821295
4.770377997325682,0.7040358749740326,4.8938628129008315,0.696374622176421,0.0009999999310821295
4.770377997325682,0.7040358749740326,4.893862839551851,0.6963746223564955,9.99999901978299e-05
4.770377997325682,0.7040358749740326,4.89386280353696,0.6963746225365699,9.99999901978299e-05
4.770377997325682,0.7040358749740326,4.893862800655769,0.6963746225365699,9.99999901978299e-05
4.770377997325682,0.7040358749740326,4.893862817582767,0.6963746223564955,9.99999901978299e-05
4.770377997325682,0.7040358749740326,4.893862802096364,0.6963746223564955,9.99999901978299e-05
