val_loss,val_acc,loss,acc,lr
0.33229345213643213,0.8165137614678899,0.3726299801272546,0.8383233532934131,9.999999747378752e-06
0.42352024506558045,0.7889908256880734,0.235514893559014,0.9086826347305389,9.999999747378752e-06
0.40097537406462824,0.7981651376146789,0.21313463597597476,0.9281437125748503,9.999999747378752e-06
0.3690767063052498,0.8577981651376146,0.19252422109558553,0.9296407185628742,9.999999747378752e-06
0.43079955362036176,0.8256880733944955,0.15604786121448178,0.9505988023952096,9.999999747378752e-06
0.509804893420509,0.8394495412844036,0.18523581572222764,0.9176646706586826,9.999999747378752e-06
0.4834332908414097,0.8348623853211009,0.14061884141476924,0.9535928143712575,9.999999747378752e-06
0.46509110490399364,0.8532110091743119,0.13013864706220205,0.9580838323353293,9.999999747378752e-06
0.4656376717950475,0.8440366972477065,0.11913504971269362,0.9595808383233533,9.999999747378752e-06
0.5172722542403556,0.8302752293577982,0.11401988603007383,0.9610778443113772,9.999999747378752e-06
0.48974183809189736,0.8394495412844036,0.10109281832419202,0.9670658682634731,9.999999747378752e-06
0.470502848399355,0.8486238532110092,0.11247866882518781,0.9580838323353293,1.9999999949504854e-06
0.4537330263909525,0.8486238532110092,0.09882319095951622,0.9745508982035929,1.9999999949504854e-06
0.4777279172181951,0.8348623853211009,0.12584544852108298,0.9625748502994012,1.9999999949504854e-06
0.44417355739652115,0.8440366972477065,0.09774639155342059,0.9745508982035929,1.9999999949504854e-06
0.4582478833323757,0.8486238532110092,0.10887065595908169,0.9595808383233533,1.9999999949504854e-06
