precision,accuracy,recall,duration,f1,auc
0.35850066934404284,0.5398230088495575,0.40447202991963077,838.9063396453857,0.3741174784073397,0.6929119379584886
