precision,accuracy,recall,duration,f1,auc
0.570949762465866,0.6954545454545454,0.5803868645973909,307.63153195381165,0.5696537791710206,0.8249553041051018
