precision,accuracy,recall,duration,f1,auc
0.9792772560228664,0.9772727272727273,0.9660049627791563,317.7145345211029,0.9723277401826369,0.008933002481389578
