precision,accuracy,recall,duration,f1,auc
0.3840813290354575,0.5772727272727273,0.47162103433289876,49.78708624839783,0.4148136994093929,0.5970805877585539
