val_loss,val_acc,loss,acc,lr
4.77037799304911,0.7040358727021068,4.659600205291794,0.6903323266441368,0.009999999776482582
4.77037799304911,0.7040358727021068,4.893862900056868,0.6963746225365699,0.009999999776482582
4.77037799304911,0.7040358727021068,4.893862882049422,0.6963746216361977,0.009999999776482582
4.77037799304911,0.7040358727021068,4.893862869084061,0.696374622176421,0.009999999776482582
4.77037799304911,0.7040358727021068,4.8938627372695604,0.6963746230767933,0.009999999776482582
4.77037799304911,0.7040358727021068,4.8938628481954245,0.6963746223564955,0.009999999776482582
4.77037799304911,0.7040358727021068,4.893862840992447,0.6963746230767933,0.004999999888241291
4.77037799304911,0.7040358727021068,4.893862907259846,0.6963746214561232,0.004999999888241291
4.77037799304911,0.7040358727021068,4.893862878447933,0.6963746219963466,0.004999999888241291
4.77037799304911,0.7040358727021068,4.893862784809216,0.6963746225365699,0.004999999888241291
4.77037799304911,0.7040358727021068,4.8938628330691705,0.6963746227166444,0.004999999888241291
4.77037799304911,0.7040358727021068,4.893862821544405,0.6963746227166444,0.0024999999441206455
4.77037799304911,0.7040358727021068,4.893862865482572,0.6963746225365699,0.0024999999441206455
4.77037799304911,0.7040358727021068,4.893862832348873,0.6963746219963466,0.0024999999441206455
4.77037799304911,0.7040358727021068,4.893862829467682,0.6963746230767933,0.0024999999441206455
4.77037799304911,0.7040358727021068,4.893862829467682,0.6963746230767933,0.0024999999441206455
