precision,accuracy,recall,duration,f1,auc
0.7352817222727257,0.7256637168141593,0.6488163981599169,29.672858715057373,0.6754734848484848,0.8271534843509062
