precision,accuracy,recall,duration,f1,auc
0.9050505050505051,0.7920353982300885,0.6240324831874128,2056.0496129989624,0.6008614582608708,0.8661676118706435
