precision,accuracy,recall,duration,f1,auc
0.7177745473005325,0.759090909090909,0.7327836310887158,754.1576759815216,0.7205461055932543,0.901576282932215
