precision,accuracy,recall,duration,f1,auc
0.5818414322250639,0.6150442477876106,0.48730265237784937,874.3078908920288,0.47082642254993984,0.7214137627720821
