precision,accuracy,recall,duration,f1,auc
0.5603980986333927,0.5929203539823009,0.6065058852120203,984.5301842689514,0.5552610826306403,0.8104624079797152
