precision,accuracy,recall,duration,f1,auc
0.7880540858318636,0.7625570776255708,0.6128785525337249,3309.478734254837,0.6216518947851124,0.8550262645090232
