precision,accuracy,recall,duration,f1,auc
0.5606936416184971,0.75,0.5743589743589744,2313.190163373947,0.5500940926198657,0.8205398357940731
