precision,accuracy,recall,duration,f1,auc
0.5383597883597884,0.6909090909090909,0.5201079622132253,3216.2495651245117,0.507045780499465,0.691445494077073
