precision,accuracy,recall,duration,f1,auc
0.7068783068783069,0.7214611872146118,0.7261501313225452,27.323118209838867,0.702382023576846,0.8832894414790967
