val_loss,val_acc,loss,acc,lr
4.731917984988717,0.7064220187587475,4.641659422829725,0.6944024208454068,0.009999999776482582
4.731917984988717,0.7064220187587475,4.803728930347806,0.7019667175461773,0.009999999776482582
4.731917984988717,0.7064220187587475,4.803728892114267,0.7019667179068712,0.009999999776482582
4.731917984988717,0.7064220187587475,4.8037289498252695,0.7019667179068712,0.009999999776482582
4.731917984988717,0.7064220187587475,4.803728913034505,0.7019667176363508,0.009999999776482582
4.731917984988717,0.7064220187587475,4.803728857487665,0.7019667177265242,0.009999999776482582
4.731917984988717,0.7064220187587475,4.803728848109627,0.7019667179970446,0.0009999999310821295
4.731917984988717,0.7064220187587475,4.803728889950104,0.7019667176363508,0.0009999999310821295
4.731917984988717,0.7064220187587475,4.8037289267408685,0.7019667179068712,0.0009999999310821295
4.731917984988717,0.7064220187587475,4.803728889950104,0.7019667176363508,0.0009999999310821295
4.731917984988717,0.7064220187587475,4.803728918805605,0.7019667175461773,0.0009999999310821295
4.731917984988717,0.7064220187587475,4.8037289267408685,0.7019667177265242,9.99999901978299e-05
4.731917984988717,0.7064220187587475,4.803728874259925,0.7019667172756571,9.99999901978299e-05
4.731917984988717,0.7064220187587475,4.803728903656467,0.7019667177265242,9.99999901978299e-05
4.731917984988717,0.7064220187587475,4.803728918805605,0.7019667175461773,9.99999901978299e-05
4.731917984988717,0.7064220187587475,4.803728930347806,0.7019667176363508,9.99999901978299e-05
