precision,accuracy,recall,duration,f1,auc
0.5360305958132044,0.6909090909090909,0.5099956540634506,81.18174266815186,0.4893012480055952,0.7671441323983696
