precision,accuracy,recall,duration,f1,auc
0.6793040293040292,0.7772727272727272,0.6205257408647239,13.063612937927246,0.5748179469109702,0.7629503036282698
