precision,accuracy,recall,duration,f1,auc
0.7107558139534884,0.759090909090909,0.6727047146401985,209.69944047927856,0.6844469703120348,0.22282878411910673
