precision,accuracy,recall,duration,f1,auc
0.9602669093114953,0.9636363636363636,0.9518610421836229,143.35082817077637,0.9559294871794871,0.006054590570719608
