precision,accuracy,recall,duration,f1,auc
0.7807328605200945,0.8045454545454546,0.8300248138957816,47.721463680267334,0.7882674186978222,0.08813895781637718
