precision,accuracy,recall,duration,f1,auc
0.7227024341778441,0.7610619469026548,0.7036801453884598,782.8955943584442,0.7110795454545455,0.15038618809631984
