precision,accuracy,recall,duration,f1,auc
0.43998673740053046,0.6545454545454545,0.5584045584045584,185.31892371177673,0.4777213902985759,0.7601070394592663
