precision,accuracy,recall,duration,f1,auc
0.8532608695652174,0.8772727272727273,0.9129032258064516,188.81732487678528,0.8663095586414891,0.008833746898263025
