val_loss,val_acc,loss,acc,lr
0.1951273491276186,0.9147982062780269,0.34061117886686615,0.8459214501510574,9.999999747378752e-05
0.1383649185501512,0.9506726457399103,0.22877814215565737,0.904833836858006,9.999999747378752e-05
0.10401056309648683,0.9596412556053812,0.17540291961271237,0.9365558912386707,9.999999747378752e-05
0.22198555376950524,0.9372197309417041,0.18740900731969096,0.9229607250755287,9.999999747378752e-05
0.19797051151216297,0.9461883408071748,0.15799398096756634,0.9365558912386707,9.999999747378752e-05
0.11321840968830738,0.9551569506726457,0.15910281746274035,0.9350453172205438,9.999999747378752e-05
0.18189027348951858,0.9506726457399103,0.1160257000734979,0.9697885196374623,9.999999747378752e-05
0.20118482513032174,0.9506726457399103,0.1207529251165463,0.9622356495468278,9.999999747378752e-05
0.14164186276478874,0.9506726457399103,0.12854187068701062,0.9546827794561934,9.999999747378752e-06
0.1541456798017487,0.9506726457399103,0.08721595056343745,0.9788519637462235,9.999999747378752e-06
0.165410015165512,0.9506726457399103,0.10619431358883073,0.9667673716012085,9.999999747378752e-06
0.14216255712801001,0.9506726457399103,0.10100087909213636,0.974320241691843,9.999999747378752e-06
0.1457890441957405,0.9506726457399103,0.12748748706119117,0.9546827794561934,9.999999747378752e-06
0.14497995115002854,0.9506726457399103,0.10717597580725872,0.9667673716012085,9.999999974752427e-07
0.14420210237338374,0.9506726457399103,0.10778400789822516,0.9652567975830816,9.999999974752427e-07
0.15325655239310884,0.9506726457399103,0.11448395804268535,0.9637462235649547,9.999999974752427e-07
0.1493424393816421,0.9506726457399103,0.11307337217235493,0.9622356495468278,9.999999974752427e-07
0.1396106123226814,0.9551569506726457,0.10230431794062302,0.9773413897280967,9.999999974752427e-07
