precision,accuracy,recall,duration,f1,auc
0.5155437127268113,0.7545454545454545,0.6051282051282052,118.1395001411438,0.5560118386977432,0.7633643609352111
