precision,accuracy,recall,duration,f1,auc
0.8165240687926714,0.8454545454545455,0.8635235732009925,571.1238317489624,0.8291301169590644,0.06640198511166254
