precision,accuracy,recall,duration,f1,auc
0.9157608695652174,0.8584474885844748,0.7651515151515151,786.7437648773193,0.8005405881834474,0.3175876411170529
