precision,accuracy,recall,duration,f1,auc
0.562015503875969,0.7545454545454545,0.5794871794871795,11.87856674194336,0.5544502085240566,0.8679792569623078
