precision,accuracy,recall,duration,f1,auc
0.8960129310344828,0.9045454545454545,0.9098828946286573,34.05841302871704,0.9024472512844607,0.9673925555281487
