precision,accuracy,recall,duration,f1,auc
0.9042894935752078,0.8362831858407079,0.7024758107355386,16.913723468780518,0.7077230945155475,0.8756373943769503
