precision,accuracy,recall,duration,f1,auc
0.7569759079467818,0.8090909090909091,0.7848385543300798,176.37469840049744,0.7669531542228922,0.9141518963552863
