precision,accuracy,recall,duration,f1,auc
0.38794562109808045,0.5530973451327433,0.38676692925917083,38.76282739639282,0.3464550264550265,0.5577902442906023
