precision,accuracy,recall,duration,f1,auc
0.5435435435435435,0.8090909090909091,0.6410256410256411,91.0940010547638,0.5877101512906354,0.7234263598670378
