precision,accuracy,recall,duration,f1,auc
0.9355509355509355,0.9513274336283186,0.9568832348932303,113.49830436706543,0.9449354331406294,0.016537937301226734
