precision,accuracy,recall,duration,f1,auc
0.6664818596344847,0.6118721461187214,0.6385829403070783,1035.8812365531921,0.6048098258944753,0.8256193105331037
