val_loss,val_acc,loss,acc,lr
0.42203129200913786,0.8009049773755657,0.5410023295735739,0.7259036144578314,0.0010000000474974513
0.6709757482641423,0.7104072400887088,0.3993489914629833,0.8147590361445783,0.0010000000474974513
0.43379037814610955,0.8280542989122383,0.2750683637807168,0.8900602409638554,0.0010000000474974513
0.4314474274669837,0.8054298642533937,0.27719666288200634,0.8855421686746988,0.0010000000474974513
0.4905035643642389,0.805429864523098,0.2680788668523352,0.8870481927710844,0.0010000000474974513
0.38132614279545135,0.8461538464235504,0.16174248686755996,0.9337349397590361,0.0010000000474974513
0.5259575226135569,0.8280542989122383,0.1749233822057764,0.9262048192771084,0.0010000000474974513
0.7158785991862414,0.7647058826226455,0.19399347449147916,0.9262048192771084,0.0010000000474974513
0.670477993885367,0.7828054301339576,0.21490307726773872,0.9216867469879518,0.0010000000474974513
0.8829409882260463,0.7511312219891613,0.2636517652546067,0.8855421686746988,0.0010000000474974513
1.0172913393188254,0.7511312219891613,0.21236180101173469,0.9156626506024096,0.0010000000474974513
0.752058228139125,0.7873303170117857,0.14466924424541283,0.9397590361445783,0.0010000000474974513
0.632226497801421,0.809954751400926,0.16827892426805324,0.9322289156626506,0.0010000000474974513
0.619480630851849,0.8325791857900663,0.1332284439444901,0.9457831325301205,0.0010000000474974513
1.2345743715079185,0.7556561088669893,0.10070921388645489,0.9683734939759037,0.0010000000474974513
0.6324412721457862,0.8009049776452699,0.12852263967899313,0.9518072289156626,0.0010000000474974513
0.7549089730356044,0.7828054301339576,0.09293296668364341,0.9653614457831325,0.00020000000949949026
0.8362733314040117,0.7828054301339576,0.0769895346812814,0.9698795180722891,0.00020000000949949026
0.5442450420419163,0.8371040726678943,0.08144757851778743,0.9713855421686747,0.00020000000949949026
0.5784907539148321,0.8325791857900663,0.06968242623450527,0.9713855421686747,0.00020000000949949026
0.5889965215724651,0.8325791857900663,0.06827122692288046,0.9728915662650602,0.00020000000949949026
