precision,accuracy,recall,duration,f1,auc
0.8791291291291292,0.9045454545454545,0.9009925558312655,846.6036467552185,0.8887041988870421,0.01925558312655087
