precision,accuracy,recall,duration,f1,auc
0.8995018410223089,0.7863636363636364,0.6264357474883792,24.72242045402527,0.60028535226843,0.8288227966365618
