precision,accuracy,recall,duration,f1,auc
0.5236111111111111,0.740909090909091,0.5851851851851851,10.636295080184937,0.5474079422382672,0.7849089357186522
