precision,accuracy,recall,duration,f1,auc
0.8180516651104887,0.8310502283105022,0.8145127886507199,248.3186390399933,0.8115236432828544,0.9424293023430955
