precision,accuracy,recall,duration,f1,auc
0.7956796753789235,0.8181818181818182,0.7459057071960298,142.49640488624573,0.7632117102572381,0.09846153846153848
