precision,accuracy,recall,duration,f1,auc
0.5291132478632479,0.7727272727272727,0.6046066927422861,16.61350727081299,0.5613082102642449,0.7336780718136651
