precision,accuracy,recall,duration,f1,auc
0.9330548787562363,0.9181818181818182,0.8704714640198511,2425.9963233470917,0.8946360153256705,0.0169727047146402
