precision,accuracy,recall,duration,f1,auc
0.5309882747068677,0.6318181818181818,0.441025641025641,46.804399490356445,0.4109505294304649,0.7121815426900172
