val_loss,val_acc,loss,acc,lr
0.9472811660424476,0.6502242157143863,1.1137603238630152,0.5407854986695004,0.0010000000474974513
0.8673562623994767,0.6053811659192825,0.8840347431217436,0.6419939578840019,0.0010000000474974513
0.7943371320519212,0.6636771300448431,0.7964209156094001,0.6586102717232488,0.0010000000474974513
0.9992719482413321,0.5829596417233548,0.7584598042813673,0.6888217524459355,0.0010000000474974513
1.1017337319829539,0.5784753367906194,0.6413209852495222,0.7477341390628469,0.0010000000474974513
1.0056263048018041,0.6457399107816508,0.7559150150355255,0.6752265862827935,0.0010000000474974513
0.8370679614255246,0.6950672650417404,0.5985727116600624,0.7583081570996979,0.0010000000474974513
1.013790445744724,0.5201793738010219,0.6805153572847475,0.7039274924471299,0.0010000000474974513
0.9323202446437203,0.730941704503624,0.5635558186701057,0.7824773413897281,0.0010000000474974513
1.268573684008132,0.6143497762525029,0.4548177006921739,0.8096676735359376,0.0010000000474974513
0.8412221031338645,0.7264573995708885,0.5565755072857318,0.7794561931733999,0.0010000000474974513
0.8482299444386777,0.6771300453107988,0.42840347904993326,0.8368580060422961,0.0010000000474974513
1.3618656140271859,0.5381165923960006,0.4355671190153076,0.8323262838078409,0.0010000000474974513
1.0535204819499644,0.5470852022614714,0.4097094804138575,0.8368580060422961,0.0005000000237487257
0.983300736132224,0.5605381170596777,0.3042755030613291,0.8851963746223565,0.0005000000237487257
1.0499258252537305,0.6457399107816508,0.3469613216749851,0.8625377643504532,0.0005000000237487257
0.9598835794914998,0.6726457403780634,0.22532204108655993,0.9199395768592005,0.0005000000237487257
1.1782202512159476,0.6188340811852382,0.2720398619725985,0.885196374442282,0.0005000000237487257
