precision,accuracy,recall,duration,f1,auc
0.580712788259958,0.8136363636363636,0.6461538461538462,8.359708309173584,0.6067465092735851,0.9142904964938863
