precision,accuracy,recall,duration,f1,auc
0.5346203346203345,0.6863636363636364,0.5076923076923077,74.38682627677917,0.48494481236203085,0.7293395388537091
