precision,accuracy,recall,duration,f1,auc
0.6403318903318903,0.5545454545454546,0.6289498103057425,320.9229326248169,0.5776317403457353,0.7835224403021014
