precision,accuracy,recall,duration,f1,auc
0.4637850467289719,0.6681818181818182,0.5649717514124294,157.06153059005737,0.49937321937321943,0.7429977565570787
