precision,accuracy,recall,duration,f1,auc
0.8141592920353982,0.8141592920353983,0.864516129032258,35.83840203285217,0.8075113562621674,0.06633348477964562
