precision,accuracy,recall,duration,f1,auc
0.8964452958705832,0.9045454545454545,0.869727047146402,28.461262941360474,0.8815111179502961,0.07116625310173698
