precision,accuracy,recall,duration,f1,auc
0.9874213836477987,0.9818181818181818,0.9692307692307692,32.81732797622681,0.9777575573753918,0.0040694789081885865
