precision,accuracy,recall,duration,f1,auc
0.5467593079973331,0.7681818181818182,0.6040851803563668,31.224263906478882,0.568100358422939,0.7687080822674043
