precision,accuracy,recall,duration,f1,auc
0.514882712398975,0.6666666666666666,0.4957331940090561,72.23647594451904,0.47605965463108313,0.7545227437468817
