precision,accuracy,recall,duration,f1,auc
0.9273743016759777,0.8812785388127854,0.803030303030303,8.131556987762451,0.8382018640600137,0.05347593582887701
