precision,accuracy,recall,duration,f1,auc
0.5120370370370371,0.7545454545454545,0.6071273359408953,90.483558177948,0.5554343874954563,0.7644355568084382
