precision,accuracy,recall,duration,f1,auc
0.7927927927927928,0.7909090909090909,0.8516129032258064,37.05661153793335,0.7821969696969697,0.026699751861042186
