val_loss,val_acc,loss,acc,lr
1.291102018144896,0.8823529411764706,0.39104903346426917,0.8614457831325302,0.0010000000474974513
0.19606109922727422,0.9230769230769231,0.3383454806101228,0.8795180722891566,0.0010000000474974513
0.23855447212969932,0.9230769230769231,0.21078700620711904,0.9201807228915663,0.0010000000474974513
0.18664164394011926,0.9321266968325792,0.15843151243865009,0.9337349397590361,0.0010000000474974513
0.9296001771026843,0.746606334841629,0.1834863423792707,0.9186746987951807,0.0010000000474974513
0.3554673363333432,0.9276018099547512,0.171502108800685,0.9322289156626506,0.0010000000474974513
0.15580506743994962,0.9411764705882353,0.09906751371454448,0.9668674698795181,0.0010000000474974513
0.1260115099543013,0.9366515837104072,0.11270454523247576,0.963855421686747,0.0010000000474974513
0.6324562385871485,0.8778280542986425,0.07700024048490267,0.9713855421686747,0.0010000000474974513
0.42080683777517613,0.9321266968325792,0.09120838767610467,0.963855421686747,0.0010000000474974513
0.2628546316289179,0.9276018099547512,0.09357652084776397,0.9653614457831325,0.0010000000474974513
0.18253880946112924,0.8959276018099548,0.07149622400319491,0.9743975903614458,0.0010000000474974513
0.2735754928838194,0.9049773755656109,0.06371976748322408,0.9789156626506024,0.0010000000474974513
0.39856577815069977,0.9321266968325792,0.06282639467064151,0.9713855421686747,0.0010000000474974513
0.2792813557059893,0.9049773755656109,0.07392850843488227,0.9774096385542169,0.0010000000474974513
0.17918279358712497,0.9321266968325792,0.06977747862235326,0.9804216867469879,0.0010000000474974513
0.43421500921791983,0.9049773755656109,0.07729237176563292,0.9668674698795181,0.0010000000474974513
0.6232022066100364,0.9004524886877828,0.04670572284858171,0.9819277108433735,0.0010000000474974513
0.5276018619178859,0.9049773755656109,0.029708498621227798,0.9894578313253012,0.00020000000949949026
0.27634664811231346,0.918552036199095,0.03181184125958636,0.9939759036144579,0.00020000000949949026
0.3800190917081732,0.9140271493212669,0.027535784408263934,0.9924698795180723,0.00020000000949949026
0.3397562564034222,0.918552036199095,0.04038620331994025,0.9879518072289156,0.00020000000949949026
0.39209999959013137,0.918552036199095,0.034941608113995354,0.9894578313253012,0.00020000000949949026
