precision,accuracy,recall,duration,f1,auc
0.5513071895424836,0.5590909090909091,0.4648223121907333,1290.010998725891,0.47163316852442394,0.7491897066795853
