precision,accuracy,recall,duration,f1,auc
0.5051282051282051,0.680365296803653,0.5261233019853709,45.69565773010254,0.5054450176041922,0.710960960960961
