precision,accuracy,recall,duration,f1,auc
0.5206349206349207,0.5818181818181818,0.3846153846153846,7.155515193939209,0.3287262872628726,0.7722617663295628
