precision,accuracy,recall,duration,f1,auc
0.5652173913043478,0.7681818181818182,0.6271186440677966,2614.117989063263,0.5942164179104478,0.7632609793626743
