precision,accuracy,recall,duration,f1,auc
0.34292035398230086,0.6858407079646017,0.5,27.95880627632141,0.4068241469816273,0.11581099500227172
