precision,accuracy,recall,duration,f1,auc
0.9710144927536232,0.9818181818181818,0.9870967741935484,6.120106935501099,0.9785386791532533,0.0
