precision,accuracy,recall,duration,f1,auc
0.6782284487628516,0.7363636363636363,0.656575682382134,749.2337894439697,0.664175176334351,0.24694789081885857
