val_loss,val_acc,loss,acc,lr
0.24584029871144447,0.918552036199095,0.3868642560688846,0.858433734939759,9.999999747378752e-06
0.18699516471879918,0.9140271493212669,0.24786788976964463,0.9186746987951807,9.999999747378752e-06
0.21048267577602042,0.9095022624434389,0.22701175584940306,0.9141566265060241,9.999999747378752e-06
0.20016875043005694,0.9140271493212669,0.1961067341021206,0.9427710843373494,9.999999747378752e-06
0.18352582016159102,0.9004524886877828,0.1954701949718846,0.9382530120481928,9.999999747378752e-06
0.19079106373552285,0.9049773755656109,0.18512404922126646,0.947289156626506,9.999999747378752e-06
0.16319903548242212,0.9321266968325792,0.17805541188916169,0.9487951807228916,9.999999747378752e-06
0.19903243909172746,0.9049773755656109,0.15986362223636852,0.9442771084337349,9.999999747378752e-06
0.1434651044306948,0.9321266968325792,0.16760821707254972,0.9487951807228916,9.999999747378752e-06
0.17743381977342576,0.9004524886877828,0.1578248912266579,0.9518072289156626,9.999999747378752e-06
0.15147454830674598,0.9230769230769231,0.13242459838020515,0.963855421686747,9.999999747378752e-06
0.18501453127551876,0.8914027149321267,0.12556281069809772,0.9653614457831325,9.999999747378752e-06
0.23124117080472006,0.8959276018099548,0.12328433455248554,0.9698795180722891,9.999999747378752e-06
0.2256267849409666,0.9004524886877828,0.12645398207143488,0.9593373493975904,9.999999747378752e-06
0.24539527737449146,0.9049773755656109,0.12483895492055509,0.9698795180722891,9.999999747378752e-06
0.29239627970087584,0.9049773755656109,0.13479898248361535,0.9713855421686747,9.999999747378752e-06
0.29103899745289574,0.9049773755656109,0.11492744252276439,0.9759036144578314,9.999999747378752e-06
0.30467757795267314,0.9049773755656109,0.14076374766854458,0.9563253012048193,9.999999747378752e-06
0.2877726499302043,0.9049773755656109,0.14517042702288332,0.9578313253012049,9.999999747378752e-06
0.2656072153761452,0.9049773755656109,0.11575916008911578,0.9759036144578314,1.9999999949504854e-06
0.22959398964580097,0.9049773755656109,0.12319095229382167,0.963855421686747,1.9999999949504854e-06
0.2551777325323003,0.9049773755656109,0.1187159617835409,0.963855421686747,1.9999999949504854e-06
0.25107664932213447,0.9049773755656109,0.10476631999397314,0.9728915662650602,1.9999999949504854e-06
0.26792371694084965,0.9049773755656109,0.12088985849418733,0.9713855421686747,1.9999999949504854e-06
