precision,accuracy,recall,duration,f1,auc
0.8066037735849056,0.8136363636363636,0.8677419354838709,138.1260051727295,0.8039087806256657,0.04744416873449132
