precision,accuracy,recall,duration,f1,auc
0.9816017316017316,0.9863636363636363,0.9858560794044665,40.55242323875427,0.9836952493885718,0.0004962779156327556
