precision,accuracy,recall,duration,f1,auc
0.9014285714285715,0.9227272727272727,0.9183622828784119,2478.510846853256,0.9091681845780206,0.016476426799007446
