precision,accuracy,recall,duration,f1,auc
0.4976922210964765,0.7545454545454545,0.6186440677966102,148.68213415145874,0.5484929717840328,0.6859996241352174
