precision,accuracy,recall,duration,f1,auc
0.9454022988505747,0.9136363636363637,0.8538461538461539,1018.0304126739502,0.8855390344752047,0.09369727047146402
