precision,accuracy,recall,duration,f1,auc
0.9166666666666667,0.8590909090909091,0.7615384615384615,22.33709716796875,0.797979797979798,0.03245657568238213
