precision,accuracy,recall,duration,f1,auc
0.9585798816568047,0.9380530973451328,0.9014084507042254,1108.7300114631653,0.9237075617283951,0.02562471603816447
