precision,accuracy,recall,duration,f1,auc
0.7952991452991454,0.8227272727272728,0.8429280397022333,934.9836745262146,0.8057724957555178,0.07334987593052111
