precision,accuracy,recall,duration,f1,auc
0.7984775641025641,0.8318181818181818,0.7957816377171216,117.13880920410156,0.7971036167401979,0.10630272952853599
