precision,accuracy,recall,duration,f1,auc
0.8014611554434564,0.8363636363636363,0.7971810141301666,22.747628450393677,0.7973008606102132,0.9387540082455338
