precision,accuracy,recall,duration,f1,auc
0.6705558592351045,0.7545454545454545,0.6081045843757708,29.668628454208374,0.6116151545363908,0.8202444295664635
