precision,accuracy,recall,duration,f1,auc
0.7814009661835749,0.7351598173515982,0.5692216280451575,1122.560720205307,0.5476495726495727,0.08387799564270151
