precision,accuracy,recall,duration,f1,auc
0.7273097273097274,0.6814159292035398,0.5313981921764208,1996.441659450531,0.5459228876127974,0.9400951440817757
