precision,accuracy,recall,duration,f1,auc
0.6308139534883721,0.7031963470319634,0.5980392156862745,45.320345878601074,0.6030506678564458,0.3690829867300455
