precision,accuracy,recall,duration,f1,auc
0.5336507936507936,0.7954545454545454,0.6256410256410256,9.068744659423828,0.5750138197899392,0.7661598364988196
