val_loss,val_acc,loss,acc,lr
4.805854215534457,0.7018348623853211,4.8515012499814985,0.6991017964071856,0.0010000000474974513
4.805854215534457,0.7018348623853211,4.849906009114432,0.6991017964071856,0.0010000000474974513
4.805854215534457,0.7018348623853211,4.849906009471346,0.6991017964071856,0.0010000000474974513
4.805854215534457,0.7018348623853211,4.849906010185174,0.6991017964071856,0.0010000000474974513
4.805854215534457,0.7018348623853211,4.849906008400603,0.6991017964071856,0.0010000000474974513
4.805854215534457,0.7018348623853211,4.849906009114432,0.6991017964071856,0.0010000000474974513
4.805854215534457,0.7018348623853211,4.84990601161283,0.6991017964071856,0.0010000000474974513
4.805854215534457,0.7018348623853211,4.849906009828259,0.6991017964071856,0.0010000000474974513
4.805854215534457,0.7018348623853211,4.849906008400603,0.6991017964071856,0.0010000000474974513
4.805854215534457,0.7018348623853211,4.849906008400603,0.6991017964071856,0.0010000000474974513
4.805854215534457,0.7018348623853211,4.849906009471346,0.6991017964071856,0.0010000000474974513
4.805854215534457,0.7018348623853211,4.84990600982826,0.6991017964071856,0.00010000000474974513
4.805854215534457,0.7018348623853211,4.849906007686775,0.6991017964071856,0.00010000000474974513
4.805854215534457,0.7018348623853211,4.84990601161283,0.6991017964071856,0.00010000000474974513
4.805854215534457,0.7018348623853211,4.849906007686775,0.6991017964071856,0.00010000000474974513
4.805854215534457,0.7018348623853211,4.849906009828259,0.6991017964071856,0.00010000000474974513
