precision,accuracy,recall,duration,f1,auc
0.3493150684931507,0.6986301369863014,0.5,60.10395526885986,0.41129032258064513,0.3933452168746287
