precision,accuracy,recall,duration,f1,auc
0.7221541950113379,0.7681818181818182,0.7571114791453774,277.69869232177734,0.7316183852371637,0.9192759904624311
