precision,accuracy,recall,duration,f1,auc
0.5222104809987868,0.7136363636363636,0.5494567579313342,46.0522518157959,0.5240169388989716,0.7341252921761395
