val_loss,val_acc,loss,acc,lr
4.805854237407724,0.701834862658737,4.652005475438283,0.6811377241939842,0.009999999776482582
4.805854237407724,0.701834862658737,4.849905990554901,0.6991017967640997,0.009999999776482582
4.805854237407724,0.701834862658737,4.849905954863497,0.6991017956933575,0.009999999776482582
4.805854237407724,0.701834862658737,4.849905990554901,0.6991017964071856,0.009999999776482582
4.805854237407724,0.701834862658737,4.849905984844276,0.6991017964071856,0.009999999776482582
4.805854237407724,0.701834862658737,4.849905944869904,0.6991017971210137,0.009999999776482582
4.805854237407724,0.701834862658737,4.849905996265526,0.6991017964071856,0.009999999776482582
4.805854237407724,0.701834862658737,4.8499060133973995,0.6991017967640997,0.009999999776482582
4.805854237407724,0.701834862658737,4.849906047661148,0.6991017960502716,0.009999999776482582
4.805854237407724,0.701834862658737,4.8499059876995885,0.6991017974779278,0.009999999776482582
4.805854237407724,0.701834862658737,4.849905971995371,0.6991017974779278,0.009999999776482582
4.805854237407724,0.701834862658737,4.849906023390993,0.6991017956933575,0.001999999862164259
4.805854237407724,0.701834862658737,4.8499060390952105,0.6991017974779278,0.001999999862164259
4.805854237407724,0.701834862658737,4.849905959146465,0.6991017960502716,0.001999999862164259
4.805854237407724,0.701834862658737,4.849905984844276,0.6991017964071856,0.001999999862164259
4.805854237407724,0.701834862658737,4.849905941300763,0.6991017960502716,0.001999999862164259
