precision,accuracy,recall,duration,f1,auc
0.5593869731800766,0.7454545454545455,0.5692307692307693,1064.8717300891876,0.5456826689703402,0.6752369709996828
