precision,accuracy,recall,duration,f1,auc
0.6703804632638088,0.7090909090909091,0.6062378167641326,988.0906291007996,0.6258646993379818,0.8556838760280057
