precision,accuracy,recall,duration,f1,auc
0.8575163398692811,0.8805309734513275,0.8976374375283962,17.023496627807617,0.8697573157456617,0.06124488868696047
