precision,accuracy,recall,duration,f1,auc
0.6258324842554234,0.6545454545454545,0.642349389807017,1901.3958241939545,0.6131749529009803,0.851496998954626
