precision,accuracy,recall,duration,f1,auc
0.7420826300136646,0.7579908675799086,0.7257876999256309,855.7540235519409,0.714202791410833,0.9014863217449425
