precision,accuracy,recall,duration,f1,auc
0.5089285714285715,0.5309734513274337,0.3427230046948357,394.36931705474854,0.2482843333600363,0.703626400332058
