precision,accuracy,recall,duration,f1,auc
0.7325457641549595,0.7772727272727272,0.7168734491315136,100.30138921737671,0.7235259418840245,0.1238709677419355
