precision,accuracy,recall,duration,f1,auc
0.3493150684931507,0.6986301369863014,0.5,147.34729170799255,0.41129032258064513,0.20835809071103187
