precision,accuracy,recall,duration,f1,auc
0.7059496182692632,0.7454545454545455,0.7281898586983333,649.8909220695496,0.7103906720205532,0.8748998672727485
