precision,accuracy,recall,duration,f1,auc
0.4731192745442769,0.6681818181818182,0.5669515669515669,218.54046893119812,0.5027025104900078,0.8688951174781133
