precision,accuracy,recall,duration,f1,auc
0.34936804376532726,0.5296803652968036,0.36381051898293276,1561.5245258808136,0.3331537291808853,0.7038806047426737
