precision,accuracy,recall,duration,f1,auc
0.9385416666666666,0.9409090909090909,0.9178660049627791,1478.0799307823181,0.9273650793650794,0.011513647642679899
