precision,accuracy,recall,duration,f1,auc
0.8800486163051608,0.817351598173516,0.7012774806892454,952.2988448143005,0.7290945076694706,0.042186571598336296
