val_loss,val_acc,loss,acc,lr
0.6224474575185128,0.6515837121603176,0.6075488673635276,0.6746987951807228,9.999999747378752e-05
0.5831644850618699,0.678733033427286,0.48082597930747345,0.7786144571131971,9.999999747378752e-05
0.4854606279420637,0.7194570103382093,0.39608198871095496,0.8478915662650602,9.999999747378752e-05
0.43038177598116084,0.8416289627821737,0.318679902747453,0.8825301204819277,9.999999747378752e-05
0.3836792457966783,0.8280542972940126,0.2703827127634761,0.9141566265060241,9.999999747378752e-05
0.371611212038886,0.828054294866674,0.23833278144698544,0.9246987944625946,9.999999747378752e-05
0.3437683239781479,0.7782805432561296,0.2179591291281114,0.9397590368627066,9.999999747378752e-05
0.3279835341742675,0.7828054301339576,0.19488156425306596,0.9382530120481928,9.999999747378752e-05
0.33408211906571195,0.7963800892840683,0.16715588483465724,0.9653614457831325,9.999999747378752e-05
0.3721170143574072,0.8371040686223302,0.1502394787518375,0.9623493983084896,9.999999747378752e-05
0.38807141214474294,0.7828054316173312,0.18847417077386236,0.9156626498842814,9.999999747378752e-05
0.40265107936988587,0.7963800892840683,0.13265639749995198,0.9608433727758476,9.999999747378752e-05
0.4354565944606902,0.7782805447395031,0.116566960621311,0.9774096385542169,9.999999747378752e-05
0.49993186379989346,0.7828054260883935,0.10624181919069176,0.9789156626506024,9.999999747378752e-05
0.4549596096595488,0.7692307695004735,0.09786146502178836,0.9789156626506024,9.999999747378752e-05
0.5121536586619071,0.773755657726823,0.08965492858944168,0.9849397590361446,9.999999747378752e-05
0.5245569539825301,0.773755657726823,0.0802563012364399,0.9864457824144018,9.999999747378752e-05
0.5561763253147246,0.7647058815438283,0.08220650794276271,0.9864457824144018,9.999999747378752e-05
0.5440359517459956,0.7692307713884035,0.07007570757743824,0.9909638554216867,1.9999999494757503e-05
0.5494474722788885,0.7692307659943179,0.06875998140817666,0.9894578313253012,1.9999999494757503e-05
0.558284684543696,0.7601809922386619,0.06737163135535028,0.9924698795180723,1.9999999494757503e-05
0.5435517093175137,0.7556561088669893,0.06405161164072623,0.9924698795180723,1.9999999494757503e-05
0.5402200173468611,0.7601809957448173,0.06674023861267481,0.9924698795180723,1.9999999494757503e-05
