precision,accuracy,recall,duration,f1,auc
0.8242424242424242,0.8454545454545455,0.792059553349876,46.55796670913696,0.8052083333333333,0.12357320099255585
