precision,accuracy,recall,duration,f1,auc
0.7850087695006001,0.8141592920353983,0.7805542935029532,20.93643856048584,0.7826923076923077,0.07014993184915948
