precision,accuracy,recall,duration,f1,auc
0.9193899782135077,0.8310502283105022,0.7577122577122576,228.2089490890503,0.8060370079844178,0.9871678104436725
