precision,accuracy,recall,duration,f1,auc
0.745049809371541,0.7818181818181819,0.6977667493796527,61.09256911277771,0.7125435540069687,0.1432258064516129
