precision,accuracy,recall,duration,f1,auc
0.8439922480620154,0.85,0.7818858560794044,25.03847074508667,0.8035235852886254,0.06401985111662531
