precision,accuracy,recall,duration,f1,auc
0.7625604618505227,0.7272727272727273,0.7942551417127689,283.9190740585327,0.7252550317066446,0.9654621374960358
