precision,accuracy,recall,duration,f1,auc
0.687246963562753,0.740909090909091,0.6285359801488833,66.21756148338318,0.638731237936101,0.17042183622828783
