precision,accuracy,recall,duration,f1,auc
0.5406392694063927,0.8,0.6353759235115167,25.614775896072388,0.583898164985948,0.8081010606434335
