precision,accuracy,recall,duration,f1,auc
0.5764499713544299,0.8136363636363636,0.6484571925249892,393.7186613082886,0.6065530303030303,0.8864359796563187
