precision,accuracy,recall,duration,f1,auc
0.5746421267893661,0.7954545454545454,0.6256410256410256,6.477380752563477,0.5914279602512494,0.9246667136497645
