precision,accuracy,recall,duration,f1,auc
0.6885584393304414,0.7545454545454545,0.6570550307392412,1433.4919035434723,0.66759618338668,0.7729387983436568
