precision,accuracy,recall,duration,f1,auc
0.6413255360623781,0.5929203539823009,0.48769621853890177,1626.8644034862518,0.4954553105239565,0.682580288572172
