val_loss,val_acc,loss,acc,lr
0.8792423016565659,0.746606334841629,0.5317265996485051,0.7981927710843374,9.999999747378752e-05
0.5725300331937536,0.8823529411764706,0.3314336333199438,0.875,9.999999747378752e-05
0.6332428084199765,0.7828054298642534,0.29386002779096726,0.8975903614457831,9.999999747378752e-05
1.4921277356637044,0.7058823529411765,0.2918897101722927,0.8990963855421686,9.999999747378752e-05
0.5879667737281125,0.7828054298642534,0.2592344010720052,0.9081325301204819,9.999999747378752e-05
1.0508843925477906,0.755656108597285,0.2322142647960818,0.927710843373494,9.999999747378752e-05
1.0665541033103831,0.6832579185520362,0.22012314939287952,0.9382530120481928,9.999999747378752e-05
0.7810359015155547,0.7330316742081447,0.21808452305036136,0.9231927710843374,9.999999747378752e-06
0.7368256084717629,0.7330316742081447,0.1976455778601658,0.9292168674698795,9.999999747378752e-06
0.7752236470462615,0.751131221719457,0.1888756688069889,0.9382530120481928,9.999999747378752e-06
0.7658528913083084,0.7375565610859729,0.16604950698653617,0.9533132530120482,9.999999747378752e-06
0.7395049507015702,0.7601809954751131,0.19901017041832028,0.9262048192771084,9.999999747378752e-06
0.7619940115024947,0.7601809954751131,0.16151396089783274,0.9518072289156626,9.999999974752427e-07
0.7781558220201522,0.7601809954751131,0.14072147237013533,0.9533132530120482,9.999999974752427e-07
0.788443135650501,0.746606334841629,0.16132491923229073,0.9593373493975904,9.999999974752427e-07
0.7717737966947942,0.7601809954751131,0.13990042249795542,0.9623493975903614,9.999999974752427e-07
0.7626286122731616,0.7601809954751131,0.16465763481199203,0.9548192771084337,9.999999974752427e-07
