precision,accuracy,recall,duration,f1,auc
0.7887945718828071,0.8318181818181818,0.7904753514923005,32.083709955215454,0.7878944609162639,0.9488964844897048
