precision,accuracy,recall,duration,f1,auc
0.5982434563685558,0.5205479452054794,0.5941733269319476,848.6996212005615,0.54490869513982,0.8485984024777128
