precision,accuracy,recall,duration,f1,auc
0.43791511876618266,0.6363636363636364,0.547008547008547,137.74538111686707,0.46384291539498607,0.707177295638834
