precision,accuracy,recall,duration,f1,auc
0.45277841221503196,0.45,0.4660089032970389,2152.7225964069366,0.43909792800680086,0.6860231156841327
