precision,accuracy,recall,duration,f1,auc
0.9026315789473685,0.8310502283105022,0.7196969696969697,63.78197240829468,0.7513272978364278,0.027332144979203808
