precision,accuracy,recall,duration,f1,auc
0.49620705042391783,0.7272727272727273,0.5487179487179487,112.4335618019104,0.512289422811378,0.7082343751835277
