precision,accuracy,recall,duration,f1,auc
0.7649327380388785,0.7909090909090909,0.7588674724267945,29.302844524383545,0.7539180725779868,0.9474100567320907
