precision,accuracy,recall,duration,f1,auc
0.504947570521341,0.6681818181818182,0.491264667535854,5121.41392660141,0.4681779688619634,0.7628798289815238
