precision,accuracy,recall,duration,f1,auc
0.8417803768680961,0.8584474885844748,0.8125371360665479,869.4725909233093,0.8247773906310492,0.05357496533967124
