val_loss,val_acc,loss,acc,lr
7.516959271623417,0.5336322869955157,7.309443050280799,0.5135951663432164,0.009999999776482582
7.516959271623417,0.5336322869955157,7.596443761151363,0.528700906794597,0.009999999776482582
7.516959271623417,0.5336322869955157,7.596443776997915,0.5287009054440386,0.009999999776482582
7.516959271623417,0.5336322869955157,7.59644388792378,0.5287009067045598,0.009999999776482582
7.516959271623417,0.5336322869955157,7.5964437741167234,0.5287009068846342,0.009999999776482582
7.516959271623417,0.5336322869955157,7.596443738101833,0.528700906794597,0.009999999776482582
7.516959271623417,0.5336322869955157,7.596443833181145,0.5287009063444109,0.009999999776482582
7.516959271623417,0.5336322869955157,7.596443853349484,0.528700906794597,0.009999999776482582
7.516959271623417,0.5336322869955157,7.5964438763990145,0.528700906794597,0.009999999776482582
7.516959271623417,0.5336322869955157,7.596443771235532,0.528700905984262,0.009999999776482582
7.516959271623417,0.5336322869955157,7.596443784200893,0.528700906794597,0.009999999776482582
7.516959271623417,0.5336322869955157,7.596443766913746,0.5287009062543736,0.004999999888241291
7.516959271623417,0.5336322869955157,7.596443840384123,0.528700905984262,0.004999999888241291
7.516959271623417,0.5336322869955157,7.596443882161397,0.5287009062543736,0.004999999888241291
7.516959271623417,0.5336322869955157,7.596443912413905,0.5287009068846342,0.004999999888241291
7.516959271623417,0.5336322869955157,7.5964437352206415,0.5287009065244853,0.004999999888241291
