precision,accuracy,recall,duration,f1,auc
0.5498006379585326,0.7227272727272728,0.5715099715099715,57.474836587905884,0.554068566707972,0.8086231357486419
