precision,accuracy,recall,duration,f1,auc
0.8362282878411911,0.8636363636363636,0.8362282878411911,24.29786705970764,0.8362282878411911,0.08605459057071962
