precision,accuracy,recall,duration,f1,auc
0.8316749585406301,0.8636363636363636,0.7730187814933579,267.2823398113251,0.7879036672140121,0.8867889401787706
