precision,accuracy,recall,duration,f1,auc
0.49242424242424243,0.6772727272727272,0.5061277705345502,1266.3059487342834,0.4802679481578564,0.7874654967875306
