precision,accuracy,recall,duration,f1,auc
0.8818785578747628,0.8409090909090909,0.7397022332506203,492.8267765045166,0.7719126751384817,0.08535980148883376
