val_loss,val_acc,loss,acc,lr
5.032346505385181,0.687782807182942,4.59432828857238,0.7018072289156626,0.009999999776482582
5.032346505385181,0.687782807182942,4.80629958589393,0.7018072281975344,0.009999999776482582
5.032346505385181,0.687782807182942,4.806299514081105,0.7018072296337909,0.009999999776482582
5.032346505385181,0.687782807182942,4.806299537061209,0.7018072281975344,0.009999999776482582
5.032346505385181,0.687782807182942,4.8062995255711565,0.7018072296337909,0.009999999776482582
5.032346505385181,0.687782807182942,4.806299583021417,0.7018072281975344,0.009999999776482582
5.032346505385181,0.687782807182942,4.8062995485512605,0.7018072281975344,0.009999999776482582
5.032346505385181,0.687782807182942,4.8062995485512605,0.7018072296337909,0.009999999776482582
5.032346505385181,0.687782807182942,4.806299594511469,0.7018072281975344,0.009999999776482582
5.032346505385181,0.687782807182942,4.806299583021417,0.7018072281975344,0.009999999776482582
5.032346505385181,0.687782807182942,4.806299560041313,0.7018072289156626,0.009999999776482582
5.032346505385181,0.687782807182942,4.806299560041313,0.7018072281975344,0.004999999888241291
5.032346505385181,0.687782807182942,4.806299588766443,0.7018072289156626,0.004999999888241291
5.032346505385181,0.687782807182942,4.806299583021417,0.7018072296337909,0.004999999888241291
5.032346505385181,0.687782807182942,4.806299505463565,0.7018072281975344,0.004999999888241291
5.032346505385181,0.687782807182942,4.806299583021417,0.7018072289156626,0.004999999888241291
