precision,accuracy,recall,duration,f1,auc
0.6147999105745585,0.6637168141592921,0.597901195537863,98.44393134117126,0.5921709708088111,0.7768818591807372
