precision,accuracy,recall,duration,f1,auc
0.952724358974359,0.9590909090909091,0.94863523573201,6.815669059753418,0.9506468256935616,0.005359801488833751
