precision,accuracy,recall,duration,f1,auc
0.9346590909090908,0.8949771689497716,0.8257575757575757,150.2122027873993,0.8595410055492039,0.045454545454545456
