precision,accuracy,recall,duration,f1,auc
0.691437908496732,0.7351598173515982,0.704488971730351,24.085439682006836,0.6933974906611723,0.8833947583947585
