precision,accuracy,recall,duration,f1,auc
0.6662700436285341,0.6636363636363637,0.5691108112160743,656.3993532657623,0.5125108130412735,0.8497058721755079
