val_loss,val_acc,loss,acc,lr
7.516959271623417,0.5336322869955157,7.2831106214725,0.5211480364338509,0.009999999776482582
7.516959271623417,0.5336322869955157,7.596443740983024,0.5287009067045598,0.009999999776482582
7.516959271623417,0.5336322869955157,7.596443820215784,0.5287009068846342,0.009999999776482582
7.516959271623417,0.5336322869955157,7.596443915295096,0.5287009054440386,0.009999999776482582
7.516959271623417,0.5336322869955157,7.596443827418763,0.5287009065244853,0.009999999776482582
7.516959271623417,0.5336322869955157,7.596443830299954,0.528700906794597,0.009999999776482582
7.516959271623417,0.5336322869955157,7.596443820215784,0.5287009068846342,0.009999999776482582
7.516959271623417,0.5336322869955157,7.596443771235532,0.528700905984262,0.009999999776482582
7.516959271623417,0.5336322869955157,7.596443787082085,0.5287009067045598,0.009999999776482582
7.516959271623417,0.5336322869955157,7.596443761151363,0.528700906794597,0.009999999776482582
7.516959271623417,0.5336322869955157,7.596443820215784,0.5287009068846342,0.009999999776482582
7.516959271623417,0.5336322869955157,7.596443863433653,0.528700905984262,0.001999999862164259
7.516959271623417,0.5336322869955157,7.596443800047445,0.5287009054440386,0.001999999862164259
7.516959271623417,0.5336322869955157,7.596443866314845,0.5287009068846342,0.001999999862164259
7.516959271623417,0.5336322869955157,7.596443867755441,0.5287009063444109,0.001999999862164259
7.516959271623417,0.5336322869955157,7.596443730898854,0.5287009054440386,0.001999999862164259
