precision,accuracy,recall,duration,f1,auc
0.6972629222629223,0.7045454545454546,0.7359902275156512,2274.207053422928,0.6903242093617582,0.8989957362838719
