precision,accuracy,recall,duration,f1,auc
0.5239818362423726,0.75,0.584045584045584,33.786258935928345,0.5457936299793106,0.71212210341765
