precision,accuracy,recall,duration,f1,auc
0.4091432519576232,0.584070796460177,0.43459059441394127,113.78557753562927,0.4104407359863072,0.7865753077020683
