precision,accuracy,recall,duration,f1,auc
0.5318986568986569,0.7318181818181818,0.5680911680911681,901.6590013504028,0.5378317588843905,0.7469099276791583
