precision,accuracy,recall,duration,f1,auc
0.770240514905149,0.8008849557522124,0.7899591094956837,26.296255111694336,0.7776903403501869,0.11104043616537938
