precision,accuracy,recall,duration,f1,auc
0.8479181651082874,0.8672566371681416,0.8955929123125852,12.485527515411377,0.857897384305835,0.04870513402998637
