precision,accuracy,recall,duration,f1,auc
0.8922128851540616,0.8761061946902655,0.8180826896865061,1010.1945157051086,0.8428216592151019,0.046342571558382555
