val_loss,val_acc,loss,acc,lr
0.5788963300372483,0.7064220187587475,0.6313540064440913,0.7019667178166976,9.999999974752427e-07
0.574525091079397,0.7064220187587475,0.6141713356286422,0.7019667177265242,9.999999974752427e-07
0.5759245534555628,0.7064220187587475,0.6084906993583183,0.7019667177265242,9.999999974752427e-07
0.5780575220737982,0.7064220187587475,0.603449018026805,0.7019667177265242,9.999999974752427e-07
0.5771403919666185,0.7064220187587475,0.5984043465439743,0.7019667178166976,9.999999974752427e-07
0.5814221802107785,0.7064220187587475,0.5938629213151341,0.7019667172756571,9.999999974752427e-07
0.5816858771744124,0.7064220187587475,0.5897643390293381,0.7019667177265242,9.999999974752427e-07
0.5823311838534994,0.7064220187587475,0.586826801119702,0.7019667176363508,4.999999987376214e-07
0.5838892831714875,0.7064220187587475,0.5850349376133098,0.7019667174560039,4.999999987376214e-07
0.5837329248769567,0.7064220187587475,0.5831226956285255,0.7019667178166976,4.999999987376214e-07
0.5850897814155719,0.7064220187587475,0.5813189660186305,0.7019667175461773,4.999999987376214e-07
0.5846581694183,0.7064220187587475,0.5794052689050221,0.7019667179970446,4.999999987376214e-07
0.5847444446808702,0.7064220187587475,0.5780909758472587,0.7019667176363508,2.499999993688107e-07
0.5857544989760862,0.7064220187587475,0.5773890788544325,0.7019667175461773,2.499999993688107e-07
0.5857217475908612,0.7064220187587475,0.5764445860880045,0.7019667176363508,2.499999993688107e-07
0.5859598440861483,0.7064220187587475,0.5756005979792613,0.7019667174560039,2.499999993688107e-07
0.5861775875091553,0.7064220187587475,0.5748096703581298,0.7019667176363508,2.499999993688107e-07
