precision,accuracy,recall,duration,f1,auc
0.7759856630824373,0.7954545454545454,0.8110398534127348,319.8497734069824,0.7773948010914835,0.9312942668874872
