val_loss,val_acc,loss,acc,lr
1.0976760264772039,0.7110091743119266,0.6012776734000255,0.7806354009077155,9.999999747378752e-05
1.1430327167146903,0.6055045871559633,0.3299867312414022,0.8850226928895613,9.999999747378752e-05
0.6735146723861805,0.7339449541284404,0.25121571342834187,0.9152798789712556,9.999999747378752e-05
0.9128590033772049,0.6651376146788991,0.20436194839460406,0.9273827534039334,9.999999747378752e-05
1.1118960067397652,0.7201834862385321,0.17485912695228378,0.9394856278366112,9.999999747378752e-05
2.3392057711406187,0.5321100917431193,0.1605301292866057,0.9531013615733737,9.999999747378752e-05
1.4922136309147607,0.6651376146788991,0.13623497011943095,0.9576399394856279,9.999999747378752e-05
1.6120720451736157,0.5596330275229358,0.11801866818157429,0.962178517397882,9.999999747378752e-05
1.349730206678441,0.6284403669724771,0.09474236395424189,0.972768532526475,9.999999747378752e-05
1.2255346305159571,0.7201834862385321,0.10427141493769664,0.9667170953101362,9.999999747378752e-05
1.9389731392938294,0.6238532110091743,0.11465517297505476,0.9667170953101362,9.999999747378752e-05
1.2003189847308506,0.6284403669724771,0.08155834584661764,0.9773071104387292,9.999999747378752e-05
1.8541955622206783,0.6513761467889908,0.07889075519209911,0.9773071104387292,9.999999747378752e-05
1.0760314106996494,0.7201834862385321,0.09043487785919464,0.9757942511346445,4.999999873689376e-05
1.0916696616112433,0.7293577981651376,0.06137120111531236,0.9863842662632375,4.999999873689376e-05
1.3750077927954507,0.6605504587155964,0.046641656860170966,0.9954614220877458,4.999999873689376e-05
0.9700684003377936,0.6743119266055045,0.06748999233474552,0.9878971255673222,4.999999873689376e-05
0.890995284530693,0.7431192660550459,0.08228678439438072,0.983358547655068,4.999999873689376e-05
