precision,accuracy,recall,duration,f1,auc
0.8870392789884316,0.8672566371681416,0.8249361799135014,35.24457669258118,0.8419256245014296,0.879368745685289
