precision,accuracy,recall,duration,f1,auc
0.5416439957277875,0.45662100456621,0.5836298681126267,1901.9590842723846,0.44028485848768256,0.8553069134965687
