precision,accuracy,recall,duration,f1,auc
0.5600961538461539,0.75,0.584045584045584,10.053405523300171,0.561675254816049,0.7729725365352896
