precision,accuracy,recall,duration,f1,auc
0.8804452120514297,0.8181818181818182,0.6967741935483871,23.23279881477356,0.7251374312843579,0.06868486352357321
