precision,accuracy,recall,duration,f1,auc
0.9503343823760819,0.9424778761061947,0.9160835983643798,495.10504722595215,0.9307516440002828,0.007360290776919586
