precision,accuracy,recall,duration,f1,auc
0.655663568707047,0.6636363636363637,0.689836381361805,53.873940229415894,0.6430208610151474,0.864262306635188
