val_loss,val_acc,loss,acc,lr
11.38617751576485,0.29357798165137616,11.316907263739928,0.2980332829046899,0.009999999776482582
11.38617751576485,0.29357798165137616,11.314366522607212,0.2980332829046899,0.009999999776482582
11.38617751576485,0.29357798165137616,11.314366525132067,0.2980332829046899,0.009999999776482582
11.38617751576485,0.29357798165137616,11.314366523508946,0.2980332829046899,0.009999999776482582
11.38617751576485,0.29357798165137616,11.314366524230334,0.2980332829046899,0.009999999776482582
11.38617751576485,0.29357798165137616,11.314366522787559,0.2980332829046899,0.009999999776482582
11.38617751576485,0.29357798165137616,11.31436652152513,0.2980332829046899,0.001999999862164259
11.38617751576485,0.29357798165137616,11.314366524230334,0.2980332829046899,0.001999999862164259
11.38617751576485,0.29357798165137616,11.314366521705477,0.2980332829046899,0.001999999862164259
11.38617751576485,0.29357798165137616,11.314366523508946,0.2980332829046899,0.001999999862164259
11.38617751576485,0.29357798165137616,11.314366524591028,0.2980332829046899,0.001999999862164259
11.38617751576485,0.29357798165137616,11.314366523148253,0.2980332829046899,0.0003999999607913196
11.38617751576485,0.29357798165137616,11.314366524230334,0.2980332829046899,0.0003999999607913196
11.38617751576485,0.29357798165137616,11.314366521705477,0.2980332829046899,0.0003999999607913196
11.38617751576485,0.29357798165137616,11.314366524951721,0.2980332829046899,0.0003999999607913196
11.38617751576485,0.29357798165137616,11.31436651990201,0.2980332829046899,0.0003999999607913196
