precision,accuracy,recall,duration,f1,auc
0.9232183908045977,0.9454545454545454,0.9568238213399505,362.1397786140442,0.9371428571428572,0.01002481389578164
