precision,accuracy,recall,duration,f1,auc
0.5065527065527066,0.6712328767123288,0.4986067572274469,39.885730028152466,0.4744744744744745,0.6621745177779661
