precision,accuracy,recall,duration,f1,auc
0.5464344758905225,0.6227272727272727,0.5614597648495954,951.8230302333832,0.517364826020443,0.8349889002431375
