precision,accuracy,recall,duration,f1,auc
0.3522727272727273,0.7045454545454546,0.5,125.21639442443848,0.41333333333333333,0.7037220843672458
