precision,accuracy,recall,duration,f1,auc
0.6453903232002732,0.6858407079646017,0.6325952354837531,15.94555115699768,0.6362680977419,0.7932836751767285
