val_loss,val_acc,loss,acc,lr
11.790974256688587,0.167420814479638,1.0617091186087422,0.7319277108433735,0.0010000000474974513
3.130972801876535,0.6199095022624435,0.4552819906135724,0.8433734939759037,0.0010000000474974513
1.9271883799786915,0.755656108597285,0.41283137230055283,0.8569277108433735,0.0010000000474974513
3.2943166536876904,0.6108597285067874,0.1946895211827745,0.9292168674698795,0.0010000000474974513
1.1508762989778785,0.8099547511312217,0.24743086807145764,0.8990963855421686,0.0010000000474974513
11.085748903352211,0.31221719457013575,0.2703727279096864,0.9066265060240963,0.0010000000474974513
3.8012075126161604,0.6470588235294118,0.32823174022115675,0.8975903614457831,0.0010000000474974513
11.085748903352211,0.31221719457013575,0.3321050412836189,0.8990963855421686,0.0010000000474974513
3.8172050949206646,0.4253393665158371,0.13282365594862214,0.9427710843373494,0.0010000000474974513
11.085748903352211,0.31221719457013575,0.1802788351082287,0.9397590361445783,0.0010000000474974513
3.795678960971571,0.5927601809954751,0.2430079443485782,0.9246987951807228,0.0010000000474974513
1.7209566315838736,0.7601809954751131,0.19227423048167944,0.9292168674698795,0.0010000000474974513
4.604612488438677,0.45701357466063347,0.12691226393094054,0.9518072289156626,0.0010000000474974513
3.983547003552653,0.6923076923076923,0.1352745742706357,0.9533132530120482,0.0010000000474974513
4.275727005737435,0.5610859728506787,0.15679686207126414,0.9397590361445783,0.0010000000474974513
1.411527252570283,0.755656108597285,0.07865604223885186,0.9653614457831325,0.00020000000949949026
2.1282696966844616,0.6968325791855203,0.0861028662210552,0.963855421686747,0.00020000000949949026
2.1493813746848023,0.7239819004524887,0.05617330385870534,0.9819277108433735,0.00020000000949949026
1.2604386158931205,0.746606334841629,0.053723606118150066,0.9819277108433735,0.00020000000949949026
2.072573068128056,0.7420814479638009,0.07529742564233802,0.9743975903614458,0.00020000000949949026
