precision,accuracy,recall,duration,f1,auc
0.786468433527257,0.8310502283105022,0.7788862530241841,44.69343900680542,0.7824767353027869,0.8836901164487371
