precision,accuracy,recall,duration,f1,auc
0.4808080808080808,0.7090909090909091,0.5378917378917379,50.149224519729614,0.49964539007092196,0.7175917275107558
