precision,accuracy,recall,duration,f1,auc
0.578125,0.8181818181818182,0.6535853976531943,9.632013320922852,0.6102529281955525,0.9407032195167789
