precision,accuracy,recall,duration,f1,auc
0.4289967744603424,0.6409090909090909,0.543019943019943,829.3056499958038,0.46732878544676293,0.7712614046622143
