precision,accuracy,recall,duration,f1,auc
0.5798180314309347,0.8227272727272728,0.6587136027813995,63.14118242263794,0.613919413919414,0.8538719945499608
