precision,accuracy,recall,duration,f1,auc
0.8480816583006364,0.8272727272727273,0.7072124756335283,218.22220540046692,0.704800542209891,0.9246069644855069
