precision,accuracy,recall,duration,f1,auc
0.8228021978021978,0.8409090909090909,0.7799007444168735,46.69522666931152,0.796247783863883,0.131712158808933
