precision,accuracy,recall,duration,f1,auc
0.5115115115115115,0.7636363636363637,0.6062678062678063,16.526949167251587,0.554267089014369,0.759909800800489
