precision,accuracy,recall,duration,f1,auc
0.5656652909748217,0.8136363636363636,0.6553672316384181,141.83041310310364,0.6059109656180066,0.9062446409904036
