precision,accuracy,recall,duration,f1,auc
0.5424133811230586,0.7045454545454546,0.5799346934940155,30.298816919326782,0.5597415736003963,0.8235725947590354
