precision,accuracy,recall,duration,f1,auc
0.798582995951417,0.8045454545454546,0.7049627791563275,738.2451202869415,0.7274639163377603,0.3733995037220843
