precision,accuracy,recall,duration,f1,auc
0.5146071493376883,0.6666666666666666,0.5066179031696273,67.16619658470154,0.4921297783488596,0.5903372024061679
