precision,accuracy,recall,duration,f1,auc
0.5844560328297762,0.6227272727272727,0.5925061958960264,215.5364384651184,0.5673867444373945,0.7965819796328271
