precision,accuracy,recall,duration,f1,auc
0.52825311942959,0.6909090909090909,0.5238157322903086,60.38609457015991,0.5077089704383283,0.7250138012849877
