precision,accuracy,recall,duration,f1,auc
0.7259259259259259,0.6681818181818182,0.7186384765332133,219.21606302261353,0.6576882960035134,0.9326181990149601
