val_loss,val_acc,loss,acc,lr
4.731917993738022,0.7064220183486238,4.736955576260107,0.697428139183056,0.009999999776482582
4.731917993738022,0.7064220183486238,4.803728910870343,0.7019667170953101,0.009999999776482582
4.731917993738022,0.7064220183486238,4.803728915920057,0.7019667170953101,0.009999999776482582
4.731917993738022,0.7064220183486238,4.803728911772078,0.7019667170953101,0.009999999776482582
4.731917993738022,0.7064220183486238,4.8037289195269945,0.7019667170953101,0.009999999776482582
4.731917993738022,0.7064220183486238,4.803728917543178,0.7019667170953101,0.009999999776482582
4.731917993738022,0.7064220183486238,4.803728911591731,0.7019667170953101,0.009999999776482582
4.731917993738022,0.7064220183486238,4.8037289168217905,0.7019667170953101,0.009999999776482582
4.731917993738022,0.7064220183486238,4.803728916100403,0.7019667170953101,0.009999999776482582
4.731917993738022,0.7064220183486238,4.803728915379016,0.7019667170953101,0.009999999776482582
4.731917993738022,0.7064220183486238,4.803728915198668,0.7019667170953101,0.009999999776482582
4.731917993738022,0.7064220183486238,4.803728915379015,0.7019667170953101,0.0009999999310821295
4.731917993738022,0.7064220183486238,4.803728913214853,0.7019667170953101,0.0009999999310821295
4.731917993738022,0.7064220183486238,4.803728917543178,0.7019667170953101,0.0009999999310821295
4.731917993738022,0.7064220183486238,4.803728912493465,0.7019667170953101,0.0009999999310821295
4.731917993738022,0.7064220183486238,4.803728916641444,0.7019667170953101,0.0009999999310821295
