val_loss,val_acc,loss,acc,lr
4.77037799304911,0.7040358727021068,4.561612845907759,0.6978851956543245,0.009999999776482582
4.77037799304911,0.7040358727021068,4.893862817942916,0.6963746230767933,0.009999999776482582
4.77037799304911,0.7040358727021068,4.893862832348873,0.6963746219963466,0.009999999776482582
4.77037799304911,0.7040358727021068,4.893862820824108,0.6963746219963466,0.009999999776482582
4.77037799304911,0.7040358727021068,4.893862847475127,0.6963746216361977,0.009999999776482582
4.77037799304911,0.7040358727021068,4.893862869084061,0.696374622176421,0.009999999776482582
4.77037799304911,0.7040358727021068,4.8938628330691705,0.6963746227166444,0.004999999888241291
4.77037799304911,0.7040358727021068,4.893862846034531,0.696374622176421,0.004999999888241291
4.77037799304911,0.7040358727021068,4.893862819383512,0.6963746225365699,0.004999999888241291
4.77037799304911,0.7040358727021068,4.893862829467682,0.6963746230767933,0.004999999888241291
4.77037799304911,0.7040358727021068,4.893862884210316,0.6963746214561232,0.004999999888241291
4.77037799304911,0.7040358727021068,4.893862798494875,0.6963746227166444,0.0024999999441206455
4.77037799304911,0.7040358727021068,4.893862853957807,0.6963746225365699,0.0024999999441206455
4.77037799304911,0.7040358727021068,4.893862840992447,0.6963746230767933,0.0024999999441206455
4.77037799304911,0.7040358727021068,4.893862809299343,0.6963746219963466,0.0024999999441206455
4.77037799304911,0.7040358727021068,4.893862809299343,0.6963746219963466,0.0024999999441206455
