precision,accuracy,recall,duration,f1,auc
0.7927927927927928,0.7909090909090909,0.8516129032258064,133.32034277915955,0.7821969696969697,0.0015880893300248163
