precision,accuracy,recall,duration,f1,auc
0.8983516483516484,0.8954545454545455,0.8454094292803971,24.110400199890137,0.8661056865391231,0.04347394540942929
