precision,accuracy,recall,duration,f1,auc
0.7434613828727906,0.776255707762557,0.7624144520696244,274.73733496665955,0.7469011996332298,0.8959645382059175
