precision,accuracy,recall,duration,f1,auc
0.9783950617283951,0.9690265486725663,0.9507042253521127,727.3513648509979,0.9630330646103517,0.0007269422989550224
