precision,accuracy,recall,duration,f1,auc
0.5197472353870458,0.5772727272727273,0.37948717948717947,382.77113008499146,0.32018949040225636,0.6287759728437694
