precision,accuracy,recall,duration,f1,auc
0.8420422816114878,0.8772727272727273,0.8680714612918002,253.06842374801636,0.85191868796773,0.9663689112841656
