precision,accuracy,recall,duration,f1,auc
0.8953488372093023,0.7610619469026548,0.6127395000634438,283.61609506607056,0.6331951866552555,0.8780848167336589
