val_loss,val_acc,loss,acc,lr
7.589237786194674,0.5291479820627802,7.404154297808506,0.5271903325063585,0.009999999776482582
7.589237786194674,0.5291479820627802,7.572096187902721,0.5302114803625377,0.009999999776482582
7.589237786194674,0.5291479820627802,7.572096265694886,0.530211480452575,0.009999999776482582
7.589237786194674,0.5291479820627802,7.572096245526547,0.5302114803625377,0.009999999776482582
7.589237786194674,0.5291479820627802,7.572096196546295,0.530211480452575,0.009999999776482582
7.589237786194674,0.5291479820627802,7.572096245526547,0.5302114803625377,0.009999999776482582
7.589237786194674,0.5291479820627802,7.572096248407738,0.5302114804075564,0.009999999776482582
7.589237786194674,0.5291479820627802,7.572096267135482,0.5302114805426122,0.009999999776482582
7.589237786194674,0.5291479820627802,7.572096221756719,0.5302114801824633,0.009999999776482582
7.589237786194674,0.5291479820627802,7.572096234001782,0.5302114803625377,0.009999999776482582
7.589237786194674,0.5291479820627802,7.572096186462126,0.5302114805426122,0.009999999776482582
7.589237786194674,0.5291479820627802,7.5720962426453555,0.530211480452575,0.001999999862164259
7.589237786194674,0.5291479820627802,7.572096173496765,0.530211480452575,0.001999999862164259
7.589237786194674,0.5291479820627802,7.572096197986891,0.5302114805426122,0.001999999862164259
7.589237786194674,0.5291479820627802,7.572096173496765,0.530211480452575,0.001999999862164259
7.589237786194674,0.5291479820627802,7.572096197986891,0.5302114805426122,0.001999999862164259
