precision,accuracy,recall,duration,f1,auc
0.7979054164621174,0.8127853881278538,0.82399719468685,222.31554102897644,0.793226917057903,0.9588299114161183
