precision,accuracy,recall,duration,f1,auc
0.5474061457668015,0.7545454545454545,0.6002172968274663,37.164844036102295,0.5687441643323997,0.7408106933530663
