precision,accuracy,recall,duration,f1,auc
0.5472990029029409,0.8,0.6422859626249456,31.447184085845947,0.5909981510610702,0.8180943655519927
