precision,accuracy,recall,duration,f1,auc
0.8455760413618183,0.8727272727272727,0.8516129032258064,24.32247495651245,0.8484848484848485,0.07116625310173698
