precision,accuracy,recall,duration,f1,auc
0.5385950854700855,0.7863636363636364,0.6153846153846154,102.6467764377594,0.5713423489692374,0.7103239484595417
