precision,accuracy,recall,duration,f1,auc
0.9147711701836119,0.8767123287671232,0.7997623291740938,1563.4521870613098,0.8330462772115087,0.16062586650821944
