val_loss,val_acc,loss,acc,lr
6.834273684176046,0.5275229357798165,3.7331161945516778,0.7275449101796407,0.009999999776482582
11.312241298343064,0.2981651376146789,2.201030203066,0.8293413173652695,0.009999999776482582
3.875236085372169,0.7110091743119266,2.5222860523364976,0.8293413173652695,0.009999999776482582
1.7949245192109031,0.8715596330275229,1.6101683654382102,0.8847305389221557,0.009999999776482582
3.2921738035035335,0.7660550458715596,2.001720325891291,0.8532934131736527,0.009999999776482582
0.5344111412785942,0.9587155963302753,1.5606871805246003,0.8802395209580839,0.009999999776482582
0.29681728725053713,0.981651376146789,1.1608949151118975,0.9086826347305389,0.009999999776482582
2.5707515422039453,0.8211009174311926,1.1877812912367296,0.8982035928143712,0.009999999776482582
2.4274450826786045,0.8440366972477065,0.9528928447483316,0.9161676646706587,0.009999999776482582
5.875376738633516,0.6192660550458715,1.0095065568400285,0.9131736526946108,0.009999999776482582
0.8494649046343034,0.9403669724770642,0.947934003841352,0.9176646706586826,0.009999999776482582
1.6534544918823895,0.8486238532110092,1.089283127866621,0.905688622754491,0.009999999776482582
1.1155355581444617,0.926605504587156,0.6139591115341339,0.9326347305389222,0.001999999862164259
2.3283597077798515,0.8302752293577982,0.7362434979749819,0.9341317365269461,0.001999999862164259
1.2842276174610132,0.9036697247706422,0.6806516664700073,0.9281437125748503,0.001999999862164259
1.1212711349147768,0.9220183486238532,0.6081649187514057,0.9311377245508982,0.001999999862164259
1.0046274830755988,0.9220183486238532,0.576655903630026,0.937125748502994,0.001999999862164259
1.117365323076724,0.926605504587156,0.3494569360611043,0.9580838323353293,0.0003999999607913196
1.0893453990242996,0.9220183486238532,0.3870785244779407,0.9565868263473054,0.0003999999607913196
1.149514695984066,0.9220183486238532,0.4885717840243875,0.9565868263473054,0.0003999999607913196
1.1390846493238402,0.9220183486238532,0.6103671279476869,0.9476047904191617,0.0003999999607913196
1.1307625151032568,0.9174311926605505,0.5062903240259987,0.9476047904191617,0.0003999999607913196
