precision,accuracy,recall,duration,f1,auc
0.43389260820453474,0.65,0.5487179487179487,158.0153787136078,0.47378653794583,0.741254022630541
