precision,accuracy,recall,duration,f1,auc
0.48326809425128564,0.6045454545454545,0.5046936114732725,104.1790201663971,0.47653358532167883,0.7834073317124165
