precision,accuracy,recall,duration,f1,auc
0.1743827160493827,0.5136363636363637,0.32193732193732194,5930.961209058762,0.22622622622622626,0.5467098054142588
