precision,accuracy,recall,duration,f1,auc
0.7664255575647981,0.7909090909090909,0.642946075149465,6.395774841308594,0.6439393939393939,0.8548780201322574
