precision,accuracy,recall,duration,f1,auc
0.17404129793510326,0.5221238938053098,0.3333333333333333,504.8641538619995,0.22868217054263565,0.6188994556743422
