precision,accuracy,recall,duration,f1,auc
0.7122249294194996,0.5796460176991151,0.4613907294738042,29.19044852256775,0.47448971684858726,0.7146989433931424
