precision,accuracy,recall,duration,f1,auc
0.17404129793510326,0.5221238938053098,0.3333333333333333,747.3967227935791,0.22868217054263565,0.5121010841349825
