precision,accuracy,recall,duration,f1,auc
0.6505275343481219,0.6545454545454545,0.6841866638476808,20.64137578010559,0.6363092512140078,0.9001638535536841
