precision,accuracy,recall,duration,f1,auc
0.840762391913287,0.827433628318584,0.7326352372902862,1180.9018785953522,0.7570772322710307,0.8936398202929595
