precision,accuracy,recall,duration,f1,auc
0.37201887217286206,0.3835616438356164,0.3486448831276418,1354.6937985420227,0.34850181746733466,0.5583426294633191
