precision,accuracy,recall,duration,f1,auc
0.7326839826839826,0.7772727272727272,0.7347394540942929,1359.076501607895,0.7336890733466735,0.09101736972704715
