precision,accuracy,recall,duration,f1,auc
0.5562178072111847,0.7488584474885844,0.5975269940787182,28.654106616973877,0.571547470423875,0.8231511291856121
