precision,accuracy,recall,duration,f1,auc
0.813015873015873,0.7743362831858407,0.6879439716632364,575.7023496627808,0.7225919717615815,0.8200977893625302
