val_loss,val_acc,loss,acc,lr
7.541494239360916,0.5321100917431193,7.555023400191062,0.5299401197604791,0.0010000000474974513
7.541494239360916,0.5321100917431193,7.552341142100488,0.531437125748503,0.0010000000474974513
7.541494239360916,0.5321100917431193,7.552341142100488,0.531437125748503,0.0010000000474974513
7.541494239360916,0.5321100917431193,7.552341138531348,0.531437125748503,0.0010000000474974513
7.541494239360916,0.5321100917431193,7.552341139959004,0.531437125748503,0.0010000000474974513
7.541494239360916,0.5321100917431193,7.552341142100488,0.531437125748503,0.0010000000474974513
7.541494239360916,0.5321100917431193,7.552341140315918,0.531437125748503,0.00020000000949949026
7.541494239360916,0.5321100917431193,7.552341140315918,0.531437125748503,0.00020000000949949026
7.541494239360916,0.5321100917431193,7.552341142100488,0.531437125748503,0.00020000000949949026
7.541494239360916,0.5321100917431193,7.552341145312715,0.531437125748503,0.00020000000949949026
7.541494239360916,0.5321100917431193,7.552341138531348,0.531437125748503,0.00020000000949949026
7.541494239360916,0.5321100917431193,7.552341141743574,0.531437125748503,4.0000002627493814e-05
7.541494239360916,0.5321100917431193,7.552341143885059,0.531437125748503,4.0000002627493814e-05
7.541494239360916,0.5321100917431193,7.552341138174434,0.531437125748503,4.0000002627493814e-05
7.541494239360916,0.5321100917431193,7.552341137103692,0.531437125748503,4.0000002627493814e-05
7.541494239360916,0.5321100917431193,7.552341137460606,0.531437125748503,4.0000002627493814e-05
