precision,accuracy,recall,duration,f1,auc
0.8408101045296168,0.8590909090909091,0.8106699751861042,2307.1974890232086,0.823311484753491,0.1291315136476427
