precision,accuracy,recall,duration,f1,auc
0.6983813167475296,0.75,0.6924726345778978,300.92837142944336,0.6947304056900494,0.8921283320068746
