precision,accuracy,recall,duration,f1,auc
0.32432432432432434,0.5454545454545454,0.3870967741935484,882.2559990882874,0.3529411764705882,0.32784119106699755
