precision,accuracy,recall,duration,f1,auc
0.5945479641131814,0.6909090909090909,0.5369099216556844,766.2159776687622,0.5147659389594874,0.7313265677672458
