precision,accuracy,recall,duration,f1,auc
0.9206795077581594,0.8863636363636364,0.8121588089330025,14.640599489212036,0.8456400325559204,0.030669975186104224
