precision,accuracy,recall,duration,f1,auc
0.2787666774376338,0.3333333333333333,0.2800276765794007,881.1037771701813,0.27825455372808455,0.4682707786156062
