precision,accuracy,recall,duration,f1,auc
0.6379487179487179,0.8045454545454546,0.6489916252628117,15.583350896835327,0.6174038233739727,0.842269518540705
