precision,accuracy,recall,duration,f1,auc
0.3493150684931507,0.6986301369863014,0.5,42.74765181541443,0.41129032258064513,0.22043969102792632
