precision,accuracy,recall,duration,f1,auc
0.9120879120879122,0.9363636363636364,0.9503722084367245,761.8205299377441,0.9272142924662067,0.006054590570719607
