precision,accuracy,recall,duration,f1,auc
0.5194641051567239,0.6986301369863014,0.5310867293625914,29.100098848342896,0.5069444444444445,0.6786121936984006
