val_loss,val_acc,loss,acc,lr
13.492523314726299,0.16289592760180996,13.377648298998913,0.1686746987951807,9.999999747378752e-05
13.492523314726299,0.16289592760180996,13.399380515497851,0.1686746987951807,9.999999747378752e-05
13.492523314726299,0.16289592760180996,13.399380514420658,0.1686746987951807,9.999999747378752e-05
13.492523314726299,0.16289592760180996,13.399380512625338,0.1686746987951807,9.999999747378752e-05
13.492523314726299,0.16289592760180996,13.399380513343466,0.1686746987951807,9.999999747378752e-05
13.492523314726299,0.16289592760180996,13.399380514420658,0.1686746987951807,9.999999747378752e-05
13.492523314726299,0.16289592760180996,13.399380514420658,0.1686746987951807,9.999999747378752e-05
13.492523314726299,0.16289592760180996,13.399380514779724,0.1686746987951807,9.999999747378752e-05
13.492523314726299,0.16289592760180996,13.399380515138787,0.1686746987951807,9.999999747378752e-05
13.492523314726299,0.16289592760180996,13.399380514420658,0.1686746987951807,9.999999747378752e-05
13.492523314726299,0.16289592760180996,13.399380515497851,0.1686746987951807,9.999999747378752e-05
13.492523314726299,0.16289592760180996,13.399380514779724,0.1686746987951807,4.999999873689376e-05
13.492523314726299,0.16289592760180996,13.39938051370253,0.1686746987951807,4.999999873689376e-05
13.492523314726299,0.16289592760180996,13.399380514420658,0.1686746987951807,4.999999873689376e-05
13.492523314726299,0.16289592760180996,13.399380514420658,0.1686746987951807,4.999999873689376e-05
13.492523314726299,0.16289592760180996,13.399380514779724,0.1686746987951807,4.999999873689376e-05
