precision,accuracy,recall,duration,f1,auc
0.3493150684931507,0.6986301369863014,0.5,128.4590187072754,0.41129032258064513,0.12923351158645277
