precision,accuracy,recall,duration,f1,auc
0.5254525656730639,0.759090909090909,0.5965811965811966,37.40302848815918,0.5545788594607493,0.7365399033415229
