precision,accuracy,recall,duration,f1,auc
0.8731707317073171,0.7625570776255708,0.6060606060606061,31.34241533279419,0.6023743016759777,0.020202020202020193
