val_loss,val_acc,loss,acc,lr
0.7201254482663005,0.7018348793371008,1.726398669852468,0.5763473046753935,0.0010000000474974513
0.5884845232197998,0.7018348793371008,0.6078509716930504,0.7005987965061279,0.0010000000474974513
0.42769238052018194,0.7568807361322806,0.48538307444064205,0.7814371207517065,0.0010000000474974513
0.4959518830163763,0.8027523012336241,0.3661847422401348,0.8772455141572895,0.0010000000474974513
0.2935060422628298,0.8348624006323858,0.2710184739556855,0.9026946138122125,0.0010000000474974513
0.39184318260725487,0.8348623875084273,0.2147315299796487,0.9341317390253444,0.0010000000474974513
0.27398675830539215,0.830275233732451,0.17307277896000953,0.9431137795933706,0.0010000000474974513
0.297450288890972,0.8302752309982929,0.11979175544159855,0.9820359379588487,0.0010000000474974513
0.32684964955775836,0.8256880821438011,0.11373090208647493,0.9670658687988442,0.0010000000474974513
0.4321823415619859,0.8165137592805635,0.09634517015008155,0.9805389348261371,0.0010000000474974513
0.5900051120087642,0.8302752359197774,0.07891810773509349,0.9745508989174209,0.0010000000474974513
0.3051828383681698,0.8440366857642427,0.07766348055513676,0.9805389289370554,0.0010000000474974513
0.37308741767608794,0.8211009125097082,0.04208743499179265,0.9955089863188966,0.0010000000474974513
0.4255406551614164,0.8211009125097082,0.03434922032526689,0.9955089863188966,0.0010000000474974513
0.6127677782654437,0.8119266076919136,0.026062406677596583,0.9985029954396322,0.0010000000474974513
0.6333627880533832,0.8119266076919136,0.024298719587752562,0.9985029954396322,0.0010000000474974513
0.6595933444684782,0.8119266076919136,0.019051609560847282,0.9985029954396322,0.0010000000474974513
0.5288833364451287,0.8256880695666742,0.016348380580109484,0.9985029954396322,0.00010000000474974513
0.5025133322176755,0.830275233732451,0.013164948805898963,1.0,0.00010000000474974513
0.5593743971346049,0.8256880750349902,0.012365311502707664,1.0,0.00010000000474974513
0.5577844748062022,0.8256880750349902,0.012453549722778404,1.0,0.00010000000474974513
0.5313990858464647,0.8256880695666742,0.011623669410135574,1.0,0.00010000000474974513
