precision,accuracy,recall,duration,f1,auc
0.8926856943353408,0.9178082191780822,0.8991922957440198,322.33594131469727,0.8958512222585449,0.9790513475858303
