precision,accuracy,recall,duration,f1,auc
0.9265188834154352,0.915929203539823,0.8776465243071331,8.372015476226807,0.8969448244414044,0.02735120399818265
