precision,accuracy,recall,duration,f1,auc
0.5761063961239553,0.8227272727272728,0.6610169491525424,104.33017921447754,0.6136456819113646,0.9452917063086556
