precision,accuracy,recall,duration,f1,auc
0.8852124183006536,0.9070796460176991,0.9284416174466152,33.26902794837952,0.8987001344688481,0.012267151294865986
