precision,accuracy,recall,duration,f1,auc
0.76963886820551,0.8008849557522124,0.7632439800090868,13.354266166687012,0.7662445123773186,0.1453884597910041
