precision,accuracy,recall,duration,f1,auc
0.8768999646518205,0.9045454545454545,0.9233250620347395,177.35546827316284,0.8927352510970259,0.025210918114143922
