precision,accuracy,recall,duration,f1,auc
0.8080357142857143,0.8409090909090909,0.8424317617866005,308.97431659698486,0.8199883109292812,0.07712158808933
