precision,accuracy,recall,duration,f1,auc
0.6796083439761601,0.759090909090909,0.6502120112289603,169.73811864852905,0.6607577753822813,0.6921303311133818
