precision,accuracy,recall,duration,f1,auc
0.4909090909090909,0.6769911504424779,0.5163523513965147,231.41014790534973,0.49251219922598005,0.7846026379685963
