precision,accuracy,recall,duration,f1,auc
0.30502923976608187,0.48672566371681414,0.36309381714012895,42.928173780441284,0.33096422648661444,0.5477903303159928
