precision,accuracy,recall,duration,f1,auc
0.8466505246166263,0.8407079646017699,0.7731940027260336,99.36304187774658,0.7957831325301205,0.05688323489323035
