precision,accuracy,recall,duration,f1,auc
0.8163300239643957,0.8493150684931506,0.791966731621904,951.8946859836578,0.792193170093661,0.8808647989682473
