precision,accuracy,recall,duration,f1,auc
0.814936165405039,0.8363636363636363,0.7766749379652605,52.0055046081543,0.7915570060006316,0.07722084367245657
