precision,accuracy,recall,duration,f1,auc
0.8841853798375539,0.8938053097345132,0.8653339391185824,1330.000990152359,0.873790022338049,0.021990004543389376
