precision,accuracy,recall,duration,f1,auc
0.3699102829537612,0.5454545454545454,0.4311169056931769,1397.2872986793518,0.38731107789403757,0.6104472790913469
