precision,accuracy,recall,duration,f1,auc
0.2687099269870417,0.3230088495575221,0.2628882164570873,150.78074860572815,0.26117858749437695,0.4756440613447059
