precision,accuracy,recall,duration,f1,auc
0.6641710676193435,0.5818181818181818,0.43165956047311976,2746.7407529354095,0.4313100780637192,0.7791706308655462
