precision,accuracy,recall,duration,f1,auc
0.9371428571428572,0.8995433789954338,0.8333333333333333,68.6187047958374,0.8664634146341463,0.004357298474945528
