precision,accuracy,recall,duration,f1,auc
0.5090909090909091,0.7363636363636363,0.5641025641025641,16.469425201416016,0.5265957446808511,0.7144041893029748
