val_loss,val_acc,loss,acc,lr
0.2636503033629957,0.9095022624434389,0.6439082634097726,0.8448795180722891,0.0010000000474974513
0.46751158868270637,0.9140271493212669,0.24698073169250176,0.8960843373493976,0.0010000000474974513
4.669542671912814,0.38461538461538464,0.1795398920097007,0.9367469879518072,0.0010000000474974513
1.473967063737676,0.6018099547511312,0.1317407190964518,0.9563253012048193,0.0010000000474974513
2.4524984142729385,0.38461538461538464,0.09197507162244586,0.9623493975903614,0.0010000000474974513
0.6281484158349445,0.8009049773755657,0.10866688851839797,0.9593373493975904,0.0010000000474974513
0.5807807644251487,0.7918552036199095,0.04602729111686503,0.9894578313253012,0.0005000000237487257
0.2860187696889565,0.9004524886877828,0.03715339186215627,0.9894578313253012,0.0005000000237487257
0.23176419202812493,0.9276018099547512,0.011730048213492805,0.9984939759036144,0.0005000000237487257
0.39978907597415936,0.8959276018099548,0.023055617362744276,0.9924698795180723,0.0005000000237487257
1.0215208329071321,0.7828054298642534,0.008322617432040935,1.0,0.0005000000237487257
2.4392942124800103,0.5565610859728507,0.022250113211727245,0.9939759036144579,0.0005000000237487257
0.5039036435443156,0.8280542986425339,0.012509228969832633,0.9969879518072289,0.0005000000237487257
0.40604486221609665,0.8371040723981901,0.008662586327926578,0.9984939759036144,0.0005000000237487257
0.2754264981230525,0.8959276018099548,0.013580081867317004,0.9954819277108434,0.0002500000118743628
0.4136268614536066,0.8733031674208145,0.007523902143880862,0.9984939759036144,0.0002500000118743628
0.5116045768832637,0.8506787330316742,0.010192196067900037,0.9969879518072289,0.0002500000118743628
0.7111355302005078,0.8009049773755657,0.009098562445670033,0.9969879518072289,0.0002500000118743628
0.4018175254359603,0.8914027149321267,0.014365234937436784,0.9939759036144579,0.0002500000118743628
0.42936656740421747,0.8778280542986425,0.0033269384114273963,1.0,0.0001250000059371814
0.38429449639064245,0.8868778280542986,0.00433479444215543,1.0,0.0001250000059371814
0.4515922016281922,0.8733031674208145,0.003055526802561499,1.0,0.0001250000059371814
0.4278583736803337,0.8778280542986425,0.004772049670064226,1.0,0.0001250000059371814
0.5931028829755037,0.8190045248868778,0.00471885515440612,0.9984939759036144,0.0001250000059371814
