precision,accuracy,recall,duration,f1,auc
0.8723803565842978,0.8761061946902655,0.7903152615494463,2182.696268558502,0.8169572945189029,0.894288236673054
