precision,accuracy,recall,duration,f1,auc
0.9779411764705883,0.9863636363636363,0.9903225806451612,8.384517192840576,0.9838358110259362,0.0
