precision,accuracy,recall,duration,f1,auc
0.8648939027665861,0.8849557522123894,0.8703316674238982,1518.0810377597809,0.8675144300144301,0.03607451158564289
