precision,accuracy,recall,duration,f1,auc
0.506917461438832,0.7433628318584071,0.5886448635314713,187.72174191474915,0.5438100333766466,0.7643275287701164
