precision,accuracy,recall,duration,f1,auc
0.5280280823652879,0.7318181818181818,0.5794871794871795,14.379886865615845,0.5490799968411909,0.8307663471631083
