precision,accuracy,recall,duration,f1,auc
0.751937984496124,0.7090909090909091,0.7935483870967741,181.91547989845276,0.7049702455787444,0.01101736972704715
