precision,accuracy,recall,duration,f1,auc
0.9020979020979021,0.9272727272727272,0.939454094292804,168.25720357894897,0.9168163342470934,0.026799007444168736
