precision,accuracy,recall,duration,f1,auc
0.8022737733591089,0.8082191780821918,0.7041547817409887,881.7640380859375,0.7260981912144704,0.8862112504353883
