precision,accuracy,recall,duration,f1,auc
0.85359477124183,0.8818181818181818,0.9027295285359802,74.38377475738525,0.8685057471264368,0.017965260545905706
