precision,accuracy,recall,duration,f1,auc
0.6887992831541219,0.6255707762557078,0.5440871906389148,283.6585772037506,0.5256414705957696,0.7664200250407148
