precision,accuracy,recall,duration,f1,auc
0.7577342047930283,0.7909090909090909,0.7935483870967742,909.1723783016205,0.7673563218390804,0.13607940446650124
