precision,accuracy,recall,duration,f1,auc
0.7581529581529581,0.7363636363636363,0.6101064627380417,2859.288985967636,0.6387811277822096,0.9020831170628741
