precision,accuracy,recall,duration,f1,auc
0.1765601217656012,0.5296803652968036,0.3333333333333333,26.83975911140442,0.2308457711442786,0.5
