precision,accuracy,recall,duration,f1,auc
0.39282051282051283,0.6073059360730594,0.4278996865203762,3314.045820236206,0.38991981672394044,0.766237632616943
