precision,accuracy,recall,duration,f1,auc
0.8672985781990521,0.7454545454545455,0.5692307692307692,136.96572422981262,0.5451188893811845,0.035632754342431766
