val_loss,val_acc,loss,acc,lr
0.5642930838317354,0.7239818966766288,0.5757213392889643,0.7078313245830765,0.0010000000474974513
0.5287362404538496,0.778280544604651,0.4347503842359566,0.8012048199952367,0.0010000000474974513
0.3726501049499166,0.9049773742170895,0.38329831035022277,0.8343373493975904,0.0010000000474974513
0.3426606617362251,0.8733031684996316,0.3160822423825781,0.8810240963855421,0.0010000000474974513
0.23166067014991967,0.9321266973719877,0.2693738255156092,0.9036144585494535,0.0010000000474974513
0.17169644444236928,0.950226247850047,0.19834206369986018,0.9397590368627066,0.0010000000474974513
0.13878675540108487,0.9547511323005365,0.15330519895237613,0.9518072296337909,0.0010000000474974513
0.17756356440518237,0.9276018096850469,0.12987019408898182,0.9683734932577753,0.0010000000474974513
0.14530357839834637,0.941176472206461,0.10779964277543218,0.9759036151759596,0.0010000000474974513
0.16153151066594534,0.9366515804739559,0.09202582016587257,0.9759036144578314,0.0010000000474974513
0.18524037851062836,0.9230769203798803,0.08754618465900421,0.975903613739703,0.0010000000474974513
0.27544899436548287,0.8959276035630326,0.07701815624373505,0.9743975903614458,0.0010000000474974513
0.1989149682190084,0.9185520335020523,0.07302747343678072,0.9804216867469879,0.00020000000949949026
0.20646931062456708,0.9230769203798803,0.06346417142145605,0.9864457831325302,0.00020000000949949026
0.19246785416862006,0.9230769228072188,0.06152570575296161,0.983433734939759,0.00020000000949949026
0.2147305440916195,0.9140271481075978,0.0601741356483425,0.9864457831325302,0.00020000000949949026
0.20384180466581253,0.9185520335020523,0.057338060743837474,0.9894578313253012,0.00020000000949949026
0.20472376154760968,0.9185520335020523,0.056650797802820264,0.9894578313253012,4.0000002627493814e-05
0.2013688327668749,0.9230769228072188,0.05649603815771729,0.9894578313253012,4.0000002627493814e-05
0.20288585942255427,0.9230769228072188,0.05594676495136985,0.9894578313253012,4.0000002627493814e-05
0.20540704780439445,0.9185520335020523,0.0557847063404968,0.989457830607173,4.0000002627493814e-05
0.20473264599412813,0.9230769228072188,0.055510738527918435,0.989457830607173,4.0000002627493814e-05
