precision,accuracy,recall,duration,f1,auc
0.6038357518073543,0.6045454545454545,0.6244958126314059,36.357940912246704,0.5782851938589643,0.878296745245898
