precision,accuracy,recall,duration,f1,auc
0.5174323884001303,0.6621004566210046,0.48415186346220834,121.35263705253601,0.46040983789328155,0.615607378538413
