val_loss,val_acc,loss,acc,lr
0.6612109489772352,0.695067264573991,0.6819404456145454,0.6268882175226587,9.999999974752427e-07
0.5655573762853049,0.7309417040358744,0.5410692442287311,0.7552870090634441,9.999999974752427e-07
0.8032648194280574,0.7174887892376681,0.408362845313423,0.823262839879154,9.999999974752427e-07
0.7786746112871998,0.7443946188340808,0.32818760043094525,0.8806646525679759,9.999999974752427e-07
0.8847853738998351,0.7399103139013453,0.28564272431538545,0.8897280966767371,9.999999974752427e-07
1.042194637628648,0.7219730941704036,0.24463107782975965,0.9199395770392749,9.999999974752427e-07
1.1454514551327268,0.7219730941704036,0.24110561722096088,0.918429003021148,9.999999974752427e-07
1.0897364134382406,0.7219730941704036,0.22645659975741295,0.9214501510574018,4.999999987376214e-07
1.054335209169329,0.7219730941704036,0.23467139604577394,0.9199395770392749,4.999999987376214e-07
1.0154754239105257,0.7399103139013453,0.2296636841341493,0.9214501510574018,4.999999987376214e-07
1.1070493023692225,0.7219730941704036,0.2183101983020628,0.9138972809667674,4.999999987376214e-07
1.014380001623785,0.7399103139013453,0.2057152000787665,0.9229607250755287,4.999999987376214e-07
1.1041248451162446,0.726457399103139,0.2211226255230583,0.9214501510574018,2.499999993688107e-07
1.0449822829209368,0.7399103139013453,0.1984931178548545,0.9305135951661632,2.499999993688107e-07
1.0399856950227389,0.7399103139013453,0.22109975755844952,0.9259818731117825,2.499999993688107e-07
1.0788028647500871,0.7354260089686099,0.19851155059969228,0.9335347432024169,2.499999993688107e-07
1.074211184010578,0.7399103139013453,0.20971278670972657,0.9138972809667674,2.499999993688107e-07
