precision,accuracy,recall,duration,f1,auc
0.8220689655172413,0.8545454545454545,0.8476426799007444,1227.35027718544,0.8323809523809524,0.06362282878411911
