precision,accuracy,recall,duration,f1,auc
0.875,0.7671232876712328,0.6136363636363636,60.36778736114502,0.6137566137566137,0.03743315508021391
