precision,accuracy,recall,duration,f1,auc
0.5062576312576312,0.7136363636363636,0.5448500651890482,162.22615480422974,0.5141155141155141,0.7173802224649682
