precision,accuracy,recall,duration,f1,auc
0.7896903679560854,0.8181818181818182,0.8352357320099255,31.612844944000244,0.8001998001998003,0.09062034739454095
