precision,accuracy,recall,duration,f1,auc
0.14772727272727273,0.29545454545454547,0.5,499.48634243011475,0.2280701754385965,0.5
