precision,accuracy,recall,duration,f1,auc
0.9120879120879122,0.9363636363636364,0.9503722084367245,192.76419591903687,0.9272142924662067,0.014888337468982635
