precision,accuracy,recall,duration,f1,auc
0.7106564364876385,0.7363636363636363,0.7372117880592457,1636.7446718215942,0.7114142745179098,0.8964228243889262
