precision,accuracy,recall,duration,f1,auc
0.9466259606274345,0.9454545454545454,0.921091811414392,19.41365885734558,0.9326255614536546,0.007642679900744426
