val_loss,val_acc,loss,acc,lr
1.1872562838242193,0.5067264559290334,1.1682809425624836,0.6465256804786059,0.009999999776482582
1.1000086691882043,0.5964125533809577,0.5428613056949259,0.787009062723811,0.009999999776482582
1.1447049384694463,0.5829596431266032,0.5500815010142831,0.7764350445969227,0.009999999776482582
0.9918818527272999,0.5695067248536867,0.5286249642645845,0.7854984903263541,0.009999999776482582
1.2672731050461397,0.4798206291391176,0.4972582769177832,0.7779456191552729,0.009999999776482582
0.9918950462020566,0.5964125576575241,0.5056267335695802,0.7945619344351155,0.009999999776482582
0.8761184950580512,0.6726457372374599,0.5614614331830304,0.7885196367419378,0.009999999776482582
1.1562728005139817,0.5784753333827305,0.5150403140894956,0.7839879146875571,0.009999999776482582
0.9969435688358785,0.5336322875300865,0.4916706801001039,0.7975830813909225,0.009999999776482582
0.8645385628056633,0.68161434656836,0.5412043055738928,0.7824773422901004,0.009999999776482582
1.4984464827139816,0.6098654684464493,0.6022958136037037,0.7462235656749806,0.009999999776482582
1.069805722867427,0.5964125531136723,0.5922225515647958,0.7854984903263541,0.009999999776482582
1.5200056425659112,0.5022421538027947,0.5167863979440441,0.7915407858586383,0.009999999776482582
1.1588617017985459,0.5515695080628844,0.5515424543457089,0.7870090638042577,0.009999999776482582
1.0894647360917165,0.6188340783119202,0.5587717228065444,0.7870090638042577,0.009999999776482582
1.2739618364470957,0.5919282527247887,0.5323272115154208,0.8036253780036534,0.001999999862164259
1.2241784967649143,0.5829596425920324,0.5094311293158287,0.8051359518417058,0.001999999862164259
1.1718934608681855,0.5919282484482222,0.5264029622618165,0.8051359520217803,0.001999999862164259
1.1675266123673307,0.5874439435154868,0.48793895222989453,0.8066465264000562,0.001999999862164259
1.1502210572696052,0.5874439435154868,0.484173224321665,0.8081571000580341,0.001999999862164259
1.160904346560149,0.5874439435154868,0.48382101408304407,0.808157100418183,0.0003999999607913196
1.1761203229160053,0.5919282484482222,0.47887095854001466,0.8096676729957143,0.0003999999607913196
1.1686510237877679,0.5919282484482222,0.47919375892852367,0.8096676738960865,0.0003999999607913196
1.1550005893536213,0.5919282484482222,0.4775502431428685,0.8096676735359376,0.0003999999607913196
1.1572104195308257,0.5919282484482222,0.47639635700473615,0.8096676729957143,0.0003999999607913196
