precision,accuracy,recall,duration,f1,auc
0.8390825035561877,0.8628318584070797,0.846569741026806,118.9502100944519,0.8426148489273279,0.058973194002726034
