precision,accuracy,recall,duration,f1,auc
0.8875,0.8008849557522124,0.6830985915492958,448.084844827652,0.7046609554232612,0.13057701044979553
