val_loss,val_acc,loss,acc,lr
4.731917984988717,0.7064220187587475,4.570661989895911,0.6928895619020159,0.009999999776482582
4.731917984988717,0.7064220187587475,4.803728845945465,0.7019667179068712,0.009999999776482582
4.731917984988717,0.7064220187587475,4.803728895721204,0.7019667175461773,0.009999999776482582
4.731917984988717,0.7064220187587475,4.803728920609075,0.7019667174560039,0.009999999776482582
4.731917984988717,0.7064220187587475,4.803728874440273,0.7019667174560039,0.009999999776482582
4.731917984988717,0.7064220187587475,4.803728909066874,0.7019667174560039,0.009999999776482582
4.731917984988717,0.7064220187587475,4.803728880572066,0.7019667177265242,0.004999999888241291
4.731917984988717,0.7064220187587475,4.803728915198668,0.7019667177265242,0.004999999888241291
4.731917984988717,0.7064220187587475,4.803728918805605,0.7019667176363508,0.004999999888241291
4.731917984988717,0.7064220187587475,4.8037289498252695,0.7019667177265242,0.004999999888241291
4.731917984988717,0.7064220187587475,4.8037289094275675,0.7019667178166976,0.004999999888241291
4.731917984988717,0.7064220187587475,4.803728895721204,0.7019667175461773,0.0024999999441206455
4.731917984988717,0.7064220187587475,4.80372896136747,0.7019667177265242,0.0024999999441206455
4.731917984988717,0.7064220187587475,4.803728895721204,0.7019667175461773,0.0024999999441206455
4.731917984988717,0.7064220187587475,4.803728878407904,0.7019667176363508,0.0024999999441206455
4.731917984988717,0.7064220187587475,4.8037289094275675,0.7019667178166976,0.0024999999441206455
