precision,accuracy,recall,duration,f1,auc
0.8974358974358974,0.8181818181818182,0.6923076923076923,96.80990719795227,0.7206349206349207,0.17359801488833748
