precision,accuracy,recall,duration,f1,auc
0.9422642284775016,0.9452054794520548,0.9263220439691028,178.82150959968567,0.9337701612903226,0.06199247375717963
