precision,accuracy,recall,duration,f1,auc
0.6458092374122909,0.7579908675799086,0.6470130004612763,22.21623158454895,0.6415378654450912,0.8382932305346099
