precision,accuracy,recall,duration,f1,auc
0.5163636363636364,0.6940639269406392,0.5238592824799722,52.34426164627075,0.49901072581484957,0.7122394730153351
