precision,accuracy,recall,duration,f1,auc
0.5696643951754807,0.8272727272727273,0.6615384615384615,18.96606945991516,0.6108491002237881,0.95473589626132
