precision,accuracy,recall,duration,f1,auc
0.931421324748805,0.9454545454545454,0.9389578163771712,64.25553250312805,0.9350649350649352,0.013498759305210922
