precision,accuracy,recall,duration,f1,auc
0.9329608938547487,0.8909090909090909,0.8153846153846154,1664.5505254268646,0.8508643091176138,0.018163771712158806
