precision,accuracy,recall,duration,f1,auc
0.5894828469022017,0.5796460176991151,0.48742308792440087,34.111011028289795,0.5044536274839865,0.71445000741969
