precision,accuracy,recall,duration,f1,auc
0.9059657570893526,0.8772727272727273,0.8012406947890819,1643.2279825210571,0.833291235160394,0.10679900744416874
