precision,accuracy,recall,duration,f1,auc
0.8471107544141252,0.8409090909090909,0.7575682382133995,64.8510594367981,0.7838960455782886,0.056873449131513654
