precision,accuracy,recall,duration,f1,auc
0.8487419064011146,0.7227272727272728,0.5806117858749438,52.179110050201416,0.5904654670889841,0.7139583837964404
