precision,accuracy,recall,duration,f1,auc
0.9825093519361034,0.9818181818181818,0.973697270471464,179.84376907348633,0.9779647435897436,0.0022828784119106726
