precision,accuracy,recall,duration,f1,auc
0.7471139971139972,0.7772727272727272,0.7688196671247519,2170.0533962249756,0.7491039426523297,0.8744676227727076
