precision,accuracy,recall,duration,f1,auc
0.822795063456423,0.8227272727272728,0.7603988603988604,199.45204639434814,0.7772863581106733,0.9376091444917356
