precision,accuracy,recall,duration,f1,auc
0.9017369727047146,0.9181818181818182,0.9017369727047146,915.2965903282166,0.9017369727047146,0.023325062034739455
