precision,accuracy,recall,duration,f1,auc
0.8805449127288207,0.9026548672566371,0.9061335756474329,14.509324789047241,0.8909649122807016,0.04507042253521126
