precision,accuracy,recall,duration,f1,auc
0.5608465608465608,0.7318181818181818,0.5915512644326203,17.387442111968994,0.5689875342049254,0.7839024161058058
