precision,accuracy,recall,duration,f1,auc
0.6713730680398459,0.7079646017699115,0.6241475421470647,42.626187801361084,0.6257164830166566,0.7940907008703619
