precision,accuracy,recall,duration,f1,auc
0.8316326530612245,0.85,0.8935483870967742,842.6166808605194,0.8392062191313592,0.0054590570719603
