precision,accuracy,recall,duration,f1,auc
0.752750092284976,0.5772727272727273,0.6658843980877879,725.6902785301208,0.5898204311498869,0.7703836169937865
