precision,accuracy,recall,duration,f1,auc
0.8071794871794872,0.7818181818181819,0.64863523573201,1306.6977195739746,0.6647619047619049,0.04764267990074442
