val_loss,val_acc,loss,acc,lr
0.78083618650121,0.7174887892376681,0.8763565588123489,0.620845921450151,9.999999747378752e-06
0.9524874418071835,0.600896860986547,0.7407992468004501,0.6903323262839879,9.999999747378752e-06
1.0416745160695378,0.6322869955156951,0.7405433918144048,0.702416918429003,9.999999747378752e-06
0.9287792193189665,0.6457399103139013,0.6119844226723711,0.770392749244713,9.999999747378752e-06
2.428284528839164,0.7174887892376681,0.5422934364932631,0.8141993957703928,9.999999747378752e-06
1.5879572600069103,0.5381165919282511,0.467106774578777,0.8474320241691843,9.999999747378752e-06
1.2795259181144878,0.547085201793722,0.37818289167188623,0.8806646525679759,9.999999747378752e-06
1.8682233486549027,0.4798206278026906,0.41247176879234726,0.8580060422960725,9.999999747378752e-06
1.321169984072662,0.7309417040358744,0.34588742490824076,0.8882175226586103,9.999999747378752e-06
2.260212529055172,0.6188340807174888,0.3341195055725351,0.879154078549849,9.999999747378752e-06
1.3746846682760459,0.7085201793721974,0.2843391284504146,0.9003021148036254,9.999999747378752e-06
1.1363655459806594,0.7713004484304933,0.3033109733559124,0.8972809667673716,1.9999999949504854e-06
0.9675172962355882,0.7623318385650224,0.3256873153220423,0.877643504531722,1.9999999949504854e-06
1.2991360879691842,0.7219730941704036,0.25739076193365806,0.9123867069486404,1.9999999949504854e-06
1.11833780017063,0.7623318385650224,0.3000766950732609,0.8851963746223565,1.9999999949504854e-06
1.199879018811824,0.7757847533632287,0.2905509530122074,0.8897280966767371,1.9999999949504854e-06
