precision,accuracy,recall,duration,f1,auc
0.7157210401891252,0.740909090909091,0.7535980148883374,732.9224116802216,0.7193312294366481,0.2163771712158809
