precision,accuracy,recall,duration,f1,auc
0.8919513457556936,0.8539823008849557,0.7752385279418446,422.8167018890381,0.8053097345132744,0.10931394820536121
