val_loss,val_acc,loss,acc,lr
0.4872359812863388,0.9013452914798207,0.3983266816285982,0.8383685800604229,9.999999747378752e-05
1.7045455197111088,0.6143497757847534,0.2075868041797617,0.918429003021148,9.999999747378752e-05
0.8463616719472067,0.8071748880260193,0.1974786426956425,0.9305135951661632,9.999999747378752e-05
1.1256042756272593,0.8834080720161643,0.19146624886292932,0.9244712990936556,9.999999747378752e-05
0.6965924091625217,0.8654708520179372,0.191957709272575,0.9290030211480362,9.999999747378752e-05
1.4626737278441682,0.7892376681614349,0.168663889871702,0.9410876132930514,9.999999747378752e-05
0.7207595915000814,0.8699551570843154,0.1080936085590333,0.9697885196374623,9.999999747378752e-05
0.8303145074801636,0.8699551570843154,0.09269748653040416,0.9712990936555891,9.999999747378752e-05
0.1546413632666636,0.9282511212098759,0.09164462727353855,0.9682779456193353,9.999999747378752e-05
0.8556132003252701,0.887892376815257,0.07206802576424391,0.9818731117824774,9.999999747378752e-05
0.5943320103832441,0.8878923766816144,0.050109231211118446,0.9879154078549849,9.999999747378752e-05
0.7642899012814794,0.7802690582959642,0.06735209925427296,0.9803625377643505,9.999999747378752e-05
0.3458712911900867,0.9192825112107623,0.03899946555585299,0.9924471299093656,9.999999747378752e-05
1.349629363680328,0.820627802690583,0.038622199965702805,0.9848942598187311,9.999999747378752e-05
0.5813601556350069,0.8878923766816144,0.036672887096907435,0.9909365558912386,9.999999747378752e-05
0.6446337389473533,0.8878923766816144,0.03427748849361873,0.9939577039274925,9.999999747378752e-05
0.2586280774403453,0.9417040361417248,0.03258046916572749,0.9939577039274925,9.999999747378752e-05
0.3733231261753135,0.9192825112107623,0.021600417769936073,0.9969788519637462,9.999999747378752e-05
0.27278501821238793,0.9237668161434978,0.01496777805644636,0.9984894259818731,9.999999747378752e-05
0.25725501019200153,0.9282511210762332,0.014110705015295976,0.9984894259818731,1.9999999494757503e-05
0.25363997131349725,0.9372197309417041,0.007915114819229048,1.0,1.9999999494757503e-05
0.3005815446743606,0.9192825112107623,0.006714980291192816,1.0,1.9999999494757503e-05
0.2422882979879686,0.9282511210762332,0.012188022319484907,0.9984894259818731,1.9999999494757503e-05
0.35984184001106806,0.9103139013452914,0.005799952449187006,1.0,1.9999999494757503e-05
