precision,accuracy,recall,duration,f1,auc
0.9417067307692308,0.95,0.9377171215880893,1780.1727981567383,0.9396794536254642,0.025607940446650126
