precision,accuracy,recall,duration,f1,auc
0.8963730569948187,0.817351598173516,0.696969696969697,219.68192982673645,0.7248052274440814,0.010992275698158048
