precision,accuracy,recall,duration,f1,auc
0.6321187363834423,0.6818181818181818,0.580733406157135,19.791062831878662,0.5964670951891697,0.7312067608677778
