val_loss,val_acc,loss,acc,lr
7.516959297282819,0.5336322869955157,7.477138323366102,0.5181268882175226,0.009999999776482582
7.516959297282819,0.5336322869955157,7.596443761151363,0.5287009064344481,0.009999999776482582
7.516959297282819,0.5336322869955157,7.5964437741167234,0.5287009065244853,0.009999999776482582
7.516959297282819,0.5336322869955157,7.596443787082085,0.5287009063444109,0.009999999776482582
7.516959297282819,0.5336322869955157,7.596443824537571,0.5287009063894295,0.009999999776482582
7.516959297282819,0.5336322869955157,7.59644382165638,0.5287009063444109,0.009999999776482582
7.516959297282819,0.5336322869955157,7.59644384470591,0.5287009064344481,0.009999999776482582
7.516959297282819,0.5336322869955157,7.596443866314845,0.5287009065244853,0.009999999776482582
7.516959297282819,0.5336322869955157,7.596443810131615,0.5287009063444109,0.009999999776482582
7.516959297282819,0.5336322869955157,7.5964437957256585,0.5287009064344481,0.009999999776482582
7.516959297282819,0.5336322869955157,7.596443810131615,0.5287009063444109,0.009999999776482582
7.516959297282819,0.5336322869955157,7.596443810131615,0.5287009063444109,0.004999999888241291
7.516959297282819,0.5336322869955157,7.596443808691019,0.5287009065244853,0.004999999888241291
7.516959297282819,0.5336322869955157,7.596443797166254,0.5287009065244853,0.004999999888241291
7.516959297282819,0.5336322869955157,7.596443808691019,0.5287009065244853,0.004999999888241291
7.516959297282819,0.5336322869955157,7.596443787082085,0.5287009063444109,0.004999999888241291
