precision,accuracy,recall,duration,f1,auc
0.6670143608807021,0.6814159292035398,0.6349534064979279,1965.958137512207,0.640419229892914,0.8208542751393072
