precision,accuracy,recall,duration,f1,auc
0.8782051282051282,0.8493150684931506,0.7629233511586453,2225.2522535324097,0.7933075933075933,0.045850663497722315
