precision,accuracy,recall,duration,f1,auc
0.5113095238095239,0.7681818181818182,0.6205128205128205,144.04672527313232,0.5606154121382888,0.771887147190791
