val_loss,val_acc,loss,acc,lr
7.589237801162653,0.5291479820627802,5.093484227201158,0.6359516616314199,0.009999999776482582
12.584643425968592,0.21524663677130046,4.0690357514376245,0.7250755287009063,0.009999999776482582
5.1307959671512595,0.6816143497757847,4.463021104303581,0.6963746223564955,0.009999999776482582
3.733445440172632,0.757847533632287,4.354901134545429,0.7129909365558912,0.009999999776482582
5.621677269474342,0.6412556053811659,4.163619868039976,0.729607250755287,0.009999999776482582
8.7456930677987,0.45739910313901344,4.2132830284873535,0.7280966767371602,0.009999999776482582
11.203160508331163,0.30493273542600896,3.666599075943996,0.7613293051359517,0.009999999776482582
9.161502699146356,0.4260089686098655,3.834403419987872,0.7537764350453172,0.009999999776482582
10.170807673482432,0.3632286995515695,3.745827305827125,0.7583081570996979,0.009999999776482582
3.9550136108569593,0.7488789237668162,3.963753139301224,0.743202416918429,0.0009999999310821295
4.597284195134467,0.7130044843049327,3.801411307219393,0.7537764350453172,0.0009999999310821295
4.553543092958605,0.7174887892376681,3.6635332044118476,0.7598187311178247,0.0009999999310821295
4.475505215170147,0.7130044843049327,3.321695113135378,0.7870090634441088,0.0009999999310821295
4.445103908333552,0.7219730941704036,3.700509517284764,0.7643504531722054,0.0009999999310821295
4.553546060895715,0.7174887892376681,3.3383658098274904,0.7824773413897281,9.99999901978299e-05
4.555002137684511,0.7174887892376681,3.556277422016816,0.7688821752265861,9.99999901978299e-05
4.57805295054689,0.7130044843049327,3.5109421371021265,0.7719033232628398,9.99999901978299e-05
4.481599596049228,0.7219730941704036,3.3981693264191204,0.783987915407855,9.99999901978299e-05
4.553706859793907,0.7174887892376681,3.6841786657950784,0.7643504531722054,9.99999901978299e-05
