val_loss,val_acc,loss,acc,lr
1.0870634929742664,0.690582959908541,0.9095930727564496,0.6722054380664653,0.0010000000474974513
2.1282524983007005,0.6771300448430493,0.7479670186417341,0.716012084592145,0.0010000000474974513
2.1819151385548037,0.6591928251121076,0.6640102414251094,0.7235649546827795,0.0010000000474974513
2.980378050264453,0.5829596412556054,0.6191209102235171,0.7477341389728097,0.0010000000474974513
4.76520101020297,0.38565022421524664,0.6076095844998821,0.7537764350453172,0.0010000000474974513
3.5574418371856398,0.3901345291479821,0.570240501303147,0.7824773413897281,0.0010000000474974513
3.008252178486896,0.547085201793722,0.5059719813869439,0.7945619335347432,0.0010000000474974513
3.1161753594827504,0.4439461883408072,0.5516828164413257,0.7794561933534743,0.0010000000474974513
6.831626908968772,0.3004484304932735,0.4598272573596761,0.8172205438066465,0.0010000000474974513
4.571863156557334,0.36771300448430494,0.4645448385926352,0.8157099697885196,0.0010000000474974513
1.6597279617103493,0.6322869955156951,0.4217461468229841,0.8277945619335347,0.0010000000474974513
3.8724771969915768,0.484304932735426,0.37629947047174156,0.851963746223565,0.0005000000237487257
1.8679290425983537,0.7085201793721974,0.31355520649573954,0.8851963746223565,0.0005000000237487257
1.8738354492862148,0.5112107623318386,0.2663044569017844,0.9063444108761329,0.0005000000237487257
1.7627386316162301,0.6053811659192825,0.2595769392489667,0.9078549848942599,0.0005000000237487257
4.960737817220552,0.3991031390134529,0.26243811695529795,0.918429003021148,0.0005000000237487257
