precision,accuracy,recall,duration,f1,auc
0.8963730569948187,0.817351598173516,0.696969696969697,188.00223875045776,0.7248052274440814,0.00782333135274311
