precision,accuracy,recall,duration,f1,auc
0.8542790542790543,0.75,0.6036437246963563,32.01671385765076,0.5699561611000725,0.7846551783798748
