precision,accuracy,recall,duration,f1,auc
0.8647648083623694,0.8772727272727273,0.8325062034739454,56.90661406517029,0.8461100028498147,0.052406947890818865
