precision,accuracy,recall,duration,f1,auc
0.1787878787878788,0.5363636363636364,0.3333333333333333,43.351571798324585,0.23274161735700197,0.7646728214524825
