precision,accuracy,recall,duration,f1,auc
0.9500933803693712,0.9497716894977168,0.9295900178253119,1024.3794996738434,0.9390080259260196,0.01950881362646068
