precision,accuracy,recall,duration,f1,auc
0.5481521608282172,0.8227272727272728,0.6587136027813995,56.50399470329285,0.5983682983682984,0.7930435650774634
