precision,accuracy,recall,duration,f1,auc
0.6388700612838544,0.6727272727272727,0.6675945828488201,2620.233324766159,0.6406227904748251,0.8301784183140115
