val_loss,val_acc,loss,acc,lr
0.5113765971543008,0.7399103121639902,0.8679729851351043,0.6797583079770252,0.009999999776482582
0.7515424073009748,0.6636771276392744,0.43816391732037246,0.7824773412096536,0.009999999776482582
0.30018104512595273,0.9103138996079364,0.30968318379897725,0.850453172565587,0.009999999776482582
0.34258429458857653,0.9237668140052145,0.2099480524974287,0.9063444112362818,0.009999999776482582
0.3995148087538478,0.8520179353487332,0.16608686436789274,0.9305135951661632,0.009999999776482582
0.5120768412413084,0.905829594675201,0.1564992550771762,0.9259818725715591,0.009999999776482582
0.2821383572480069,0.905829594675201,0.08247207279606888,0.9712990936555891,0.009999999776482582
0.3829408110090168,0.905829595076129,0.04805614505796004,0.9818731117824774,0.009999999776482582
0.6398159085100542,0.8520179354823758,0.05172296298324522,0.9758308151697465,0.009999999776482582
0.46542784388724195,0.874439460146053,0.0983987660161318,0.9592145009703507,0.009999999776482582
0.5430875227540197,0.8609865453478467,0.0310676435059291,0.9939577039274925,0.009999999776482582
0.46867962742971897,0.9192825092061219,0.018828215006474417,0.9954682779456193,0.009999999776482582
0.6116437895281968,0.874439460146053,0.010833308173855626,0.9984894259818731,0.009999999776482582
0.5467760660194879,0.8789237652124311,0.013538868808021538,0.9969788519637462,0.009999999776482582
0.5140296023583348,0.9237668141388572,0.007069278923440106,1.0,0.009999999776482582
0.4865700115904947,0.9103138992070082,0.008576754521398475,1.0,0.009999999776482582
0.5816881360595517,0.8923766801442801,0.004199451153529554,1.0,0.009999999776482582
0.5838967832653014,0.8968609849433727,0.0024792289648351354,1.0,0.001999999862164259
0.592783346661521,0.8923766800106374,0.0022850227897446545,1.0,0.001999999862164259
0.5884263394627566,0.8968609849433727,0.002173430535708782,1.0,0.001999999862164259
0.5904288171480447,0.8923766800106374,0.002059591116188122,1.0,0.001999999862164259
0.5899429085314422,0.8968609849433727,0.0019421883893207706,1.0,0.001999999862164259
