precision,accuracy,recall,duration,f1,auc
0.7386324786324786,0.8082191780821918,0.6580389166596063,22.526493787765503,0.6338327666121177,0.8676778267295507
