precision,accuracy,recall,duration,f1,auc
0.8195028011204482,0.85,0.8622828784119108,6.110717296600342,0.832560714038608,0.062133995037220856
