precision,accuracy,recall,duration,f1,auc
0.9403409090909092,0.9045454545454545,0.8384615384615385,1369.7256908416748,0.8719476703899776,0.0029776674937965287
