precision,accuracy,recall,duration,f1,auc
0.7747058823529411,0.8045454545454546,0.7317617866004963,46.485840797424316,0.7468896321070233,0.13121588089330027
