precision,accuracy,recall,duration,f1,auc
0.8835227272727273,0.8681818181818182,0.7947890818858561,195.2274625301361,0.8231658305385405,0.057766749379652614
