precision,accuracy,recall,duration,f1,auc
0.8983516483516484,0.8954545454545455,0.8454094292803971,2649.431309223175,0.8661056865391231,0.06699751861042184
