precision,accuracy,recall,duration,f1,auc
0.6382113821138211,0.7077625570776256,0.5574171350033419,225.5435347557068,0.5633370779504462,0.8932674837847253
