precision,accuracy,recall,duration,f1,auc
0.5477443609022556,0.8045454545454546,0.6451108213820078,19.330987691879272,0.5924459838363846,0.8321270422965338
