precision,accuracy,recall,duration,f1,auc
0.6385231626610937,0.672566371681416,0.6005324971665388,15.198858976364136,0.6092554131918928,0.8198579935868072
