precision,accuracy,recall,duration,f1,auc
0.7579257246376812,0.7818181818181819,0.7942034603051553,222.1379590034485,0.7570153028591896,0.9500287771474212
