precision,accuracy,recall,duration,f1,auc
0.8851851851851852,0.7256637168141593,0.5536099479761452,264.2782173156738,0.5401466522125726,0.8743824989945782
