precision,accuracy,recall,duration,f1,auc
0.8345983554712207,0.8053097345132744,0.7179367240240957,21.573328018188477,0.7279600941951342,0.8316069112798643
