precision,accuracy,recall,duration,f1,auc
0.9967948717948718,0.9954545454545455,0.9923076923076923,574.9859268665314,0.9945163139659513,0.0
