precision,accuracy,recall,duration,f1,auc
0.5428049780162456,0.7227272727272728,0.5843240894088352,26.622368574142456,0.5525684490176251,0.7592544956951736
