precision,accuracy,recall,duration,f1,auc
0.5645813881107998,0.7853881278538812,0.6270463253221874,239.58153581619263,0.5903384148391497,0.7929392950944676
