precision,accuracy,recall,duration,f1,auc
0.9605836236933798,0.95,0.9198511166253102,543.6270885467529,0.9373040752351096,0.0009925558312655113
