precision,accuracy,recall,duration,f1,auc
0.328042328042328,0.5636363636363636,0.4,854.8498692512512,0.36046511627906974,0.3254590570719603
