precision,accuracy,recall,duration,f1,auc
0.5977599016814703,0.740909090909091,0.5879142300194932,21.91318392753601,0.577196804647785,0.7718975281728319
