precision,accuracy,recall,duration,f1,auc
0.7286929929530648,0.7772727272727272,0.7378989158650175,1297.2114472389221,0.731259841126621,0.8928585691297556
