precision,accuracy,recall,duration,f1,auc
0.8989100707850707,0.8495575221238938,0.7405753808236502,841.0892198085785,0.7717725686765934,0.9309124713159088
