precision,accuracy,recall,duration,f1,auc
0.7749555499110998,0.8,0.8223325062034739,7.023672819137573,0.782745309273723,0.0951861042183623
