precision,accuracy,recall,duration,f1,auc
0.6289333396235316,0.6902654867256637,0.6080919783474092,99.46903252601624,0.6057514753166927,0.7682642656980208
