precision,accuracy,recall,duration,f1,auc
0.8,0.8272727272727273,0.7702233250620347,57.49818968772888,0.7822916666666666,0.17349875930521091
