val_loss,val_acc,loss,acc,lr
0.22629861908844184,0.8778280542986425,0.3397496874522732,0.8493975903614458,9.999999747378752e-06
0.3420788431760056,0.8642533936651584,0.2526300531497831,0.9006024096385542,9.999999747378752e-06
0.1829813878897133,0.9049773755656109,0.25036553712000686,0.8870481927710844,9.999999747378752e-06
0.2639303452179112,0.8687782805429864,0.19375508253922663,0.927710843373494,9.999999747378752e-06
0.3699934698499863,0.8461538461538461,0.2173998031192964,0.911144578313253,9.999999747378752e-06
0.2898661166718245,0.8778280542986425,0.1603939833613225,0.9503012048192772,9.999999747378752e-06
0.3381036598806885,0.8823529411764706,0.1831499936216208,0.9412650602409639,9.999999747378752e-06
0.4830954952120162,0.8778280542986425,0.16934354760661632,0.9397590361445783,9.999999747378752e-06
0.23545583219629612,0.9004524886877828,0.1666313089424722,0.9457831325301205,9.999999747378752e-06
0.38443846734453596,0.8959276018099548,0.16211594177230473,0.9427710843373494,9.999999747378752e-06
0.5488084392648784,0.8959276018099548,0.1577650269111955,0.9412650602409639,9.999999747378752e-06
0.4345772903465767,0.8914027149321267,0.1577229488483933,0.9412650602409639,9.999999747378752e-06
0.5113848109563953,0.8868778280542986,0.1851794069144785,0.9412650602409639,9.999999747378752e-06
0.4391867044226714,0.9004524886877828,0.15641220546248985,0.9503012048192772,4.999999873689376e-06
0.47366607174236414,0.9004524886877828,0.15193067360332752,0.9518072289156626,4.999999873689376e-06
0.48529306531720184,0.9004524886877828,0.15841837266056114,0.9412650602409639,4.999999873689376e-06
0.4729052901543603,0.9004524886877828,0.1511283365235361,0.9427710843373494,4.999999873689376e-06
0.4359554451428974,0.9004524886877828,0.16607471169477486,0.9397590361445783,4.999999873689376e-06
