val_loss,val_acc,loss,acc,lr
3.2505252119912282,0.6923076928471008,0.44399054905018176,0.8599397583180163,0.009999999776482582
4.732576933954905,0.579185520361991,0.1681886114269854,0.9472891559083778,0.009999999776482582
2.8553106342505545,0.723981899778228,0.18679911041834268,0.9487951807228916,0.009999999776482582
3.199937880848328,0.6651583672648641,0.0516366010127836,0.9789156633687307,0.009999999776482582
1.75944487136953,0.7511312222588655,0.03387838403598955,0.9864457831325302,0.009999999776482582
1.2756978160115928,0.8461538483114803,0.01350616948701531,0.9954819277108434,0.009999999776482582
1.3057303687566006,0.8099547532888559,0.00796834154598729,0.9969879518072289,0.009999999776482582
1.2211433729974392,0.8733031671511102,0.012955107877636889,0.9969879518072289,0.009999999776482582
1.625053041121539,0.7556561107549192,0.031649041309369255,0.989457830607173,0.009999999776482582
1.8675790868733264,0.6787330338318424,0.011208409314458987,0.9954819269927151,0.009999999776482582
1.6247721635378325,0.6696832546821008,0.004984325608687408,0.9984939759036144,0.009999999776482582
1.4447848661992344,0.8959276035630326,0.007335640238990715,0.9984939759036144,0.009999999776482582
1.2958179912213825,0.8914027166852044,0.008876655748884014,0.9984939759036144,0.009999999776482582
1.3497915029298193,0.8914027166852044,0.0022140414852379674,0.9984939759036144,0.0009999999310821295
1.3661406983440212,0.8914027166852044,0.0018878817005666445,1.0,0.0009999999310821295
1.3679294542607543,0.8914027166852044,0.0006732040755338518,1.0,0.0009999999310821295
1.374534886684353,0.8959276035630326,0.0033659195448187775,0.9984939751854862,0.0009999999310821295
1.4554971532044907,0.8823529429295484,0.002218331819742424,1.0,0.0009999999310821295
1.4029172909745264,0.8868778298073764,0.0008152768791057814,1.0,9.99999901978299e-05
1.3651578152611246,0.8959276035630326,0.0008943975034887981,1.0,9.99999901978299e-05
1.3399925336444,0.8959276035630326,0.001075513424570616,1.0,9.99999901978299e-05
1.333175258601413,0.8959276035630326,0.0052431268369952915,0.9984939759036144,9.99999901978299e-05
1.3605160540247934,0.8959276035630326,0.0024989255569336645,1.0,9.99999901978299e-05
