precision,accuracy,recall,duration,f1,auc
0.8574766355140186,0.7214611872146118,0.5378787878787878,30.879858016967773,0.4873162681812949,0.02168746286393345
