precision,accuracy,recall,duration,f1,auc
0.5046568374746537,0.7363636363636363,0.5732193732193732,23.61396837234497,0.5322061191626409,0.7527549972894102
