precision,accuracy,recall,duration,f1,auc
0.8604651162790697,0.7272727272727273,0.5384615384615384,63.20378851890564,0.49034749034749037,0.07007444168734492
