val_loss,val_acc,loss,acc,lr
0.49399579751275785,0.7647058826226455,0.579742724277887,0.7198795180722891,0.0010000000474974513
0.41748717386798084,0.7918552036199095,0.41440850963075476,0.8042168674698795,0.0010000000474974513
0.42251392347712863,0.8099547511312217,0.298299181353615,0.8734939759036144,0.0010000000474974513
0.47248112170944384,0.7918552036199095,0.27716483310403595,0.8810240963855421,0.0010000000474974513
0.46302872096352715,0.814479638278754,0.22646382801144957,0.8930722891566265,0.0010000000474974513
0.5345939721667726,0.8009049773755657,0.20505997846015248,0.9201807228915663,0.0010000000474974513
0.3967453828882173,0.8597285067873304,0.26777706295251846,0.8840361445783133,0.0010000000474974513
0.6966740274032772,0.7828054301339576,0.216046036995319,0.9141566265060241,0.0010000000474974513
0.9464428668843826,0.7511312219891613,0.18473777511572265,0.927710843373494,0.0010000000474974513
0.42537847123260514,0.8461538464235504,0.15507347266896662,0.9382530120481928,0.0010000000474974513
0.5628904420403106,0.8009049773755657,0.12345644055181239,0.9548192771084337,0.0010000000474974513
0.5929169141101689,0.8009049776452699,0.1929432572011488,0.9021084337349398,0.0010000000474974513
0.42903344724348397,0.8597285067873304,0.21684745810252715,0.9021084337349398,0.0010000000474974513
0.6057655246616489,0.814479638278754,0.1250767110880599,0.947289156626506,0.0010000000474974513
0.6628694431453298,0.7873303170117857,0.13109511770981264,0.9457831325301205,0.0010000000474974513
0.6948164012779564,0.8054298642533937,0.11052856349992196,0.9578313253012049,0.0010000000474974513
0.6613447655624988,0.8325791857900663,0.14772867445037308,0.9382530120481928,0.0010000000474974513
0.63485838455157,0.8325791857900663,0.08835428879674838,0.9713855421686747,0.00020000000949949026
0.7425823739720077,0.814479638278754,0.0874201971476516,0.9698795180722891,0.00020000000949949026
0.762230301427558,0.805429864523098,0.0712472513915567,0.9759036144578314,0.00020000000949949026
0.5469745651542787,0.8371040726678943,0.05808034442724234,0.9804216867469879,0.00020000000949949026
0.5044399337168537,0.8325791857900663,0.0612622246606253,0.9774096385542169,0.00020000000949949026
