precision,accuracy,recall,duration,f1,auc
0.681081081081081,0.7363636363636363,0.6163771712158809,272.4421458244324,0.6247058823529411,0.22133995037220844
