precision,accuracy,recall,duration,f1,auc
0.5698301698301699,0.8082191780821918,0.64576802507837,513.9823648929596,0.6020921685043823,0.8745028335545578
