precision,accuracy,recall,duration,f1,auc
0.4427015250544662,0.6090909090909091,0.5098218166014776,1049.9725239276886,0.44287356321839083,0.6617654486298554
