precision,accuracy,recall,duration,f1,auc
0.8132318501170961,0.8318181818181818,0.8717121588089329,5.0680177211761475,0.8197160638745542,0.03374689826302729
