val_loss,val_acc,loss,acc,lr
0.6455761883825465,0.6233183847147253,0.5940003040333889,0.6933534750405396,0.0010000000474974513
0.488644002531676,0.7488789217621756,0.4444241024036062,0.8036253780036534,0.0010000000474974513
0.44358689768966536,0.7309417028330901,0.2981471806494491,0.8776435054320944,0.0010000000474974513
0.4693162890293138,0.8026905812222861,0.22591911647975266,0.9259818725715591,0.0010000000474974513
0.38328187080776743,0.8206278002850144,0.20385991385786195,0.9184290039215203,0.0010000000474974513
0.4594089148290489,0.8206278010868705,0.16912702230168253,0.9441087607890818,0.0010000000474974513
0.36772915827853797,0.8251121064205341,0.18207487016015902,0.9441087613293051,0.0010000000474974513
0.46834598715529846,0.8385650208178123,0.1822401577792499,0.9335347441027892,0.0010000000474974513
0.35506361970185163,0.8340807161523622,0.12040927884621923,0.9728096671334926,0.0010000000474974513
0.39733532164663476,0.8385650212187403,0.11502693404423867,0.9682779465197077,0.0010000000474974513
0.4607321035968883,0.8340807162860049,0.10727517698466597,0.9667673710609851,0.0010000000474974513
0.37523401157738384,0.8430493262851185,0.08969160209879774,0.9833836858006042,0.0010000000474974513
0.35964062008087944,0.8654708504142248,0.08928692941849325,0.968277945079112,0.0010000000474974513
0.4918265789747238,0.8295964113532694,0.07661956845813647,0.981873111242254,0.0010000000474974513
0.5740262450391401,0.8161434962877778,0.06277526856549197,0.9909365558912386,0.0005000000237487257
0.48237262866689484,0.8295964113532694,0.0637793440788174,0.9773413897280967,0.0005000000237487257
0.4639569843697441,0.8295964113532694,0.05399731613042852,0.986404833836858,0.0005000000237487257
0.4717239159505998,0.8295964113532694,0.05057851177868166,0.9848942592785077,0.0005000000237487257
0.48274946737316154,0.8295964113532694,0.049056409844098856,0.9879154087553572,0.0005000000237487257
0.4888928294716395,0.8295964113532694,0.04774312484795593,0.9864048332966346,0.0002500000118743628
0.5299038940481007,0.8251121064205341,0.04539648420247742,0.9909365558912386,0.0002500000118743628
0.4535541563157009,0.8251121065541768,0.04184573861767518,0.9924471293691421,0.0002500000118743628
0.44808463394775516,0.8295964114869122,0.04291086090205299,0.9909365558912386,0.0002500000118743628
0.4430339820181842,0.8251121065541768,0.04376194762274218,0.9909365558912386,0.0002500000118743628
