precision,accuracy,recall,duration,f1,auc
0.7411341134113411,0.7727272727272727,0.7575073117445998,784.0798680782318,0.7416751696361651,0.9001403620047688
