precision,accuracy,recall,duration,f1,auc
0.9067352834958469,0.9318181818181818,0.9471464019851117,516.9717481136322,0.9222999222999223,0.009230769230769235
