precision,accuracy,recall,duration,f1,auc
0.580168776371308,0.8090909090909091,0.643328987396784,270.48564171791077,0.6053600184034966,0.8759599234175505
