precision,accuracy,recall,duration,f1,auc
0.925,0.8767123287671232,0.7954545454545454,18.689213514328003,0.8308880308880309,0.06862745098039216
