precision,accuracy,recall,duration,f1,auc
0.5321345321345321,0.8,0.6376792698826597,20.76356816291809,0.5801269944057704,0.7951354875083689
