val_loss,val_acc,loss,acc,lr
5.032346736252038,0.6877827881687907,4.441141309328826,0.6777108485799238,0.009999999776482582
5.032346736252038,0.6877827881687907,4.806299697921936,0.7018072348402207,0.009999999776482582
5.032346736252038,0.6877827881687907,4.806299646934831,0.7018072319677077,0.009999999776482582
5.032346736252038,0.6877827881687907,4.806299555732544,0.7018072289156626,0.009999999776482582
5.032346736252038,0.6877827881687907,4.806299765425992,0.7018072319677077,0.009999999776482582
5.032346736252038,0.6877827881687907,4.806299527007413,0.7018072246068932,0.009999999776482582
5.032346736252038,0.6877827881687907,4.806299599538367,0.7018072260431496,0.001999999862164259
5.032346736252038,0.6877827881687907,4.806299575840134,0.7018072260431496,0.001999999862164259
5.032346736252038,0.6877827881687907,4.806299646934831,0.7018072319677077,0.001999999862164259
5.032346736252038,0.6877827881687907,4.8062995794307755,0.7018072289156626,0.001999999862164259
5.032346736252038,0.6877827881687907,4.806299552141902,0.7018072260431496,0.001999999862164259
5.032346736252038,0.6877827881687907,4.806299670633063,0.7018072319677077,0.0003999999607913196
5.032346736252038,0.6877827881687907,4.806299695767552,0.7018072274794062,0.0003999999607913196
5.032346736252038,0.6877827881687907,4.806299672069319,0.7018072334039642,0.0003999999607913196
5.032346736252038,0.6877827881687907,4.806299624672855,0.7018072274794062,0.0003999999607913196
5.032346736252038,0.6877827881687907,4.80629959810211,0.7018072246068932,0.0003999999607913196
