precision,accuracy,recall,duration,f1,auc
0.7358823529411764,0.7772727272727272,0.6990074441687345,20.169050931930542,0.711571906354515,0.1558312655086849
