precision,accuracy,recall,duration,f1,auc
0.4952994896588772,0.7045454545454546,0.5646723646723647,40.3435173034668,0.5266969705632903,0.7480039678420245
