precision,accuracy,recall,duration,f1,auc
0.80193336613448,0.8454545454545455,0.7950691238826834,1743.94229221344,0.7981102920015054,0.9504187368594148
