val_loss,val_acc,loss,acc,lr
0.5790090884328423,0.7040358727021068,1.402123744574198,0.6450151064604791,0.009999999776482582
0.4049030104025597,0.8385650210850977,0.4362206792183153,0.809667674076161,0.009999999776482582
0.426093408345107,0.8475336305496404,0.22563959725673827,0.9138972813269163,0.009999999776482582
0.29574884962073356,0.9013452893415375,0.18081410917990878,0.9199395770392749,0.009999999776482582
0.2887014931092882,0.9237668137379291,0.13983673399758842,0.9441087607890818,0.009999999776482582
0.4398436573847727,0.9192825090724791,0.1224934854446221,0.9486404842840581,0.009999999776482582
0.4058382260558851,0.9192825090724791,0.09207421172061356,0.9652567979432305,0.009999999776482582
0.4783267919558848,0.9192825130817601,0.07598644643571802,0.9712990945559614,0.009999999776482582
0.546260706252928,0.910313899340651,0.0920831267679746,0.9682779456193353,0.009999999776482582
0.7373990827143995,0.8789237644105748,0.1508935029953268,0.9350453181209161,0.009999999776482582
0.6061871895157301,0.8923766801442801,0.15614285743218534,0.9425981873111783,0.009999999776482582
0.47040133037909265,0.9058295940069875,0.07082854971300889,0.9652567975830816,0.009999999776482582
0.5181685807392201,0.9237668180144956,0.06719032592868877,0.9697885196374623,0.009999999776482582
0.6078206076048682,0.887892375077902,0.05129592498803787,0.9788519632060002,0.009999999776482582
0.5744813548760163,0.9237668180144956,0.04835727584641145,0.9803625372241271,0.009999999776482582
0.5664699405281399,0.9282511186706646,0.05512945556568595,0.9788519632060002,0.001999999862164259
0.591369914667756,0.910313899340651,0.03854711543138384,0.9879154078549849,0.001999999862164259
0.5891882172814934,0.910313899340651,0.03517138664230839,0.9894259813328884,0.001999999862164259
0.5852835074468044,0.9147982041397437,0.03449933811617042,0.9909365553510153,0.001999999862164259
0.5954509310157042,0.9147982041397437,0.03371010284612006,0.9894259818731118,0.001999999862164259
