precision,accuracy,recall,duration,f1,auc
0.7366459627329192,0.7454545454545455,0.7836228287841192,1783.0413494110107,0.7315904139433551,0.11464019851116626
