val_loss,val_acc,loss,acc,lr
1.5867174959202786,0.35874439461883406,0.6577104671754146,0.5996978851963746,9.999999974752427e-07
1.4698936986181501,0.40358744394618834,0.5503368016186078,0.7507552870090635,9.999999974752427e-07
1.3480462092204613,0.4618834080717489,0.4817370303267799,0.8006042296072508,9.999999974752427e-07
1.0987004674887577,0.5201793721973094,0.4515374116937199,0.8338368580060423,9.999999974752427e-07
1.1885010413115535,0.47533632286995514,0.43405668759364013,0.8308157099697885,9.999999974752427e-07
1.1124752852355753,0.5291479820627802,0.391589633805334,0.8655589123867069,9.999999974752427e-07
1.1933237176655787,0.484304932735426,0.40771085636133153,0.8353474320241692,9.999999974752427e-07
1.1999129416596461,0.5201793721973094,0.41451650193900863,0.8217522658610272,9.999999974752427e-07
1.0848750725029361,0.5874439461883408,0.39946216542915275,0.8308157099697885,9.999999974752427e-07
0.9529591770090932,0.6278026905829597,0.334569436793421,0.8972809667673716,9.999999974752427e-07
1.0476901857787952,0.5964125560538116,0.353615631757366,0.8534743202416919,9.999999974752427e-07
1.0431658741182777,0.5829596412556054,0.34556380488271077,0.8746223564954683,9.999999974752427e-07
1.1087685183250249,0.5739910313901345,0.3812044632601414,0.8398791540785498,9.999999974752427e-07
1.170033707303275,0.5695067264573991,0.3451756604488523,0.8700906344410876,9.999999974752427e-07
1.0970080335511756,0.6098654708520179,0.36277570940126463,0.8655589123867069,9.999999974752427e-07
1.150060553984892,0.6053811659192825,0.33920079911988665,0.8836858006042296,9.999999974752427e-07
1.0752984663918448,0.6367713004484304,0.33545763656677074,0.877643504531722,9.999999974752427e-07
1.1176490271004593,0.6367713004484304,0.36549080880724594,0.8489425981873112,9.999999974752427e-07
1.203774993565777,0.6143497757847534,0.3418816857580152,0.8700906344410876,9.999999974752427e-07
1.198349992063882,0.6233183856502242,0.34142279807827086,0.8700906344410876,9.999999974752427e-07
1.1084116847262688,0.6547085201793722,0.33799687363319886,0.8806646525679759,1.0000000116860974e-07
1.218071324423983,0.6233183856502242,0.32722920728594157,0.879154078549849,1.0000000116860974e-07
1.4968416961291053,0.5515695067264574,0.3544702477910728,0.8595166163141994,1.0000000116860974e-07
1.3034094491693704,0.5829596412556054,0.3511113321065362,0.8731117824773413,1.0000000116860974e-07
1.2937496325153557,0.5739910313901345,0.3266979927686676,0.8731117824773413,1.0000000116860974e-07
