precision,accuracy,recall,duration,f1,auc
0.66335585340162,0.7636363636363637,0.6395261658419553,84.6697211265564,0.6436818268801429,0.8210139912569062
