precision,accuracy,recall,duration,f1,auc
0.9936305732484076,0.990909090909091,0.9846153846153847,1280.2119054794312,0.9889823717948718,0.0
