precision,accuracy,recall,duration,f1,auc
0.5815295815295816,0.8272727272727273,0.6638418079096046,15.65723729133606,0.6175535099535997,0.9591323396408141
