precision,accuracy,recall,duration,f1,auc
0.6953645605330999,0.6409090909090909,0.6772895450861552,1600.5320999622345,0.6467619526443057,0.8404224955072412
