precision,accuracy,recall,duration,f1,auc
0.5854700854700855,0.8272727272727273,0.6615384615384615,37.54143476486206,0.6178539768762142,0.9591223557325251
