precision,accuracy,recall,duration,f1,auc
0.3493150684931507,0.6986301369863014,0.5,64.45573091506958,0.41129032258064513,0.3144186967716379
