precision,accuracy,recall,duration,f1,auc
0.5334632878492527,0.6210045662100456,0.5306001188354129,1650.630844116211,0.5308555942702284,0.28193701723113485
