val_loss,val_acc,loss,acc,lr
7.516959271623417,0.5336322869955157,7.234804085734387,0.5226586099117544,0.009999999776482582
7.516959271623417,0.5336322869955157,7.5964437957256585,0.528700906794597,0.009999999776482582
7.516959271623417,0.5336322869955157,7.596443778438511,0.5287009062543736,0.009999999776482582
7.516959271623417,0.5336322869955157,7.596443789963276,0.5287009062543736,0.009999999776482582
7.516959271623417,0.5336322869955157,7.596443704968133,0.5287009068846342,0.009999999776482582
7.516959271623417,0.5336322869955157,7.5964438562306755,0.5287009063444109,0.009999999776482582
7.516959271623417,0.5336322869955157,7.596443787082085,0.5287009063444109,0.001999999862164259
7.516959271623417,0.5336322869955157,7.596443784200893,0.528700906794597,0.001999999862164259
7.516959271623417,0.5336322869955157,7.596443869196036,0.5287009054440386,0.001999999862164259
7.516959271623417,0.5336322869955157,7.596443843265314,0.5287009068846342,0.001999999862164259
7.516959271623417,0.5336322869955157,7.596443827418763,0.5287009065244853,0.001999999862164259
7.516959271623417,0.5336322869955157,7.596443758270172,0.5287009065244853,0.0003999999607913196
7.516959271623417,0.5336322869955157,7.5964437539483844,0.5287009054440386,0.0003999999607913196
7.516959271623417,0.5336322869955157,7.5964438763990145,0.528700906794597,0.0003999999607913196
7.516959271623417,0.5336322869955157,7.596443748186002,0.528700905984262,0.0003999999607913196
7.516959271623417,0.5336322869955157,7.596443981562496,0.5287009068846342,0.0003999999607913196
