precision,accuracy,recall,duration,f1,auc
0.8715232928614485,0.8938053097345132,0.8920490686051794,14.897034168243408,0.8802649006622516,0.04652430713312131
