precision,accuracy,recall,duration,f1,auc
0.7333722855195248,0.7699115044247787,0.7177646524307133,225.1467707157135,0.7242091429644231,0.2060881417537483
