precision,accuracy,recall,duration,f1,auc
0.6158029571073049,0.6818181818181818,0.6183235867446394,932.6240272521973,0.5947657662352239,0.8240734973528495
