precision,accuracy,recall,duration,f1,auc
0.7133363471971067,0.8090909090909091,0.7051704899162526,2292.0048213005066,0.6970698240982216,0.9106945276436802
