precision,accuracy,recall,duration,f1,auc
0.6953971419076105,0.7272727272727273,0.7316877503318181,39.00330400466919,0.6956119204835272,0.9187251136403679
