precision,accuracy,recall,duration,f1,auc
0.6537221431958274,0.65,0.6813618050906186,51.290491580963135,0.6323238131748771,0.8578720180415096
