precision,accuracy,recall,duration,f1,auc
0.17727272727272728,0.5318181818181819,0.3333333333333333,79.36294794082642,0.23145400593471813,0.7165986135621764
